path,vanilla-10 result,vanilla-10 time,vanilla-10 memory,hybrid-10-clausal-lookahead result,hybrid-10-clausal-lookahead time,hybrid-10-clausal-lookahead memory,hybrid-10-lookahead result,hybrid-10-lookahead time,hybrid-10-lookahead memory
/home/ceisenhofer/SMTLIB/BenchMin/QF_UFLIA/TwoSquares/smtlib.606709.smt2,UNSAT,13,18280,UNSAT,17,18300,UNSAT,11,18300
/home/ceisenhofer/SMTLIB/BenchMin/QF_UFLIA/TwoSquares/smtlib.602033.smt2,UNSAT,14,17880,UNSAT,15,17900,UNSAT,11,17900
/home/ceisenhofer/SMTLIB/BenchMin/QF_UFLIA/TwoSquares/smtlib.606727.smt2,UNSAT,14,18280,UNSAT,15,18300,UNSAT,11,18300
/home/ceisenhofer/SMTLIB/BenchMin/QF_UFLIA/TwoSquares/smtlib.602059.smt2,UNSAT,14,17880,UNSAT,15,17900,UNSAT,11,17900
/home/ceisenhofer/SMTLIB/BenchMin/QF_UFLIA/TwoSquares/smtlib.686091.smt2,UNSAT,13,17880,UNSAT,17,17900,UNSAT,11,17900
/home/ceisenhofer/SMTLIB/BenchMin/QF_UFLIA/TwoSquares/smtlib.666078.smt2,UNSAT,16,18280,UNSAT,13,18300,UNSAT,11,18300
/home/ceisenhofer/SMTLIB/BenchMin/QF_UFLIA/TwoSquares/smtlib.675482.smt2,UNSAT,16,18280,UNSAT,13,18300,UNSAT,12,18300
/home/ceisenhofer/SMTLIB/BenchMin/QF_UFLIA/TwoSquares/smtlib.686126.smt2,UNSAT,15,17880,UNSAT,13,17900,UNSAT,12,17900
/home/ceisenhofer/SMTLIB/BenchMin/QF_UFLIA/TwoSquares/smtlib.675513.smt2,UNSAT,12,18280,UNSAT,17,18300,UNSAT,13,18300
/home/ceisenhofer/SMTLIB/BenchMin/QF_UFLIA/TwoSquares/smtlib.602046.smt2,UNSAT,12,17880,UNSAT,17,17900,UNSAT,13,17900
/home/ceisenhofer/SMTLIB/BenchMin/QF_UFLIA/TwoSquares/smtlib.675451.smt2,UNSAT,18,18280,UNSAT,11,18300,UNSAT,15,18300
/home/ceisenhofer/SMTLIB/BenchMin/QF_UFLIA/TwoSquares/smtlib.606691.smt2,UNSAT,12,18280,UNSAT,17,18300,UNSAT,17,18300
/home/ceisenhofer/SMTLIB/BenchMin/QF_UFLIA/TwoSquares/smtlib.666132.smt2,UNSAT,15,18280,UNSAT,13,18300,UNSAT,17,18300
/home/ceisenhofer/SMTLIB/BenchMin/QF_UFLIA/TwoSquares/smtlib.666105.smt2,UNSAT,14,18280,UNSAT,15,18300,UNSAT,18,18300
/home/ceisenhofer/SMTLIB/BenchMin/QF_UFLIA/TwoSquares/smtlib.686056.smt2,UNSAT,15,17880,UNSAT,22,17900,UNSAT,11,17900
/home/ceisenhofer/SMTLIB/BenchMin/QF_UFLIA/TwoSquares/smtlib.604654.smt2,SAT,15,18280,SAT,20,50990,SAT,20,50990
/home/ceisenhofer/SMTLIB/BenchMin/QF_UFLIA/TwoSquares/smtlib.639533.smt2,SAT,15,18280,SAT,22,50990,SAT,20,50990
/home/ceisenhofer/SMTLIB/BenchMin/QF_UFLIA/TwoSquares/smtlib.769286.smt2,UNSAT,14,18280,UNSAT,22,50990,UNSAT,24,50990
/home/ceisenhofer/SMTLIB/BenchMin/QF_UFLIA/TwoSquares/smtlib.621344.smt2,SAT,12,18280,SAT,23,50990,SAT,24,50990
/home/ceisenhofer/SMTLIB/BenchMin/QF_UFLIA/TwoSquares/smtlib.688318.smt2,SAT,12,18280,SAT,25,50990,SAT,24,50990
/home/ceisenhofer/SMTLIB/BenchMin/QF_UFLIA/TwoSquares/smtlib.598294.smt2,SAT,18,18280,SAT,29,50990,SAT,18,50990
/home/ceisenhofer/SMTLIB/BenchMin/QF_UFLIA/20230314-Jaroslav-Bendik-Certora/65782_cd31513fdcd15701933b_6_QF_UFLIA.smt2,SAT,74,20330,SAT,92,54580,SAT,124,54680
/home/ceisenhofer/SMTLIB/BenchMin/QF_UFLIA/20230314-Jaroslav-Bendik-Certora/63058_aa742630eef64f949de269382c1f9035_25_UFLIA.smt2,UNSAT,95,22340,UNSAT,120,58760,UNSAT,120,58760
/home/ceisenhofer/SMTLIB/BenchMin/QF_UFLIA/20230314-Jaroslav-Bendik-Certora/44788_1965f0d6d94d5d8054ba_34_QF_UFLIA.smt2,SAT,129,23970,SAT,157,60370,SAT,157,60560
/home/ceisenhofer/SMTLIB/BenchMin/QF_UFLIA/20230314-Jaroslav-Bendik-Certora/65782_cd31513fdcd15701933b_7_QF_UFLIA.smt2,SAT,132,23920,SAT,182,61490,SAT,163,61590
/home/ceisenhofer/SMTLIB/BenchMin/QF_UFLIA/20230314-Jaroslav-Bendik-Certora/3106_1c933134166dbad31f79_40_QF_UFLIA.smt2,SAT,180,23010,SAT,201,59090,SAT,253,59290
/home/ceisenhofer/SMTLIB/BenchMin/QF_UFLIA/20230314-Jaroslav-Bendik-Certora/65782_cd31513fdcd15701933b_8_QF_UFLIA.smt2,SAT,225,24320,SAT,287,62120,SAT,487,62310
/home/ceisenhofer/SMTLIB/BenchMin/QF_UFLIA/20230314-Jaroslav-Bendik-Certora/44788_1965f0d6d94d5d8054ba_35_QF_UFLIA.smt2,UNSAT,582,33980,UNSAT,718,76420,UNSAT,644,76860
/home/ceisenhofer/SMTLIB/BenchMin/QF_UFLIA/20230314-Jaroslav-Bendik-Certora/11775_ad46e5b8db4748c51973_43_QF_UFLIA.smt2,SAT,484,32450,SAT,607,77720,SAT,1014,79000
/home/ceisenhofer/SMTLIB/BenchMin/QF_UFLIA/20230314-Jaroslav-Bendik-Certora/38347_092cc73601c78e45f4f9_58_QF_UFLIA.smt2,SAT,614,28800,SAT,687,68010,SAT,828,68330
/home/ceisenhofer/SMTLIB/BenchMin/QF_UFLIA/20230314-Jaroslav-Bendik-Certora/11775_ad46e5b8db4748c51973_42_QF_UFLIA.smt2,SAT,1385,39290,SAT,1622,88730,SAT,1964,89400
/home/ceisenhofer/SMTLIB/BenchMin/QF_UFLIA/20230314-Jaroslav-Bendik-Certora/17512_5c1021b0faa6b6e1791b_21_QF_UFLIA.smt2,UNSAT,2876,62360,UNSAT,3206,121530,UNSAT,4002,122840
/home/ceisenhofer/SMTLIB/BenchMin/QF_UFLIA/20230314-Jaroslav-Bendik-Certora/72658_63104dadde9c6026353f_70_QF_UFLIA.smt2,SAT,2983,59670,SAT,3748,114070,SAT,3885,114900
/home/ceisenhofer/SMTLIB/BenchMin/QF_UFLIA/20230314-Jaroslav-Bendik-Certora/41958_32933c5a1384696720a2_63_QF_UFLIA.smt2,SAT,3446,30910,SAT,3786,72300,SAT,3847,72230
/home/ceisenhofer/SMTLIB/BenchMin/QF_UFLIA/20230314-Jaroslav-Bendik-Certora/3106_1c933134166dbad31f79_41_QF_UFLIA.smt2,SAT,4037,44950,SAT,4658,95250,UNKNOWN,10035,95600
/home/ceisenhofer/SMTLIB/BenchMin/QF_UFLIA/wisas/xs_9_14.smt2,UNSAT,72,18780,UNSAT,91,51920,UNSAT,98,51920
/home/ceisenhofer/SMTLIB/BenchMin/QF_UFLIA/wisas/xs_39_39.smt2,SAT,96,20360,SAT,97,54700,SAT,67,54610
/home/ceisenhofer/SMTLIB/BenchMin/QF_UFLIA/20230314-Jaroslav-Bendik-Certora/41958_45c688a4814eb926c254_59_QF_UFLIA.smt2,SAT,3530,66300,SAT,3915,121800,UNKNOWN,10029,122070
/home/ceisenhofer/SMTLIB/BenchMin/QF_UFLIA/wisas/xs_5_10.smt2,UNSAT,40,18270,UNSAT,44,18280,UNSAT,39,18280
/home/ceisenhofer/SMTLIB/BenchMin/QF_UFLIA/wisas/xs_7_12.smt2,UNSAT,48,18680,UNSAT,68,51660,UNSAT,75,51660
/home/ceisenhofer/SMTLIB/BenchMin/QF_UFLIA/wisas/xs_37_37.smt2,SAT,125,20350,SAT,72,54580,SAT,68,54410
/home/ceisenhofer/SMTLIB/BenchMin/QF_UFLIA/wisas/xs_38_38.smt2,SAT,192,20640,SAT,202,54960,SAT,155,54870
/home/ceisenhofer/SMTLIB/BenchMin/QF_UFLIA/20230314-Jaroslav-Bendik-Certora/44289_e5a2e5c780236919ee6a_18_QF_UFLIA.smt2,SAT,4425,86170,SAT,6311,155940,SAT,9490,155950
/home/ceisenhofer/SMTLIB/BenchMin/QF_UFLIA/wisas/xs_9_9.smt2,SAT,74,18790,SAT,76,51720,SAT,66,51720
/home/ceisenhofer/SMTLIB/BenchMin/QF_UFLIA/wisas/xs_36_36.smt2,SAT,100,20150,SAT,113,54270,SAT,109,54400
/home/ceisenhofer/SMTLIB/BenchMin/QF_UFLIA/wisas/xs_7_7.smt2,SAT,45,18580,SAT,66,51560,SAT,60,51560
/home/ceisenhofer/SMTLIB/BenchMin/QF_UFLIA/wisas/xs_32_32.smt2,SAT,75,19920,SAT,96,53980,SAT,103,54020
/home/ceisenhofer/SMTLIB/BenchMin/QF_UFLIA/20230314-Jaroslav-Bendik-Certora/44289_e5a2e5c780236919ee6a_17_QF_UFLIA.smt2,SAT,4748,82390,SAT,6955,150920,SAT,9137,150820
/home/ceisenhofer/SMTLIB/BenchMin/QF_UFLIA/wisas/xs_34_34.smt2,SAT,120,20520,SAT,140,54660,SAT,135,54700
/home/ceisenhofer/SMTLIB/BenchMin/QF_UFLIA/wisas/xs_35_35.smt2,SAT,296,20940,SAT,243,55160,SAT,153,55140
/home/ceisenhofer/SMTLIB/BenchMin/QF_UFLIA/wisas/xs_30_30.smt2,SAT,40,19870,SAT,85,53840,SAT,84,53830
/home/ceisenhofer/SMTLIB/BenchMin/QF_UFLIA/wisas/xs_33_33.smt2,SAT,71,19860,SAT,99,53330,SAT,95,53330
/home/ceisenhofer/SMTLIB/BenchMin/QF_UFLIA/wisas/xs_29_39.smt2,SAT,63,19660,SAT,92,52980,SAT,63,52980
/home/ceisenhofer/SMTLIB/BenchMin/QF_UFLIA/wisas/xs_31_31.smt2,SAT,64,19980,SAT,80,53970,SAT,87,53850
/home/ceisenhofer/SMTLIB/BenchMin/QF_UFLIA/wisas/xs_22_22.smt2,SAT,52,19410,SAT,57,52930,SAT,60,52630
/home/ceisenhofer/SMTLIB/BenchMin/QF_UFLIA/wisas/xs_23_23.smt2,SAT,49,19300,SAT,54,52550,SAT,64,52550
/home/ceisenhofer/SMTLIB/BenchMin/QF_UFLIA/wisas/xs_20_20.smt2,SAT,63,19180,SAT,59,52380,SAT,84,52780
/home/ceisenhofer/SMTLIB/BenchMin/QF_UFLIA/wisas/xs_28_38.smt2,SAT,131,20120,SAT,122,53950,SAT,65,53960
/home/ceisenhofer/SMTLIB/BenchMin/QF_UFLIA/wisas/xs_21_21.smt2,SAT,67,19310,SAT,80,52510,SAT,95,52510
/home/ceisenhofer/SMTLIB/BenchMin/QF_UFLIA/wisas/xs_27_27.smt2,SAT,83,19620,SAT,79,52940,SAT,83,52940
/home/ceisenhofer/SMTLIB/BenchMin/QF_UFLIA/wisas/xs_25_25.smt2,SAT,31,19490,SAT,83,52740,SAT,80,52740
/home/ceisenhofer/SMTLIB/BenchMin/QF_UFLIA/wisas/xs_9_19.smt2,UNSAT,66,18780,UNSAT,89,51830,UNSAT,49,51830
/home/ceisenhofer/SMTLIB/BenchMin/QF_UFLIA/wisas/xs_26_26.smt2,SAT,74,19790,SAT,145,53720,SAT,144,53620
/home/ceisenhofer/SMTLIB/BenchMin/QF_UFLIA/wisas/xs_8_18.smt2,UNSAT,72,18780,UNSAT,46,51780,UNSAT,85,51870
/home/ceisenhofer/SMTLIB/BenchMin/QF_UFLIA/wisas/xs_24_24.smt2,SAT,53,19490,SAT,83,52700,SAT,88,52700
/home/ceisenhofer/SMTLIB/BenchMin/QF_UFLIA/wisas/xs_13_18.smt2,SAT,141,19220,SAT,138,52670,SAT,126,52620
/home/ceisenhofer/SMTLIB/BenchMin/QF_UFLIA/wisas/xs_29_29.smt2,SAT,52,19850,SAT,134,53810,SAT,107,53780
/home/ceisenhofer/SMTLIB/BenchMin/QF_UFLIA/wisas/xs_5_15.smt2,UNSAT,55,18360,UNSAT,47,18380,UNSAT,44,18380
/home/ceisenhofer/SMTLIB/BenchMin/QF_UFLIA/wisas/xs_22_32.smt2,SAT,109,19680,SAT,138,53420,SAT,148,53300
/home/ceisenhofer/SMTLIB/BenchMin/QF_UFLIA/wisas/xs_23_33.smt2,SAT,76,19300,SAT,79,52550,SAT,75,52550
/home/ceisenhofer/SMTLIB/BenchMin/QF_UFLIA/wisas/xs_7_17.smt2,UNSAT,36,18390,UNSAT,51,18410,UNSAT,43,18410
/home/ceisenhofer/SMTLIB/BenchMin/QF_UFLIA/wisas/xs_11_16.smt2,SAT,63,18900,SAT,48,51870,SAT,70,51870
/home/ceisenhofer/SMTLIB/BenchMin/QF_UFLIA/wisas/xs_6_16.smt2,UNSAT,22,18570,UNSAT,59,51530,UNSAT,84,51530
/home/ceisenhofer/SMTLIB/BenchMin/QF_UFLIA/wisas/xs_28_28.smt2,SAT,119,19940,SAT,141,53800,SAT,174,53780
/home/ceisenhofer/SMTLIB/BenchMin/QF_UFLIA/20230314-Jaroslav-Bendik-Certora/41958_45c688a4814eb926c254_60_QF_UFLIA.smt2,SAT,762,42800,SAT,1114,90170,UNKNOWN,10032,90470
/home/ceisenhofer/SMTLIB/BenchMin/QF_UFLIA/wisas/xs_21_31.smt2,SAT,100,19210,SAT,113,52510,SAT,86,52510
/home/ceisenhofer/SMTLIB/BenchMin/QF_UFLIA/wisas/xs_26_36.smt2,SAT,60,19510,SAT,106,52760,SAT,76,52760
/home/ceisenhofer/SMTLIB/BenchMin/QF_UFLIA/wisas/xs_27_37.smt2,SAT,73,19720,SAT,93,53030,SAT,203,53520
/home/ceisenhofer/SMTLIB/BenchMin/QF_UFLIA/wisas/xs_25_35.smt2,SAT,115,19500,SAT,92,52750,SAT,91,52750
/home/ceisenhofer/SMTLIB/BenchMin/QF_UFLIA/wisas/xs_24_34.smt2,SAT,153,19860,SAT,217,53640,SAT,122,53580
/home/ceisenhofer/SMTLIB/BenchMin/QF_UFLIA/wisas/xs_20_30.smt2,SAT,284,19670,SAT,348,53280,SAT,194,53220
/home/ceisenhofer/SMTLIB/BenchMin/QF_UFLIA/20230314-Jaroslav-Bendik-Certora/39657_1c7158801cd59dc13f05_45_QF_UFLIA.smt2,SAT,3922,54530,UNKNOWN,10052,115460,UNKNOWN,10034,114310
/home/ceisenhofer/SMTLIB/BenchMin/QF_UFLIA/wisas/xs_16_36.smt2,UNSAT,459,19430,UNSAT,558,52990,UNSAT,380,52880
/home/ceisenhofer/SMTLIB/BenchMin/QF_UFLIA/wisas/xs_14_19.smt2,SAT,45,18940,SAT,69,52000,SAT,73,52000
/home/ceisenhofer/SMTLIB/BenchMin/QF_UFLIA/wisas/xs_24_44.smt2,SAT,63,19480,SAT,95,52700,SAT,80,53190
/home/ceisenhofer/SMTLIB/BenchMin/QF_UFLIA/20230314-Jaroslav-Bendik-Certora/39657_1c7158801cd59dc13f05_44_QF_UFLIA.smt2,SAT,4956,59840,UNKNOWN,10046,119900,UNKNOWN,10055,119000
/home/ceisenhofer/SMTLIB/BenchMin/QF_UFLIA/20230314-Jaroslav-Bendik-Certora/44289_4066055e0f64d96da11a_14_QF_UFLIA.smt2,SAT,6418,94620,SAT,8949,169060,UNKNOWN,10061,167790
/home/ceisenhofer/SMTLIB/BenchMin/QF_UFLIA/wisas/xs_18_28.smt2,SAT,299,19640,SAT,316,53170,SAT,316,53010
/home/ceisenhofer/SMTLIB/BenchMin/QF_UFLIA/wisas/xs_6_6.smt2,UNSAT,22,18370,UNSAT,12,18390,UNSAT,12,18390
/home/ceisenhofer/SMTLIB/BenchMin/QF_UFLIA/wisas/xs_17_37.smt2,UNSAT,961,19740,UNSAT,779,53310,UNSAT,916,53200
/home/ceisenhofer/SMTLIB/BenchMin/QF_UFLIA/wisas/xs_19_29.smt2,SAT,98,19450,SAT,143,53050,SAT,135,53000
/home/ceisenhofer/SMTLIB/BenchMin/QF_UFLIA/wisas/xs_8_8.smt2,SAT,44,18670,SAT,65,51580,SAT,68,51580
/home/ceisenhofer/SMTLIB/BenchMin/QF_UFLIA/20230314-Jaroslav-Bendik-Certora/39657_1c7158801cd59dc13f05_46_QF_UFLIA.smt2,SAT,5512,61650,UNKNOWN,10035,123850,UNKNOWN,10031,122660
/home/ceisenhofer/SMTLIB/BenchMin/QF_UFLIA/wisas/xs_16_26.smt2,SAT,145,19340,SAT,175,52830,SAT,163,52780
/home/ceisenhofer/SMTLIB/BenchMin/QF_UFLIA/wisas/xs_27_47.smt2,SAT,189,20320,SAT,176,54300,SAT,174,54090
/home/ceisenhofer/SMTLIB/BenchMin/QF_UFLIA/wisas/xs_12_17.smt2,SAT,131,19110,SAT,145,52510,SAT,113,52400
/home/ceisenhofer/SMTLIB/BenchMin/QF_UFLIA/wisas/xs_17_27.smt2,SAT,115,19340,SAT,127,52840,SAT,132,52700
/home/ceisenhofer/SMTLIB/BenchMin/QF_UFLIA/wisas/xs_14_24.smt2,SAT,47,18940,SAT,66,51990,SAT,83,51990
/home/ceisenhofer/SMTLIB/BenchMin/QF_UFLIA/wisas/xs_10_15.smt2,SAT,113,19000,SAT,100,52160,SAT,82,52140
/home/ceisenhofer/SMTLIB/BenchMin/QF_UFLIA/wisas/xs_29_49.smt2,SAT,216,20540,SAT,275,54620,SAT,351,54580
/home/ceisenhofer/SMTLIB/BenchMin/QF_UFLIA/wisas/xs_28_48.smt2,SAT,503,20420,SAT,664,54510,SAT,468,54330
/home/ceisenhofer/SMTLIB/BenchMin/QF_UFLIA/wisas/xs_15_25.smt2,UNSAT,511,19440,UNSAT,375,52980,UNSAT,336,52930
/home/ceisenhofer/SMTLIB/BenchMin/QF_UFLIA/wisas/xs_13_23.smt2,UNSAT,128,19220,UNSAT,170,52610,UNSAT,174,52620
/home/ceisenhofer/SMTLIB/BenchMin/QF_UFLIA/wisas/xs_12_22.smt2,UNSAT,68,19110,UNSAT,94,52520,UNSAT,146,52410
/home/ceisenhofer/SMTLIB/BenchMin/QF_UFLIA/wisas/xs_11_21.smt2,UNSAT,131,18990,UNSAT,151,52370,UNSAT,156,52270
/home/ceisenhofer/SMTLIB/BenchMin/QF_UFLIA/wisas/xs_40_60.smt2,SAT,87,20330,SAT,116,53960,SAT,115,53960
/home/ceisenhofer/SMTLIB/BenchMin/QF_UFLIA/wisas/xs_10_20.smt2,UNSAT,95,18900,UNSAT,119,52160,UNSAT,113,52150
/home/ceisenhofer/SMTLIB/BenchMin/QF_UFLIA/20230314-Jaroslav-Bendik-Certora/93493_5990a6bf5f2740164f77_50_QF_UFLIA.smt2,UNKNOWN,10006,69140,UNKNOWN,10013,39910,UNKNOWN,10023,69160
/home/ceisenhofer/SMTLIB/BenchMin/QF_UFLIA/20230314-Jaroslav-Bendik-Certora/3106_1c933134166dbad31f79_38_QF_UFLIA.smt2,UNKNOWN,10014,69320,UNKNOWN,10013,69350,UNKNOWN,10026,69350
/home/ceisenhofer/SMTLIB/BenchMin/QF_UFLIA/20230314-Jaroslav-Bendik-Certora/41958_32933c5a1384696720a2_61_QF_UFLIA.smt2,UNKNOWN,10010,55480,UNKNOWN,10026,97750,UNKNOWN,10026,98730
/home/ceisenhofer/SMTLIB/BenchMin/QF_UFLIA/20230314-Jaroslav-Bendik-Certora/83314_a702bf8b823398c9e37a_0_UFLIA.smt2,UNKNOWN,10012,87120,UNKNOWN,10025,166100,UNKNOWN,10036,162070
/home/ceisenhofer/SMTLIB/BenchMin/QF_UFLIA/20230314-Jaroslav-Bendik-Certora/93493_27ab26d56d60426da02e50231269b6ff_51_QF_UFLIA.smt2,UNKNOWN,10011,89470,UNKNOWN,10026,167760,UNKNOWN,10063,161780
/home/ceisenhofer/SMTLIB/BenchMin/QF_UFLIA/20230314-Jaroslav-Bendik-Certora/39657_2866defdd1f2434b69ab_47_QF_UFLIA.smt2,UNKNOWN,10012,33580,UNKNOWN,10025,74170,UNKNOWN,10063,73990
/home/ceisenhofer/SMTLIB/BenchMin/QF_UFLIA/20230314-Jaroslav-Bendik-Certora/25959_5dee2e2f6ef44465a2bea4b085818948_67_QF_UFLIA.smt2,UNKNOWN,10023,971440,UNKNOWN,10048,971460,UNKNOWN,10027,971460
/home/ceisenhofer/SMTLIB/BenchMin/QF_UFLIA/20230314-Jaroslav-Bendik-Certora/65782_cd31513fdcd15701933b_5_QF_UFLIA.smt2,UNKNOWN,10022,122160,UNKNOWN,10033,191410,UNKNOWN,10043,192370
/home/ceisenhofer/SMTLIB/BenchMin/QF_UFLIA/20230314-Jaroslav-Bendik-Certora/39657_2866defdd1f2434b69ab_48_QF_UFLIA.smt2,UNKNOWN,10024,37380,UNKNOWN,10032,81800,UNKNOWN,10063,81990
/home/ceisenhofer/SMTLIB/BenchMin/QF_UFLIA/20230314-Jaroslav-Bendik-Certora/44289_b077fc096b3d41cba49f8628caff7fa5_16_QF_UFLIA.smt2,UNKNOWN,10011,124530,UNKNOWN,10046,223990,UNKNOWN,10063,227590
/home/ceisenhofer/SMTLIB/BenchMin/QF_UFLIA/20230314-Jaroslav-Bendik-Certora/38347_092cc73601c78e45f4f9_56_QF_UFLIA.smt2,UNKNOWN,10018,126940,UNKNOWN,10043,206470,UNKNOWN,10048,210640
/home/ceisenhofer/SMTLIB/BenchMin/QF_UFLIA/20230314-Jaroslav-Bendik-Certora/30078_f817a923328f75af7e60_27_QF_UFLIA.smt2,UNKNOWN,10011,260640,UNKNOWN,10046,250480,UNKNOWN,10064,250480
/home/ceisenhofer/SMTLIB/BenchMin/QF_UFLIA/20230314-Jaroslav-Bendik-Certora/940_590f27b1c3c800d3243e_31_QF_UFLIA.smt2,UNKNOWN,10024,120990,UNKNOWN,10048,210890,UNKNOWN,10063,211600
/home/ceisenhofer/SMTLIB/BenchMin/QF_UFLIA/wisas/xs_17_17.smt2,SAT,58,19060,SAT,75,52420,SAT,64,52110
/home/ceisenhofer/SMTLIB/BenchMin/QF_UFLIA/20230314-Jaroslav-Bendik-Certora/63058_64ab9a7ef7b6c3492507_23_QF_UFLIA.smt2,UNKNOWN,10014,134750,UNKNOWN,10049,229650,UNKNOWN,10064,228730
/home/ceisenhofer/SMTLIB/BenchMin/QF_UFLIA/20230314-Jaroslav-Bendik-Certora/83314_a702bf8b823398c9e37a_2_UFLIA.smt2,UNKNOWN,10021,158470,UNKNOWN,10043,293210,UNKNOWN,10064,251160
/home/ceisenhofer/SMTLIB/BenchMin/QF_UFLIA/20230314-Jaroslav-Bendik-Certora/30078_f817a923328f75af7e60_28_QF_UFLIA.smt2,UNKNOWN,10024,298110,UNKNOWN,10032,267940,UNKNOWN,10079,267940
/home/ceisenhofer/SMTLIB/BenchMin/QF_UFLIA/20230314-Jaroslav-Bendik-Certora/63058_64ab9a7ef7b6c3492507_24_QF_UFLIA.smt2,UNKNOWN,10025,155510,UNKNOWN,10033,238600,UNKNOWN,10079,268030
/home/ceisenhofer/SMTLIB/BenchMin/QF_UFLIA/20230314-Jaroslav-Bendik-Certora/44289_4066055e0f64d96da11a_15_QF_UFLIA.smt2,UNKNOWN,10022,306140,UNKNOWN,10043,308690,UNKNOWN,10063,308690
/home/ceisenhofer/SMTLIB/BenchMin/QF_UFLIA/20230314-Jaroslav-Bendik-Certora/66603_accdadf23a1cf70ae043_76_QF_UFLIA.smt2,UNKNOWN,10020,477610,UNKNOWN,10033,477630,UNKNOWN,10092,477630
/home/ceisenhofer/SMTLIB/BenchMin/QF_UFLIA/20230314-Jaroslav-Bendik-Certora/3106_afb7bc55417e43d7a22790c3576f04fc_37_QF_UFLIA.smt2,UNKNOWN,10012,95540,UNKNOWN,10046,175640,UNKNOWN,10091,153530
/home/ceisenhofer/SMTLIB/BenchMin/QF_UFLIA/20230314-Jaroslav-Bendik-Certora/52759_af0c476fe3b544b9a8507f3e42472c43_12_QF_UFLIA.smt2,UNKNOWN,10025,143890,UNKNOWN,10073,215630,UNKNOWN,10051,205630
/home/ceisenhofer/SMTLIB/BenchMin/QF_UFLIA/20230314-Jaroslav-Bendik-Certora/93493_1fdb6cc8eb9c4363b5838af9eb8c7f1f_53_QF_UFLIA.smt2,UNKNOWN,10024,88250,UNKNOWN,10048,176850,UNKNOWN,10076,174300
/home/ceisenhofer/SMTLIB/BenchMin/QF_UFLIA/20230314-Jaroslav-Bendik-Certora/63058_64ab9a7ef7b6c3492507_22_QF_UFLIA.smt2,UNKNOWN,10033,137250,UNKNOWN,10043,227210,UNKNOWN,10032,231090
/home/ceisenhofer/SMTLIB/BenchMin/QF_UFLIA/20230314-Jaroslav-Bendik-Certora/52759_bec3a2272267494faeecb6bfaf253e3b_11_QF_UFLIA.smt2,UNKNOWN,10034,202470,UNKNOWN,10052,291860,UNKNOWN,10051,294180
/home/ceisenhofer/SMTLIB/BenchMin/QF_UFLIA/20230314-Jaroslav-Bendik-Certora/25959_5dee2e2f6ef44465a2bea4b085818948_68_QF_UFLIA.smt2,UNKNOWN,10025,443860,UNKNOWN,10033,573030,UNKNOWN,10092,612730
/home/ceisenhofer/SMTLIB/BenchMin/QF_UFLIA/20230314-Jaroslav-Bendik-Certora/66603_accdadf23a1cf70ae043_74_QF_UFLIA.smt2,UNKNOWN,10043,561620,UNKNOWN,10052,267730,UNKNOWN,10051,494320
/home/ceisenhofer/SMTLIB/BenchMin/QF_UFLIA/20230314-Jaroslav-Bendik-Certora/25959_5dee2e2f6ef44465a2bea4b085818948_65_QF_UFLIA.smt2,UNKNOWN,10036,924960,UNKNOWN,10027,924980,UNKNOWN,10075,924980
/home/ceisenhofer/SMTLIB/BenchMin/QF_UFLIA/20230314-Jaroslav-Bendik-Certora/41958_32933c5a1384696720a2_62_QF_UFLIA.smt2,UNKNOWN,10031,43150,UNKNOWN,10043,86830,UNKNOWN,10032,88180
/home/ceisenhofer/SMTLIB/BenchMin/QF_UFLIA/20230314-Jaroslav-Bendik-Certora/83314_a702bf8b823398c9e37a_4_UFLIA.smt2,UNKNOWN,10033,475690,UNKNOWN,10051,391460,UNKNOWN,10069,391550
/home/ceisenhofer/SMTLIB/BenchMin/QF_UFLIA/20230314-Jaroslav-Bendik-Certora/44788_1965f0d6d94d5d8054ba_36_QF_UFLIA.smt2,UNKNOWN,10040,273070,UNKNOWN,10051,383890,UNKNOWN,10069,380650
/home/ceisenhofer/SMTLIB/BenchMin/QF_UFLIA/20230314-Jaroslav-Bendik-Certora/3106_1c933134166dbad31f79_39_QF_UFLIA.smt2,UNKNOWN,10033,99240,UNKNOWN,10036,170090,UNKNOWN,10057,168190
/home/ceisenhofer/SMTLIB/BenchMin/QF_UFLIA/20230314-Jaroslav-Bendik-Certora/66603_accdadf23a1cf70ae043_72_QF_UFLIA.smt2,UNKNOWN,10033,514000,UNKNOWN,10036,322220,UNKNOWN,10057,512820
/home/ceisenhofer/SMTLIB/BenchMin/QF_UFLIA/20230314-Jaroslav-Bendik-Certora/17512_5c1021b0faa6b6e1791b_20_QF_UFLIA.smt2,UNKNOWN,10031,226870,UNKNOWN,10036,290550,UNKNOWN,10057,312230
/home/ceisenhofer/SMTLIB/BenchMin/QF_UFLIA/20230314-Jaroslav-Bendik-Certora/52759_bec3a2272267494faeecb6bfaf253e3b_10_QF_UFLIA.smt2,UNKNOWN,10033,187480,UNKNOWN,10035,315000,UNKNOWN,10057,332140
/home/ceisenhofer/SMTLIB/BenchMin/QF_UFLIA/20230314-Jaroslav-Bendik-Certora/66603_accdadf23a1cf70ae043_73_QF_UFLIA.smt2,UNKNOWN,10042,420250,UNKNOWN,10051,420170,UNKNOWN,10069,419880
/home/ceisenhofer/SMTLIB/BenchMin/QF_UFLIA/20230314-Jaroslav-Bendik-Certora/940_590f27b1c3c800d3243e_33_QF_UFLIA.smt2,UNKNOWN,10035,255300,UNKNOWN,10064,440610,UNKNOWN,10071,439770
/home/ceisenhofer/SMTLIB/BenchMin/QF_UFLIA/20230314-Jaroslav-Bendik-Certora/93493_4ea6163ed03941199c785278ccc42812_49_QF_UFLIA.smt2,UNKNOWN,10029,190780,UNKNOWN,10043,285270,UNKNOWN,10064,277230
/home/ceisenhofer/SMTLIB/BenchMin/QF_UFLIA/20230314-Jaroslav-Bendik-Certora/83314_a702bf8b823398c9e37a_3_UFLIA.smt2,UNKNOWN,10025,192480,UNKNOWN,10043,255940,UNKNOWN,10084,253560
/home/ceisenhofer/SMTLIB/BenchMin/QF_UFLIA/20230314-Jaroslav-Bendik-Certora/38347_092cc73601c78e45f4f9_57_QF_UFLIA.smt2,UNKNOWN,10061,27470,UNKNOWN,10042,65510,UNKNOWN,10084,65560
/home/ceisenhofer/SMTLIB/BenchMin/QF_UFLIA/20230314-Jaroslav-Bendik-Certora/63058_55d6bef5390186355f11_26_QF_UFLIA.smt2,UNKNOWN,10033,135490,UNKNOWN,10044,227630,UNKNOWN,10064,231600
/home/ceisenhofer/SMTLIB/BenchMin/QF_UFLIA/20230314-Jaroslav-Bendik-Certora/66603_accdadf23a1cf70ae043_75_QF_UFLIA.smt2,UNKNOWN,10034,550150,UNKNOWN,10043,340810,UNKNOWN,10064,267070
/home/ceisenhofer/SMTLIB/BenchMin/QF_UFLIA/wisas/xs_5_5.smt2,UNSAT,47,18260,UNSAT,31,18280,UNSAT,35,18280
/home/ceisenhofer/SMTLIB/BenchMin/QF_UFLIA/20230314-Jaroslav-Bendik-Certora/940_590f27b1c3c800d3243e_32_QF_UFLIA.smt2,UNKNOWN,10033,260720,UNKNOWN,10043,452880,UNKNOWN,10099,448030
/home/ceisenhofer/SMTLIB/BenchMin/QF_UFLIA/20230314-Jaroslav-Bendik-Certora/940_590f27b1c3c800d3243e_29_QF_UFLIA.smt2,UNKNOWN,10032,245950,UNKNOWN,10063,433740,UNKNOWN,10079,435060
/home/ceisenhofer/SMTLIB/BenchMin/QF_UFLIA/wisas/xs_16_16.smt2,SAT,36,18950,SAT,65,52100,SAT,66,52390
/home/ceisenhofer/SMTLIB/BenchMin/QF_UFLIA/20230314-Jaroslav-Bendik-Certora/17512_5c1021b0faa6b6e1791b_19_QF_UFLIA.smt2,UNKNOWN,10028,66570,UNKNOWN,10063,120520,UNKNOWN,10095,123680
/home/ceisenhofer/SMTLIB/BenchMin/QF_UFLIA/20230314-Jaroslav-Bendik-Certora/38347_525a1ca0331f2bcbf520_54_QF_UFLIA.smt2,UNKNOWN,10036,467760,UNKNOWN,10059,467500,UNKNOWN,10079,466970
/home/ceisenhofer/SMTLIB/BenchMin/QF_UFLIA/wisas/xs_15_15.smt2,SAT,35,18950,SAT,64,52050,SAT,47,52350
/home/ceisenhofer/SMTLIB/BenchMin/QF_UFLIA/wisas/xs_6_11.smt2,UNSAT,43,18570,UNSAT,35,51530,UNSAT,35,51630
/home/ceisenhofer/SMTLIB/BenchMin/QF_UFLIA/wisas/xs_14_14.smt2,SAT,65,18940,SAT,65,52000,SAT,32,52290
/home/ceisenhofer/SMTLIB/BenchMin/QF_UFLIA/wisas/xs_34_44.smt2,SAT,46,20230,SAT,92,54360,SAT,83,54390
/home/ceisenhofer/SMTLIB/BenchMin/QF_UFLIA/wisas/xs_15_20.smt2,SAT,42,19050,SAT,35,52350,SAT,75,52050
/home/ceisenhofer/SMTLIB/BenchMin/QF_UFLIA/wisas/xs_12_12.smt2,SAT,45,18830,SAT,65,51830,SAT,59,52030
/home/ceisenhofer/SMTLIB/BenchMin/QF_UFLIA/wisas/xs_13_13.smt2,SAT,43,18830,SAT,50,52130,SAT,59,52230
/home/ceisenhofer/SMTLIB/BenchMin/QF_UFLIA/wisas/xs_11_11.smt2,SAT,52,18800,SAT,47,51970,SAT,43,51970
/home/ceisenhofer/SMTLIB/BenchMin/QF_UFLIA/wisas/xs_8_13.smt2,UNSAT,58,18780,UNSAT,35,51770,UNSAT,76,51880
/home/ceisenhofer/SMTLIB/BenchMin/QF_UFLIA/wisas/xs_31_41.smt2,SAT,45,19790,SAT,82,53640,SAT,53,53790
/home/ceisenhofer/SMTLIB/BenchMin/QF_UFLIA/wisas/xs_19_19.smt2,SAT,66,19260,SAT,48,52640,SAT,72,52350
/home/ceisenhofer/SMTLIB/BenchMin/QF_UFLIA/wisas/xs_10_10.smt2,SAT,63,18900,SAT,63,52060,SAT,72,52060
/home/ceisenhofer/SMTLIB/BenchMin/QF_UFLIA/mathsat/Wisa/xs-18-11-5-3-1-1.smt2,SAT,64,19140,SAT,59,52500,SAT,44,52200
/home/ceisenhofer/SMTLIB/BenchMin/QF_UFLIA/mathsat/Wisa/xs-19-12-4-2-4-5.smt2,SAT,34,19160,SAT,48,52440,SAT,72,52240
/home/ceisenhofer/SMTLIB/BenchMin/QF_UFLIA/mathsat/Wisa/xs-17-06-5-5-4-1.smt2,SAT,34,19130,SAT,75,52510,SAT,44,52490
/home/ceisenhofer/SMTLIB/BenchMin/QF_UFLIA/wisas/xs_38_48.smt2,SAT,65,20180,SAT,60,53770,SAT,56,53770
/home/ceisenhofer/SMTLIB/BenchMin/QF_UFLIA/mathsat/Wisa/xs-08-05-1-5-4-2.smt2,SAT,47,18660,SAT,43,51640,SAT,56,51640
/home/ceisenhofer/SMTLIB/BenchMin/QF_UFLIA/wisas/xs_18_18.smt2,SAT,82,19350,SAT,63,52890,SAT,53,52920
/home/ceisenhofer/SMTLIB/BenchMin/QF_UFLIA/wisas/xs_36_56.smt2,SAT,82,20340,SAT,63,54560,SAT,67,53890
/home/ceisenhofer/SMTLIB/BenchMin/QF_UFLIA/mathsat/Wisa/xs-14-11-4-2-2-1.smt2,SAT,47,19000,SAT,43,52190,SAT,70,52190
/home/ceisenhofer/SMTLIB/BenchMin/QF_UFLIA/wisas/xs_33_53.smt2,SAT,65,19860,SAT,59,53820,SAT,75,54010
/home/ceisenhofer/SMTLIB/BenchMin/QF_UFLIA/wisas/xs_39_59.smt2,SAT,78,20360,SAT,75,54600,SAT,83,54640
/home/ceisenhofer/SMTLIB/BenchMin/QF_UFLIA/mathsat/Wisa/xs-09-08-1-1-5-3.smt2,SAT,40,18660,SAT,44,51860,SAT,38,51660
/home/ceisenhofer/SMTLIB/BenchMin/QF_UFLIA/mathsat/Wisa/xs-15-05-2-1-2-3.smt2,SAT,75,18910,SAT,35,52210,SAT,58,52300
/home/ceisenhofer/SMTLIB/BenchMin/QF_UFLIA/mathsat/Wisa/xs-13-11-5-3-5-3.smt2,SAT,50,18810,SAT,77,52070,SAT,58,52070
/home/ceisenhofer/SMTLIB/BenchMin/QF_UFLIA/mathsat/Wisa/xs-13-17-4-2-1-5.smt2,SAT,47,19100,SAT,72,52260,SAT,54,52350
/home/ceisenhofer/SMTLIB/BenchMin/QF_UFLIA/mathsat/Wisa/xs-07-09-3-4-4-3.smt2,UNSAT,54,18370,UNSAT,44,18390,UNSAT,37,18390
/home/ceisenhofer/SMTLIB/BenchMin/QF_UFLIA/mathsat/Wisa/xs-11-10-2-5-3-2.smt2,SAT,31,18880,SAT,63,52010,SAT,73,52020
/home/ceisenhofer/SMTLIB/BenchMin/QF_UFLIA/mathsat/Wisa/xs-16-19-3-4-4-1.smt2,SAT,26,19020,SAT,44,52350,SAT,47,52350
/home/ceisenhofer/SMTLIB/BenchMin/QF_UFLIA/wisas/xs_34_54.smt2,SAT,82,20640,SAT,87,54690,SAT,92,54720
/home/ceisenhofer/SMTLIB/BenchMin/QF_UFLIA/mathsat/Wisa/xs-18-07-1-2-1-1.smt2,SAT,26,19030,SAT,47,52410,SAT,49,52410
/home/ceisenhofer/SMTLIB/BenchMin/QF_UFLIA/wisas/xs_40_40.smt2,SAT,65,20330,SAT,69,54540,SAT,115,54770
/home/ceisenhofer/SMTLIB/BenchMin/QF_UFLIA/mathsat/Wisa/xs-12-15-3-2-1-5.smt2,SAT,63,19080,SAT,57,52250,SAT,78,52240
/home/ceisenhofer/SMTLIB/BenchMin/QF_UFLIA/mathsat/Wisa/xs-13-14-4-5-4-2.smt2,SAT,31,18900,SAT,110,52060,SAT,51,51860
/home/ceisenhofer/SMTLIB/BenchMin/QF_UFLIA/mathsat/Wisa/xs-09-17-2-1-4-1.smt2,UNSAT,46,18760,UNSAT,80,51950,UNSAT,56,51950
/home/ceisenhofer/SMTLIB/BenchMin/QF_UFLIA/mathsat/Wisa/xs-17-09-4-3-5-5.smt2,SAT,58,19130,SAT,93,52480,SAT,50,52490
/home/ceisenhofer/SMTLIB/BenchMin/QF_UFLIA/mathsat/Wisa/xs-10-13-5-5-4-5.smt2,SAT,26,18790,SAT,56,51790,SAT,65,51890
/home/ceisenhofer/SMTLIB/BenchMin/QF_UFLIA/mathsat/Wisa/xs-14-08-5-1-1-4.smt2,SAT,47,18910,SAT,84,51990,SAT,91,52180
/home/ceisenhofer/SMTLIB/BenchMin/QF_UFLIA/mathsat/Wisa/xs-07-11-1-1-1-1.smt2,UNSAT,63,18660,UNSAT,58,51620,UNSAT,54,51620
/home/ceisenhofer/SMTLIB/BenchMin/QF_UFLIA/mathsat/Wisa/xs-07-14-1-1-1-1.smt2,UNSAT,29,18660,UNSAT,34,51710,UNSAT,54,51710
/home/ceisenhofer/SMTLIB/BenchMin/QF_UFLIA/mathsat/Wisa/xs-13-09-3-2-3-2.smt2,SAT,70,18810,SAT,47,52060,SAT,52,52060
/home/ceisenhofer/SMTLIB/BenchMin/QF_UFLIA/mathsat/Wisa/xs-13-15-5-3-4-1.smt2,SAT,37,18910,SAT,46,51970,SAT,50,52270
/home/ceisenhofer/SMTLIB/BenchMin/QF_UFLIA/mathsat/Wisa/xs-05-12-1-4-2-1.smt2,UNSAT,48,18540,UNSAT,45,51360,UNSAT,50,51360
/home/ceisenhofer/SMTLIB/BenchMin/QF_UFLIA/mathsat/Wisa/xs-07-16-2-4-3-5.smt2,UNSAT,48,18670,UNSAT,55,51620,UNSAT,57,51720
/home/ceisenhofer/SMTLIB/BenchMin/QF_UFLIA/mathsat/Wisa/xs-17-13-4-4-2-1.smt2,SAT,46,19030,SAT,57,52300,SAT,92,52100
/home/ceisenhofer/SMTLIB/BenchMin/QF_UFLIA/20230314-Jaroslav-Bendik-Certora/25959_5dee2e2f6ef44465a2bea4b085818948_66_QF_UFLIA.smt2,UNKNOWN,10075,469990,UNKNOWN,10045,627150,UNKNOWN,10043,457670
/home/ceisenhofer/SMTLIB/BenchMin/QF_UFLIA/wisas/xs_32_42.smt2,SAT,99,20510,SAT,114,54660,SAT,147,54620
/home/ceisenhofer/SMTLIB/BenchMin/QF_UFLIA/mathsat/Wisa/xs-16-12-2-5-3-4.smt2,SAT,82,19020,SAT,65,52380,SAT,86,52080
/home/ceisenhofer/SMTLIB/BenchMin/QF_UFLIA/mathsat/Wisa/xs-14-13-4-2-1-3.smt2,SAT,51,19020,SAT,55,52180,SAT,64,52200
/home/ceisenhofer/SMTLIB/BenchMin/QF_UFLIA/mathsat/Wisa/xs-08-09-4-5-5-4.smt2,SAT,52,18770,SAT,54,51730,SAT,93,51630
/home/ceisenhofer/SMTLIB/BenchMin/QF_UFLIA/mathsat/Wisa/xs-08-14-2-3-3-5.smt2,UNSAT,34,18770,UNSAT,62,51730,UNSAT,57,51730
/home/ceisenhofer/SMTLIB/BenchMin/QF_UFLIA/mathsat/Wisa/xs-12-07-3-4-1-2.smt2,SAT,34,18790,SAT,46,51840,SAT,73,51840
/home/ceisenhofer/SMTLIB/BenchMin/QF_UFLIA/mathsat/Wisa/xs-08-12-3-1-3-4.smt2,SAT,61,18760,SAT,87,51750,SAT,67,51740
/home/ceisenhofer/SMTLIB/BenchMin/QF_UFLIA/mathsat/Wisa/xs-16-09-4-2-1-5.smt2,SAT,63,19120,SAT,81,52180,SAT,83,52180
/home/ceisenhofer/SMTLIB/BenchMin/QF_UFLIA/mathsat/Wisa/xs-18-19-4-1-1-5.smt2,SAT,38,19020,SAT,55,52400,SAT,55,52110
/home/ceisenhofer/SMTLIB/BenchMin/QF_UFLIA/20230314-Jaroslav-Bendik-Certora/52759_af0c476fe3b544b9a8507f3e42472c43_13_QF_UFLIA.smt2,UNKNOWN,10029,122260,UNKNOWN,10062,172400,UNKNOWN,10031,176720
/home/ceisenhofer/SMTLIB/BenchMin/QF_UFLIA/wisas/xs_30_40.smt2,SAT,143,20550,SAT,163,54660,SAT,138,54420
/home/ceisenhofer/SMTLIB/BenchMin/QF_UFLIA/mathsat/Wisa/xs-19-11-4-4-1-3.smt2,SAT,43,19160,SAT,52,52530,SAT,102,52240
/home/ceisenhofer/SMTLIB/BenchMin/QF_UFLIA/mathsat/Wisa/xs-19-15-3-1-3-4.smt2,SAT,44,19250,SAT,71,52630,SAT,59,52640
/home/ceisenhofer/SMTLIB/BenchMin/QF_UFLIA/mathsat/Wisa/xs-17-20-5-1-5-4.smt2,SAT,49,19220,SAT,69,52590,SAT,76,52580
/home/ceisenhofer/SMTLIB/BenchMin/QF_UFLIA/20230314-Jaroslav-Bendik-Certora/72771_f9d228efc97cf1458e38_64_QF_UFLIA.smt2,UNKNOWN,10006,37900,UNKNOWN,10033,78700,UNKNOWN,10067,79310
/home/ceisenhofer/SMTLIB/BenchMin/QF_UFLIA/mathsat/Wisa/xs-16-10-4-3-1-3.smt2,SAT,46,19020,SAT,83,52260,SAT,54,52340
/home/ceisenhofer/SMTLIB/BenchMin/QF_UFLIA/mathsat/Wisa/xs-19-17-2-2-5-1.smt2,SAT,111,19150,SAT,57,52630,SAT,45,52700
/home/ceisenhofer/SMTLIB/BenchMin/QF_UFLIA/mathsat/Wisa/xs-13-19-4-5-5-5.smt2,SAT,53,19100,SAT,81,52390,SAT,102,52360
/home/ceisenhofer/SMTLIB/BenchMin/QF_UFLIA/mathsat/Wisa/xs-11-19-4-5-1-1.smt2,UNSAT,68,18980,UNSAT,78,52210,UNSAT,102,52210
/home/ceisenhofer/SMTLIB/BenchMin/QF_UFLIA/mathsat/Wisa/xs-18-16-2-2-1-4.smt2,SAT,50,19040,SAT,73,52110,SAT,56,52110
/home/ceisenhofer/SMTLIB/BenchMin/QF_UFLIA/mathsat/Wisa/xs-08-17-4-1-2-2.smt2,UNSAT,51,18770,UNSAT,82,51740,UNSAT,102,51830
/home/ceisenhofer/SMTLIB/BenchMin/QF_UFLIA/mathsat/Wisa/xs-07-06-4-1-5-3.smt2,SAT,63,18560,SAT,39,51630,SAT,56,51530
/home/ceisenhofer/SMTLIB/BenchMin/QF_UFLIA/mathsat/Wisa/xs-20-14-2-3-3-3.smt2,SAT,95,19350,SAT,64,52820,SAT,75,52750
/home/ceisenhofer/SMTLIB/BenchMin/QF_UFLIA/mathsat/Wisa/xs-09-11-2-4-1-5.smt2,SAT,41,18760,SAT,73,51870,SAT,66,51760
/home/ceisenhofer/SMTLIB/BenchMin/QF_UFLIA/mathsat/Wisa/xs-10-11-1-3-5-5.smt2,SAT,98,18890,SAT,39,51990,SAT,61,51980
/home/ceisenhofer/SMTLIB/BenchMin/QF_UFLIA/mathsat/Wisa/xs-20-19-2-2-2-5.smt2,SAT,89,19450,SAT,119,52930,SAT,90,52840
/home/ceisenhofer/SMTLIB/BenchMin/QF_UFLIA/mathsat/Wisa/xs-08-19-2-2-3-1.smt2,UNSAT,42,18770,UNSAT,88,51830,UNSAT,50,51830
/home/ceisenhofer/SMTLIB/BenchMin/QF_UFLIA/mathsat/Wisa/xs-15-12-2-2-3-4.smt2,SAT,47,18910,SAT,54,52220,SAT,51,52310
/home/ceisenhofer/SMTLIB/BenchMin/QF_UFLIA/mathsat/Wisa/xs-17-07-3-4-4-3.smt2,SAT,57,19030,SAT,45,52390,SAT,51,52390
/home/ceisenhofer/SMTLIB/BenchMin/QF_UFLIA/mathsat/Wisa/xs-06-13-5-3-5-5.smt2,UNSAT,64,18260,UNSAT,31,18280,UNSAT,29,18280
/home/ceisenhofer/SMTLIB/BenchMin/QF_UFLIA/mathsat/Wisa/xs-20-12-3-1-5-2.smt2,SAT,72,19250,SAT,45,52780,SAT,65,52870
/home/ceisenhofer/SMTLIB/BenchMin/QF_UFLIA/mathsat/Wisa/xs-19-09-4-2-3-5.smt2,SAT,83,19150,SAT,56,52540,SAT,43,52600
/home/ceisenhofer/SMTLIB/BenchMin/QF_UFLIA/mathsat/Wisa/xs-09-15-5-3-2-3.smt2,UNSAT,52,18850,UNSAT,127,51960,UNSAT,75,51960
/home/ceisenhofer/SMTLIB/BenchMin/QF_UFLIA/mathsat/Wisa/xs-18-17-4-5-2-4.smt2,SAT,82,19120,SAT,102,52500,SAT,53,52500
/home/ceisenhofer/SMTLIB/BenchMin/QF_UFLIA/mathsat/Wisa/xs-20-11-5-1-3-4.smt2,SAT,57,19360,SAT,114,52780,SAT,53,52860
/home/ceisenhofer/SMTLIB/BenchMin/QF_UFLIA/wisas/xs_33_43.smt2,SAT,155,20720,SAT,218,54950,SAT,164,54770
/home/ceisenhofer/SMTLIB/BenchMin/QF_UFLIA/mathsat/Wisa/xs-14-16-4-1-1-5.smt2,SAT,110,19010,SAT,75,52200,SAT,52,52200
/home/ceisenhofer/SMTLIB/BenchMin/QF_UFLIA/mathsat/Wisa/xs-20-07-5-1-2-1.smt2,SAT,55,19250,SAT,61,52710,SAT,66,52730
/home/ceisenhofer/SMTLIB/BenchMin/QF_UFLIA/mathsat/Wisa/xs-05-18-1-3-1-3.smt2,UNSAT,44,18250,UNSAT,51,18270,UNSAT,41,18270
/home/ceisenhofer/SMTLIB/BenchMin/QF_UFLIA/mathsat/Wisa/xs-16-14-2-4-1-4.smt2,SAT,37,19020,SAT,40,52260,SAT,66,52350
/home/ceisenhofer/SMTLIB/BenchMin/QF_UFLIA/mathsat/Wisa/xs-05-19-1-4-2-1.smt2,UNSAT,29,18350,UNSAT,41,18370,UNSAT,15,18370
/home/ceisenhofer/SMTLIB/BenchMin/QF_UFLIA/mathsat/Wisa/xs-07-08-4-4-4-2.smt2,SAT,55,18570,SAT,43,51520,SAT,43,51620
/home/ceisenhofer/SMTLIB/BenchMin/QF_UFLIA/mathsat/Wisa/xs-17-14-2-4-3-1.smt2,SAT,85,19130,SAT,85,52490,SAT,97,52510
/home/ceisenhofer/SMTLIB/BenchMin/QF_UFLIA/mathsat/Wisa/xs-20-08-5-3-1-5.smt2,SAT,39,19150,SAT,65,52630,SAT,61,52640
/home/ceisenhofer/SMTLIB/BenchMin/QF_UFLIA/mathsat/Wisa/xs-19-14-3-3-5-3.smt2,SAT,76,19250,SAT,65,52630,SAT,66,52610
/home/ceisenhofer/SMTLIB/BenchMin/QF_UFLIA/mathsat/Wisa/xs-17-08-5-3-2-5.smt2,SAT,46,19120,SAT,53,52490,SAT,64,52490
/home/ceisenhofer/SMTLIB/BenchMin/QF_UFLIA/wisas/xs_36_46.smt2,SAT,219,21350,SAT,206,55790,SAT,251,55570
/home/ceisenhofer/SMTLIB/BenchMin/QF_UFLIA/mathsat/Wisa/xs-11-14-5-3-1-2.smt2,SAT,69,18790,SAT,57,51930,SAT,55,51830
/home/ceisenhofer/SMTLIB/BenchMin/QF_UFLIA/mathsat/Wisa/xs-09-18-1-3-4-5.smt2,UNSAT,51,18760,UNSAT,57,51970,UNSAT,58,51960
/home/ceisenhofer/SMTLIB/BenchMin/QF_UFLIA/mathsat/Wisa/xs-12-10-4-4-3-1.smt2,SAT,85,19090,SAT,57,52240,SAT,58,52230
/home/ceisenhofer/SMTLIB/BenchMin/QF_UFLIA/wisas/xs_31_51.smt2,SAT,199,20440,SAT,238,54700,SAT,182,54590
/home/ceisenhofer/SMTLIB/BenchMin/QF_UFLIA/mathsat/Wisa/xs-10-09-1-4-4-1.smt2,SAT,40,18780,SAT,39,51700,SAT,101,51700
/home/ceisenhofer/SMTLIB/BenchMin/QF_UFLIA/wisas/xs_35_45.smt2,SAT,201,21020,SAT,283,55320,SAT,229,55220
/home/ceisenhofer/SMTLIB/BenchMin/QF_UFLIA/mathsat/Wisa/xs-13-08-3-2-1-3.smt2,SAT,53,18900,SAT,47,52080,SAT,61,52080
/home/ceisenhofer/SMTLIB/BenchMin/QF_UFLIA/mathsat/Wisa/xs-12-11-1-4-4-3.smt2,SAT,65,18990,SAT,57,52130,SAT,65,51930
/home/ceisenhofer/SMTLIB/BenchMin/QF_UFLIA/mathsat/Wisa/xs-05-08-4-2-5-4.smt2,UNSAT,56,18450,UNSAT,26,51360,UNSAT,39,51360
/home/ceisenhofer/SMTLIB/BenchMin/QF_UFLIA/mathsat/Wisa/xs-17-12-3-4-4-1.smt2,SAT,69,19120,SAT,57,52490,SAT,92,52480
/home/ceisenhofer/SMTLIB/BenchMin/QF_UFLIA/mathsat/Wisa/xs-13-16-3-1-4-1.smt2,SAT,80,19090,SAT,73,52390,SAT,91,52360
/home/ceisenhofer/SMTLIB/BenchMin/QF_UFLIA/wisas/xs_39_49.smt2,SAT,196,21240,SAT,223,55610,SAT,215,55530
/home/ceisenhofer/SMTLIB/BenchMin/QF_UFLIA/mathsat/Wisa/xs-11-09-1-2-1-3.smt2,SAT,45,18890,SAT,123,51820,SAT,66,52010
/home/ceisenhofer/SMTLIB/BenchMin/QF_UFLIA/mathsat/Wisa/xs-14-12-4-4-1-3.smt2,SAT,38,19000,SAT,97,51990,SAT,74,52190
/home/ceisenhofer/SMTLIB/BenchMin/QF_UFLIA/mathsat/Wisa/xs-16-11-2-1-5-2.smt2,SAT,47,19030,SAT,67,52070,SAT,43,52360
/home/ceisenhofer/SMTLIB/BenchMin/QF_UFLIA/mathsat/Wisa/xs-08-07-3-2-3-1.smt2,SAT,82,18670,SAT,58,51530,SAT,56,51630
/home/ceisenhofer/SMTLIB/BenchMin/QF_UFLIA/mathsat/Wisa/xs-13-05-5-4-1-5.smt2,SAT,40,18900,SAT,32,52060,SAT,55,52060
/home/ceisenhofer/SMTLIB/BenchMin/QF_UFLIA/mathsat/Wisa/xs-17-11-3-3-4-5.smt2,SAT,56,19120,SAT,74,52200,SAT,56,52490
/home/ceisenhofer/SMTLIB/BenchMin/QF_UFLIA/wisas/xs_30_50.smt2,SAT,220,20650,SAT,227,54800,SAT,214,54680
/home/ceisenhofer/SMTLIB/BenchMin/QF_UFLIA/mathsat/Wisa/xs-11-15-4-4-5-5.smt2,SAT,35,18790,SAT,36,51720,SAT,52,51920
/home/ceisenhofer/SMTLIB/BenchMin/QF_UFLIA/mathsat/Wisa/xs-09-05-2-4-4-5.smt2,SAT,83,18660,SAT,45,51650,SAT,57,51750
/home/ceisenhofer/SMTLIB/BenchMin/QF_UFLIA/mathsat/Wisa/xs-09-12-5-2-1-5.smt2,SAT,26,18760,SAT,74,51870,SAT,69,51860
/home/ceisenhofer/SMTLIB/BenchMin/QF_UFLIA/mathsat/Wisa/xs-18-15-4-1-3-1.smt2,SAT,61,19020,SAT,94,52110,SAT,69,52110
/home/ceisenhofer/SMTLIB/BenchMin/QF_UFLIA/mathsat/Wisa/xs-15-11-5-2-2-2.smt2,SAT,46,18910,SAT,67,52210,SAT,68,52220
/home/ceisenhofer/SMTLIB/BenchMin/QF_UFLIA/mathsat/Wisa/xs-15-13-4-5-2-4.smt2,SAT,56,19010,SAT,92,52210,SAT,63,52310
/home/ceisenhofer/SMTLIB/BenchMin/QF_UFLIA/mathsat/Wisa/xs-06-20-5-1-5-1.smt2,UNSAT,71,18550,UNSAT,107,51570,UNSAT,48,51570
/home/ceisenhofer/SMTLIB/BenchMin/QF_UFLIA/mathsat/Wisa/xs-14-20-3-5-3-5.smt2,SAT,117,19010,SAT,62,52070,SAT,68,52270
/home/ceisenhofer/SMTLIB/BenchMin/QF_UFLIA/mathsat/Wisa/xs-10-05-5-2-1-5.smt2,SAT,37,18780,SAT,55,51890,SAT,31,51870
/home/ceisenhofer/SMTLIB/BenchMin/QF_UFLIA/mathsat/Wisa/xs-06-19-3-3-4-4.smt2,UNSAT,92,18550,UNSAT,92,51570,UNSAT,69,51570
/home/ceisenhofer/SMTLIB/BenchMin/QF_UFLIA/mathsat/Wisa/xs-18-06-4-2-1-1.smt2,SAT,55,19130,SAT,52,52500,SAT,53,52210
/home/ceisenhofer/SMTLIB/BenchMin/QF_UFLIA/mathsat/Wisa/xs-06-10-1-4-2-5.smt2,UNSAT,158,18350,UNSAT,43,18370,UNSAT,31,18370
/home/ceisenhofer/SMTLIB/BenchMin/QF_UFLIA/mathsat/Wisa/xs-06-07-4-5-4-2.smt2,SAT,49,18550,SAT,56,51590,SAT,39,51590
/home/ceisenhofer/SMTLIB/BenchMin/QF_UFLIA/mathsat/Wisa/xs-11-17-5-2-4-4.smt2,UNSAT,79,18980,UNSAT,115,52210,UNSAT,83,52200
/home/ceisenhofer/SMTLIB/BenchMin/QF_UFLIA/wisas/xs_40_50.smt2,SAT,242,21470,SAT,246,56110,SAT,238,55860
/home/ceisenhofer/SMTLIB/BenchMin/QF_UFLIA/mathsat/Wisa/xs-13-12-5-3-4-4.smt2,SAT,25,18900,SAT,51,52070,SAT,47,52070
/home/ceisenhofer/SMTLIB/BenchMin/QF_UFLIA/mathsat/Wisa/xs-19-10-3-5-2-5.smt2,SAT,74,19150,SAT,74,52530,SAT,49,52240
/home/ceisenhofer/SMTLIB/BenchMin/QF_UFLIA/mathsat/Wisa/xs-05-20-5-1-4-2.smt2,UNSAT,93,18540,UNSAT,69,51370,UNSAT,46,51460
/home/ceisenhofer/SMTLIB/BenchMin/QF_UFLIA/mathsat/Wisa/xs-15-14-5-5-5-1.smt2,SAT,51,19000,SAT,105,52210,SAT,59,52210
/home/ceisenhofer/SMTLIB/BenchMin/QF_UFLIA/mathsat/Wisa/xs-10-17-5-2-2-5.smt2,UNSAT,82,18880,UNSAT,74,52090,UNSAT,59,52070
/home/ceisenhofer/SMTLIB/BenchMin/QF_UFLIA/mathsat/Wisa/xs-12-13-3-4-2-3.smt2,SAT,65,18990,SAT,51,52140,SAT,57,52140
/home/ceisenhofer/SMTLIB/BenchMin/QF_UFLIA/wisas/xs_37_47.smt2,SAT,266,21310,SAT,256,55740,SAT,262,55530
/home/ceisenhofer/SMTLIB/BenchMin/QF_UFLIA/mathsat/Wisa/xs-20-18-3-4-5-4.smt2,SAT,73,19250,SAT,70,52730,SAT,55,52750
/home/ceisenhofer/SMTLIB/BenchMin/QF_UFLIA/mathsat/Wisa/xs-09-10-5-1-5-2.smt2,SAT,55,18670,SAT,39,51750,SAT,39,51650
/home/ceisenhofer/SMTLIB/BenchMin/QF_UFLIA/mathsat/Wisa/xs-07-05-5-2-3-5.smt2,UNSAT,24,18370,UNSAT,24,18390,UNSAT,28,18390
/home/ceisenhofer/SMTLIB/BenchMin/QF_UFLIA/mathsat/Wisa/xs-05-06-2-2-5-1.smt2,UNSAT,47,18250,UNSAT,24,18270,UNSAT,29,18270
/home/ceisenhofer/SMTLIB/BenchMin/QF_UFLIA/mathsat/Wisa/xs-16-17-5-5-3-5.smt2,SAT,58,19210,SAT,70,52570,SAT,78,52530
/home/ceisenhofer/SMTLIB/BenchMin/QF_UFLIA/mathsat/Wisa/xs-10-07-4-1-1-5.smt2,SAT,32,18780,SAT,54,51700,SAT,65,51890
/home/ceisenhofer/SMTLIB/BenchMin/QF_UFLIA/mathsat/Wisa/xs-11-08-3-4-3-5.smt2,SAT,63,18790,SAT,43,51920,SAT,34,51730
/home/ceisenhofer/SMTLIB/BenchMin/QF_UFLIA/mathsat/Wisa/xs-14-17-5-4-3-1.smt2,SAT,128,19010,SAT,103,52280,SAT,43,52280
/home/ceisenhofer/SMTLIB/BenchMin/QF_UFLIA/wisas/xs_35_55.smt2,SAT,237,21220,SAT,308,55530,SAT,234,55340
/home/ceisenhofer/SMTLIB/BenchMin/QF_UFLIA/mathsat/Wisa/xs-15-18-4-1-3-5.smt2,SAT,74,19090,SAT,49,52350,SAT,53,52440
/home/ceisenhofer/SMTLIB/BenchMin/QF_UFLIA/mathsat/Wisa/xs-19-13-2-1-3-1.smt2,SAT,62,19150,SAT,54,52520,SAT,38,52610
/home/ceisenhofer/SMTLIB/BenchMin/QF_UFLIA/mathsat/Wisa/xs-05-09-5-1-2-5.smt2,UNSAT,34,18250,UNSAT,17,18270,UNSAT,28,18270
/home/ceisenhofer/SMTLIB/BenchMin/QF_UFLIA/mathsat/Wisa/xs-05-14-4-3-1-1.smt2,UNSAT,39,18250,UNSAT,20,18270,UNSAT,21,18270
/home/ceisenhofer/SMTLIB/BenchMin/QF_UFLIA/mathsat/Wisa/xs-05-17-1-5-1-5.smt2,UNSAT,28,18250,UNSAT,32,18270,UNSAT,21,18270
/home/ceisenhofer/SMTLIB/BenchMin/QF_UFLIA/mathsat/Wisa/xs-08-20-3-2-4-5.smt2,UNSAT,37,18760,UNSAT,32,51930,UNSAT,51,51840
/home/ceisenhofer/SMTLIB/BenchMin/QF_UFLIA/mathsat/Wisa/xs-10-18-2-2-5-3.smt2,UNSAT,114,18880,UNSAT,68,52100,UNSAT,67,52090
/home/ceisenhofer/SMTLIB/BenchMin/QF_UFLIA/mathsat/Wisa/xs-15-07-3-1-5-5.smt2,SAT,34,18910,SAT,43,52210,SAT,42,52320
/home/ceisenhofer/SMTLIB/BenchMin/QF_UFLIA/mathsat/Wisa/xs-13-20-2-2-4-4.smt2,SAT,51,19000,SAT,57,52170,SAT,75,52160
/home/ceisenhofer/SMTLIB/BenchMin/QF_UFLIA/mathsat/Wisa/xs-16-18-1-4-4-3.smt2,SAT,35,19020,SAT,46,52260,SAT,39,52340
/home/ceisenhofer/SMTLIB/BenchMin/QF_UFLIA/mathsat/Wisa/xs-12-05-3-3-5-4.smt2,SAT,62,18900,SAT,89,52030,SAT,33,51840
/home/ceisenhofer/SMTLIB/BenchMin/QF_UFLIA/mathsat/Wisa/xs-05-07-4-5-1-2.smt2,UNSAT,63,18350,UNSAT,28,18370,UNSAT,29,18370
/home/ceisenhofer/SMTLIB/BenchMin/QF_UFLIA/mathsat/Wisa/xs-19-05-2-5-4-2.smt2,SAT,59,19150,SAT,43,52240,SAT,46,52610
/home/ceisenhofer/SMTLIB/BenchMin/QF_UFLIA/mathsat/Wisa/xs-18-13-5-4-1-2.smt2,SAT,30,19030,SAT,61,52410,SAT,57,52410
/home/ceisenhofer/SMTLIB/BenchMin/QF_UFLIA/mathsat/Wisa/xs-13-07-1-5-2-3.smt2,SAT,36,18910,SAT,78,52070,SAT,57,51870
/home/ceisenhofer/SMTLIB/BenchMin/QF_UFLIA/mathsat/Wisa/xs-20-09-1-5-4-2.smt2,SAT,62,19350,SAT,64,52770,SAT,71,52460
/home/ceisenhofer/SMTLIB/BenchMin/QF_UFLIA/mathsat/Wisa/xs-09-06-1-5-3-2.smt2,SAT,69,18660,SAT,64,51570,SAT,71,51770
/home/ceisenhofer/SMTLIB/BenchMin/QF_UFLIA/mathsat/Wisa/xs-10-08-2-2-4-5.smt2,SAT,53,18890,SAT,72,51990,SAT,46,51990
/home/ceisenhofer/SMTLIB/BenchMin/QF_UFLIA/mathsat/Wisa/xs-06-14-3-1-5-2.smt2,UNSAT,52,18350,UNSAT,30,18370,UNSAT,35,18370
/home/ceisenhofer/SMTLIB/BenchMin/QF_UFLIA/mathsat/Wisa/xs-11-06-4-4-5-5.smt2,SAT,33,18790,SAT,43,51920,SAT,55,51910
/home/ceisenhofer/SMTLIB/BenchMin/QF_UFLIA/mathsat/Wisa/xs-13-10-4-3-1-3.smt2,SAT,31,18900,SAT,42,52060,SAT,52,51860
/home/ceisenhofer/SMTLIB/BenchMin/QF_UFLIA/mathsat/Wisa/xs-18-09-1-5-4-4.smt2,SAT,59,19220,SAT,47,52600,SAT,58,52600
/home/ceisenhofer/SMTLIB/BenchMin/QF_UFLIA/mathsat/Wisa/xs-07-20-2-5-1-4.smt2,UNSAT,82,18670,UNSAT,39,51720,UNSAT,30,51720
/home/ceisenhofer/SMTLIB/BenchMin/QF_UFLIA/mathsat/Wisa/xs-06-09-3-5-5-3.smt2,UNSAT,28,18260,UNSAT,28,18280,UNSAT,33,18280
/home/ceisenhofer/SMTLIB/BenchMin/QF_UFLIA/mathsat/Wisa/xs-07-19-5-3-2-5.smt2,UNSAT,32,18660,UNSAT,42,51720,UNSAT,37,51720
/home/ceisenhofer/SMTLIB/BenchMin/QF_UFLIA/mathsat/Wisa/xs-17-16-4-4-1-4.smt2,SAT,42,19030,SAT,44,52290,SAT,36,52090
/home/ceisenhofer/SMTLIB/BenchMin/QF_UFLIA/mathsat/Wisa/xs-20-10-5-5-5-4.smt2,SAT,59,19250,SAT,54,52630,SAT,74,52650
/home/ceisenhofer/SMTLIB/BenchMin/QF_UFLIA/mathsat/Wisa/xs-05-11-2-5-3-2.smt2,UNSAT,35,18350,UNSAT,16,18370,UNSAT,21,18370
/home/ceisenhofer/SMTLIB/BenchMin/QF_UFLIA/mathsat/Wisa/xs-18-10-4-5-2-3.smt2,SAT,39,19130,SAT,51,52510,SAT,65,52490
/home/ceisenhofer/SMTLIB/BenchMin/QF_UFLIA/mathsat/Wisa/xs-06-18-1-2-1-5.smt2,UNSAT,42,18350,UNSAT,23,18370,UNSAT,29,18370
/home/ceisenhofer/SMTLIB/BenchMin/QF_UFLIA/mathsat/Wisa/xs-18-14-3-5-2-3.smt2,SAT,43,19120,SAT,54,52490,SAT,65,52500
/home/ceisenhofer/SMTLIB/BenchMin/QF_UFLIA/mathsat/Wisa/xs-08-11-4-3-2-2.smt2,SAT,60,18770,SAT,43,51830,SAT,52,51830
/home/ceisenhofer/SMTLIB/BenchMin/QF_UFLIA/mathsat/Wisa/xs-15-17-2-1-1-4.smt2,SAT,42,19100,SAT,66,52420,SAT,61,52500
/home/ceisenhofer/SMTLIB/BenchMin/QF_UFLIA/mathsat/Wisa/xs-20-15-2-2-4-2.smt2,SAT,52,19350,SAT,71,52720,SAT,69,52740
/home/ceisenhofer/SMTLIB/BenchMin/QF_UFLIA/mathsat/Wisa/xs-14-05-1-4-4-5.smt2,SAT,62,18910,SAT,65,51990,SAT,31,52180
/home/ceisenhofer/SMTLIB/BenchMin/QF_UFLIA/wisas/xs_37_57.smt2,SAT,278,21390,SAT,323,55850,SAT,296,55610
/home/ceisenhofer/SMTLIB/BenchMin/QF_UFLIA/mathsat/Wisa/xs-15-10-1-3-5-1.smt2,SAT,62,19000,SAT,50,52210,SAT,47,52020
/home/ceisenhofer/SMTLIB/BenchMin/QF_UFLIA/mathsat/Wisa/xs-08-06-4-5-4-1.smt2,SAT,28,18670,SAT,32,51630,SAT,31,51630
/home/ceisenhofer/SMTLIB/BenchMin/QF_UFLIA/mathsat/Wisa/xs-18-12-3-4-4-3.smt2,SAT,31,19220,SAT,52,52610,SAT,42,52310
/home/ceisenhofer/SMTLIB/BenchMin/QF_UFLIA/mathsat/Wisa/xs-20-13-2-5-2-3.smt2,SAT,53,19250,SAT,59,52720,SAT,59,52740
/home/ceisenhofer/SMTLIB/BenchMin/QF_UFLIA/mathsat/Wisa/xs-07-10-2-4-5-3.smt2,UNSAT,56,18660,UNSAT,52,51720,UNSAT,43,51720
/home/ceisenhofer/SMTLIB/BenchMin/QF_UFLIA/mathsat/Wisa/xs-16-08-1-4-4-5.smt2,SAT,35,19020,SAT,38,52260,SAT,43,52350
/home/ceisenhofer/SMTLIB/BenchMin/QF_UFLIA/mathsat/Wisa/xs-11-07-3-4-2-3.smt2,SAT,22,18790,SAT,40,51910,SAT,44,51730
/home/ceisenhofer/SMTLIB/BenchMin/QF_UFLIA/mathsat/Wisa/xs-06-05-5-2-5-5.smt2,UNSAT,37,18260,UNSAT,31,18280,UNSAT,23,18280
/home/ceisenhofer/SMTLIB/BenchMin/QF_UFLIA/mathsat/Wisa/xs-11-20-5-2-5-3.smt2,UNSAT,95,19080,UNSAT,110,52210,UNSAT,94,52210
/home/ceisenhofer/SMTLIB/BenchMin/QF_UFLIA/mathsat/Wisa/xs-15-16-2-4-2-5.smt2,SAT,39,18910,SAT,52,52210,SAT,55,52310
/home/ceisenhofer/SMTLIB/BenchMin/QF_UFLIA/mathsat/Wisa/xs-14-15-1-1-3-3.smt2,SAT,64,19010,SAT,74,52170,SAT,65,52170
/home/ceisenhofer/SMTLIB/BenchMin/QF_UFLIA/mathsat/Wisa/xs-08-16-4-4-5-1.smt2,UNSAT,58,18760,UNSAT,53,51840,UNSAT,33,51740
/home/ceisenhofer/SMTLIB/BenchMin/QF_UFLIA/mathsat/Wisa/xs-16-06-4-1-3-5.smt2,SAT,33,19020,SAT,51,52270,SAT,65,52070
/home/ceisenhofer/SMTLIB/BenchMin/QF_UFLIA/mathsat/Wisa/xs-07-13-5-3-2-1.smt2,UNSAT,51,18370,UNSAT,17,18390,UNSAT,33,18390
/home/ceisenhofer/SMTLIB/BenchMin/QF_UFLIA/mathsat/Wisa/xs-20-16-4-4-4-1.smt2,SAT,56,19250,SAT,63,52730,SAT,54,52650
/home/ceisenhofer/SMTLIB/BenchMin/QF_UFLIA/mathsat/Wisa/xs-16-13-4-1-4-5.smt2,SAT,35,19020,SAT,72,52060,SAT,37,52060
/home/ceisenhofer/SMTLIB/BenchMin/QF_UFLIA/mathsat/Wisa/xs-06-08-5-1-5-3.smt2,SAT,51,18550,SAT,72,51490,SAT,37,51490
/home/ceisenhofer/SMTLIB/BenchMin/QF_UFLIA/mathsat/Wisa/xs-10-14-2-1-4-4.smt2,SAT,53,18890,SAT,76,52090,SAT,69,52070
/home/ceisenhofer/SMTLIB/BenchMin/QF_UFLIA/mathsat/Wisa/xs-07-15-4-4-1-5.smt2,UNSAT,37,18660,UNSAT,31,51620,UNSAT,48,51720
/home/ceisenhofer/SMTLIB/BenchMin/QF_UFLIA/mathsat/Wisa/xs-19-16-4-4-1-4.smt2,SAT,45,19250,SAT,69,52340,SAT,47,52620
/home/ceisenhofer/SMTLIB/BenchMin/QF_UFLIA/mathsat/Wisa/xs-19-07-4-2-4-4.smt2,SAT,53,19350,SAT,74,52840,SAT,85,52720
/home/ceisenhofer/SMTLIB/BenchMin/QF_UFLIA/mathsat/Wisa/xs-08-10-5-2-5-3.smt2,SAT,36,18770,SAT,47,51730,SAT,53,51830
/home/ceisenhofer/SMTLIB/BenchMin/QF_UFLIA/mathsat/Wisa/xs-06-12-5-4-2-5.smt2,UNSAT,50,18550,UNSAT,33,51590,UNSAT,38,51490
/home/ceisenhofer/SMTLIB/BenchMin/QF_UFLIA/mathsat/Wisa/xs-12-06-3-4-5-1.smt2,SAT,32,18890,SAT,45,52040,SAT,48,52040
/home/ceisenhofer/SMTLIB/BenchMin/QF_UFLIA/mathsat/Wisa/xs-17-18-4-2-3-1.smt2,SAT,36,19030,SAT,58,52300,SAT,60,52390
/home/ceisenhofer/SMTLIB/BenchMin/QF_UFLIA/mathsat/Wisa/xs-06-17-2-2-4-1.smt2,UNSAT,23,18260,UNSAT,29,18280,UNSAT,18,18280
/home/ceisenhofer/SMTLIB/BenchMin/QF_UFLIA/mathsat/Wisa/xs-17-05-2-1-1-2.smt2,SAT,48,19030,SAT,44,52390,SAT,47,52090
/home/ceisenhofer/SMTLIB/BenchMin/QF_UFLIA/mathsat/Wisa/xs-16-07-1-1-4-2.smt2,SAT,51,18920,SAT,55,52060,SAT,47,52350
/home/ceisenhofer/SMTLIB/BenchMin/QF_UFLIA/mathsat/Wisa/xs-20-05-5-5-1-3.smt2,SAT,55,19250,SAT,61,52710,SAT,72,52680
/home/ceisenhofer/SMTLIB/BenchMin/QF_UFLIA/mathsat/Wisa/xs-12-09-5-5-2-4.smt2,SAT,37,18990,SAT,55,52220,SAT,47,52230
/home/ceisenhofer/SMTLIB/BenchMin/QF_UFLIA/mathsat/Wisa/xs-15-09-3-5-5-3.smt2,SAT,32,18900,SAT,44,52110,SAT,47,51910
/home/ceisenhofer/SMTLIB/BenchMin/QF_UFLIA/mathsat/Wisa/xs-16-05-5-3-1-1.smt2,SAT,31,18920,SAT,36,52350,SAT,37,52350
/home/ceisenhofer/SMTLIB/BenchMin/QF_UFLIA/mathsat/Wisa/xs-16-20-5-1-4-4.smt2,SAT,30,19020,SAT,33,52360,SAT,40,52350
/home/ceisenhofer/SMTLIB/BenchMin/QF_UFLIA/mathsat/Wisa/xs-18-20-1-4-2-1.smt2,SAT,39,19310,SAT,54,52690,SAT,49,52710
/home/ceisenhofer/SMTLIB/BenchMin/QF_UFLIA/mathsat/Wisa/xs-19-18-2-2-2-5.smt2,SAT,52,19150,SAT,65,52540,SAT,49,52540
/home/ceisenhofer/SMTLIB/BenchMin/QF_UFLIA/mathsat/Wisa/xs-10-12-4-1-1-4.smt2,SAT,46,18700,SAT,48,51890,SAT,36,51880
/home/ceisenhofer/SMTLIB/BenchMin/QF_UFLIA/mathsat/Wisa/xs-14-18-5-5-3-2.smt2,SAT,42,18920,SAT,50,51900,SAT,41,51900
/home/ceisenhofer/SMTLIB/BenchMin/QF_UFLIA/mathsat/Wisa/xs-09-20-5-5-1-5.smt2,UNSAT,43,18760,UNSAT,41,51960,UNSAT,48,51960
/home/ceisenhofer/SMTLIB/BenchMin/QF_UFLIA/mathsat/Wisa/xs-18-05-5-4-4-2.smt2,SAT,41,19140,SAT,44,52500,SAT,47,52500
/home/ceisenhofer/SMTLIB/BenchMin/QF_UFLIA/mathsat/Wisa/xs-17-10-5-3-2-1.smt2,SAT,70,19130,SAT,52,52490,SAT,57,52480
/home/ceisenhofer/SMTLIB/BenchMin/QF_UFLIA/mathsat/Wisa/xs-12-14-3-5-4-4.smt2,SAT,41,18990,SAT,37,52230,SAT,62,52230
/home/ceisenhofer/SMTLIB/BenchMin/QF_UFLIA/20230314-Jaroslav-Bendik-Certora/25959_5dee2e2f6ef44465a2bea4b085818948_69_QF_UFLIA.smt2,UNKNOWN,10055,391500,UNKNOWN,10056,539810,UNKNOWN,10060,541490
/home/ceisenhofer/SMTLIB/BenchMin/QF_UFLIA/mathsat/Wisa/xs-19-20-1-1-2-2.smt2,SAT,84,19150,SAT,61,52530,SAT,50,52250
/home/ceisenhofer/SMTLIB/BenchMin/QF_UFLIA/mathsat/Wisa/xs-09-13-2-3-1-3.smt2,UNSAT,64,18860,UNSAT,50,51960,UNSAT,74,51960
/home/ceisenhofer/SMTLIB/BenchMin/QF_UFLIA/mathsat/Wisa/xs-17-15-2-2-2-4.smt2,SAT,35,19130,SAT,37,52380,SAT,62,52470
/home/ceisenhofer/SMTLIB/BenchMin/QF_UFLIA/mathsat/Wisa/xs-11-12-5-4-4-2.smt2,SAT,33,18890,SAT,51,52020,SAT,51,52010
/home/ceisenhofer/SMTLIB/BenchMin/QF_UFLIA/mathsat/Wisa/xs-10-06-1-1-5-2.smt2,SAT,30,18790,SAT,27,51890,SAT,29,51900
/home/ceisenhofer/SMTLIB/BenchMin/QF_UFLIA/mathsat/Wisa/xs-08-15-4-2-1-4.smt2,UNSAT,36,18770,UNSAT,38,51830,UNSAT,53,51830
/home/ceisenhofer/SMTLIB/BenchMin/QF_UFLIA/mathsat/Wisa/xs-13-06-1-1-2-4.smt2,SAT,32,18900,SAT,53,51860,SAT,55,52060
/home/ceisenhofer/SMTLIB/BenchMin/QF_UFLIA/mathsat/Wisa/xs-12-08-5-2-5-3.smt2,SAT,26,18790,SAT,28,51840,SAT,45,52030
/home/ceisenhofer/SMTLIB/BenchMin/QF_UFLIA/mathsat/Wisa/xs-07-18-1-1-4-1.smt2,UNSAT,24,18670,UNSAT,30,51620,UNSAT,46,51720
/home/ceisenhofer/SMTLIB/BenchMin/QF_UFLIA/mathsat/Wisa/xs-17-19-3-3-3-4.smt2,SAT,48,19030,SAT,53,52310,SAT,45,52380
/home/ceisenhofer/SMTLIB/BenchMin/QF_UFLIA/mathsat/Wisa/xs-11-13-4-4-5-2.smt2,SAT,49,18790,SAT,52,52010,SAT,40,52010
/home/ceisenhofer/SMTLIB/BenchMin/QF_UFLIA/mathsat/Wisa/xs-05-13-2-4-5-3.smt2,UNSAT,13,18250,UNSAT,48,18270,UNSAT,18,18270
/home/ceisenhofer/SMTLIB/BenchMin/QF_UFLIA/mathsat/Wisa/xs-14-07-1-4-1-3.smt2,SAT,30,18910,SAT,47,51990,SAT,63,51990
/home/ceisenhofer/SMTLIB/BenchMin/QF_UFLIA/mathsat/Wisa/xs-16-15-2-3-4-4.smt2,SAT,28,19020,SAT,33,52350,SAT,50,52350
/home/ceisenhofer/SMTLIB/BenchMin/QF_UFLIA/mathsat/Wisa/xs-05-16-1-5-4-3.smt2,UNSAT,36,18540,UNSAT,51,51470,UNSAT,33,51460
/home/ceisenhofer/SMTLIB/BenchMin/QF_UFLIA/mathsat/Wisa/xs-15-19-3-1-4-1.smt2,SAT,59,18910,SAT,63,52220,SAT,34,52300
/home/ceisenhofer/SMTLIB/BenchMin/QF_UFLIA/wisas/xs_32_52.smt2,SAT,332,21110,SAT,386,55350,SAT,331,55220
/home/ceisenhofer/SMTLIB/BenchMin/QF_UFLIA/mathsat/Wisa/xs-14-09-3-3-4-4.smt2,SAT,24,18910,SAT,41,52090,SAT,57,51890
/home/ceisenhofer/SMTLIB/BenchMin/QF_UFLIA/mathsat/Hash/hash_sat_03_10.smt2,SAT,37,18430,SAT,30,51530,SAT,33,51530
/home/ceisenhofer/SMTLIB/BenchMin/QF_UFLIA/mathsat/Wisa/xs-15-06-3-5-4-4.smt2,SAT,30,18900,SAT,51,52210,SAT,39,52310
/home/ceisenhofer/SMTLIB/BenchMin/QF_UFLIA/mathsat/Wisa/xs-14-10-3-4-2-2.smt2,SAT,30,18910,SAT,57,52100,SAT,34,52100
/home/ceisenhofer/SMTLIB/BenchMin/QF_UFLIA/mathsat/Wisa/xs-09-07-1-3-3-2.smt2,SAT,30,18660,SAT,39,51750,SAT,33,51650
/home/ceisenhofer/SMTLIB/BenchMin/QF_UFLIA/mathsat/Hash/hash_uns_04_17.smt2,UNSAT,32,17980,UNSAT,30,18010,UNSAT,16,18010
/home/ceisenhofer/SMTLIB/BenchMin/QF_UFLIA/mathsat/Hash/hash_uns_03_14.smt2,UNSAT,23,17890,UNSAT,18,17910,UNSAT,28,17910
/home/ceisenhofer/SMTLIB/BenchMin/QF_UFLIA/mathsat/Wisa/xs-20-06-2-3-1-3.smt2,SAT,48,19250,SAT,52,52640,SAT,74,52340
/home/ceisenhofer/SMTLIB/BenchMin/QF_UFLIA/mathsat/Hash/hash_sat_06_11.smt2,SAT,25,18860,SAT,37,52940,SAT,39,52940
/home/ceisenhofer/SMTLIB/BenchMin/QF_UFLIA/mathsat/Hash/hash_uns_05_16.smt2,UNSAT,27,17990,UNSAT,23,18010,UNSAT,52,18010
/home/ceisenhofer/SMTLIB/BenchMin/QF_UFLIA/mathsat/Wisa/xs-19-06-4-3-2-1.smt2,SAT,34,19160,SAT,53,52250,SAT,51,52250
/home/ceisenhofer/SMTLIB/BenchMin/QF_UFLIA/mathsat/Wisa/xs-10-16-3-5-2-4.smt2,SAT,49,18880,SAT,45,52000,SAT,50,51800
/home/ceisenhofer/SMTLIB/BenchMin/QF_UFLIA/mathsat/Wisa/xs-18-08-4-5-2-5.smt2,SAT,36,19120,SAT,53,52490,SAT,61,52500
/home/ceisenhofer/SMTLIB/BenchMin/QF_UFLIA/mathsat/Wisa/xs-14-06-4-4-1-2.smt2,SAT,38,18910,SAT,55,51990,SAT,44,52190
/home/ceisenhofer/SMTLIB/BenchMin/QF_UFLIA/mathsat/Hash/hash_uns_05_12.smt2,UNSAT,20,17990,UNSAT,18,18010,UNSAT,23,18010
/home/ceisenhofer/SMTLIB/BenchMin/QF_UFLIA/mathsat/Wisa/xs-15-08-4-5-4-1.smt2,SAT,38,18910,SAT,59,52020,SAT,40,52310
/home/ceisenhofer/SMTLIB/BenchMin/QF_UFLIA/mathsat/Wisa/xs-06-15-4-1-4-1.smt2,UNSAT,36,18550,UNSAT,51,51570,UNSAT,75,51570
/home/ceisenhofer/SMTLIB/BenchMin/QF_UFLIA/mathsat/Wisa/xs-09-16-3-4-1-5.smt2,UNSAT,42,18760,UNSAT,48,51970,UNSAT,48,51960
/home/ceisenhofer/SMTLIB/BenchMin/QF_UFLIA/mathsat/Hash/hash_uns_03_08.smt2,UNSAT,20,17880,UNSAT,18,17900,UNSAT,22,17900
/home/ceisenhofer/SMTLIB/BenchMin/QF_UFLIA/mathsat/Hash/hash_sat_06_20.smt2,SAT,39,19390,SAT,49,54360,SAT,50,54460
/home/ceisenhofer/SMTLIB/BenchMin/QF_UFLIA/mathsat/Hash/hash_sat_07_08.smt2,SAT,23,18960,SAT,39,52580,SAT,40,53080
/home/ceisenhofer/SMTLIB/BenchMin/QF_UFLIA/mathsat/Wisa/xs-11-05-3-1-5-3.smt2,SAT,49,18790,SAT,110,51730,SAT,49,51910
/home/ceisenhofer/SMTLIB/BenchMin/QF_UFLIA/mathsat/Wisa/xs-10-19-3-4-2-4.smt2,UNSAT,55,18890,UNSAT,64,52100,UNSAT,60,52090
/home/ceisenhofer/SMTLIB/BenchMin/QF_UFLIA/mathsat/Hash/hash_sat_07_10.smt2,SAT,51,19010,SAT,35,53380,SAT,55,53470
/home/ceisenhofer/SMTLIB/BenchMin/QF_UFLIA/mathsat/Hash/hash_sat_06_09.smt2,SAT,18,18820,SAT,34,52690,SAT,38,52690
/home/ceisenhofer/SMTLIB/BenchMin/QF_UFLIA/mathsat/Hash/hash_uns_05_06.smt2,UNSAT,17,17980,UNSAT,22,18000,UNSAT,15,18000
/home/ceisenhofer/SMTLIB/BenchMin/QF_UFLIA/mathsat/Hash/hash_uns_03_04.smt2,UNSAT,22,17890,UNSAT,13,17910,UNSAT,15,17910
/home/ceisenhofer/SMTLIB/BenchMin/QF_UFLIA/mathsat/Wisa/xs-12-16-5-2-2-3.smt2,SAT,55,18890,SAT,80,52140,SAT,44,52140
/home/ceisenhofer/SMTLIB/BenchMin/QF_UFLIA/mathsat/Hash/hash_sat_05_12.smt2,SAT,32,18720,SAT,39,52430,SAT,51,52530
/home/ceisenhofer/SMTLIB/BenchMin/QF_UFLIA/mathsat/Hash/hash_uns_04_13.smt2,UNSAT,28,17980,UNSAT,18,18000,UNSAT,38,18000
/home/ceisenhofer/SMTLIB/BenchMin/QF_UFLIA/mathsat/Hash/hash_uns_03_10.smt2,UNSAT,28,17880,UNSAT,13,17900,UNSAT,27,17900
/home/ceisenhofer/SMTLIB/BenchMin/QF_UFLIA/mathsat/Hash/hash_sat_03_14.smt2,SAT,23,18440,SAT,31,51550,SAT,41,51550
/home/ceisenhofer/SMTLIB/BenchMin/QF_UFLIA/mathsat/Hash/hash_sat_04_13.smt2,SAT,17,18570,SAT,44,51740,SAT,42,52040
/home/ceisenhofer/SMTLIB/BenchMin/QF_UFLIA/mathsat/Hash/hash_uns_04_07.smt2,UNSAT,41,17890,UNSAT,15,17900,UNSAT,24,17900
/home/ceisenhofer/SMTLIB/BenchMin/QF_UFLIA/mathsat/Hash/hash_uns_04_06.smt2,UNSAT,16,17880,UNSAT,10,17900,UNSAT,16,17900
/home/ceisenhofer/SMTLIB/BenchMin/QF_UFLIA/mathsat/Hash/hash_sat_03_08.smt2,SAT,35,18430,SAT,40,51390,SAT,44,51290
/home/ceisenhofer/SMTLIB/BenchMin/QF_UFLIA/mathsat/Hash/hash_sat_03_18.smt2,SAT,22,18550,SAT,28,51800,SAT,29,51610
/home/ceisenhofer/SMTLIB/BenchMin/QF_UFLIA/mathsat/Hash/hash_sat_10_06.smt2,SAT,27,19260,SAT,48,54030,SAT,47,54130
/home/ceisenhofer/SMTLIB/BenchMin/QF_UFLIA/mathsat/Hash/hash_sat_08_13.smt2,SAT,38,19550,SAT,46,55160,SAT,70,55260
/home/ceisenhofer/SMTLIB/BenchMin/QF_UFLIA/mathsat/Wisa/xs-20-17-5-4-5-4.smt2,SAT,62,19450,SAT,62,52930,SAT,65,52840
/home/ceisenhofer/SMTLIB/BenchMin/QF_UFLIA/mathsat/Hash/hash_sat_06_15.smt2,SAT,28,19130,SAT,50,53580,SAT,43,52990
/home/ceisenhofer/SMTLIB/BenchMin/QF_UFLIA/mathsat/Hash/hash_sat_04_17.smt2,SAT,33,18700,SAT,51,52310,SAT,30,52310
/home/ceisenhofer/SMTLIB/BenchMin/QF_UFLIA/mathsat/Hash/hash_uns_04_03.smt2,UNSAT,22,17890,UNSAT,15,17910,UNSAT,43,17910
/home/ceisenhofer/SMTLIB/BenchMin/QF_UFLIA/mathsat/Wisa/xs-19-08-4-1-1-1.smt2,SAT,41,19350,SAT,56,52740,SAT,100,52720
/home/ceisenhofer/SMTLIB/BenchMin/QF_UFLIA/mathsat/Hash/hash_sat_06_05.smt2,SAT,24,18670,SAT,27,51940,SAT,29,51940
/home/ceisenhofer/SMTLIB/BenchMin/QF_UFLIA/mathsat/Wisa/xs-12-19-1-4-1-2.smt2,SAT,83,19180,SAT,99,52340,SAT,144,52330
/home/ceisenhofer/SMTLIB/BenchMin/QF_UFLIA/mathsat/Hash/hash_sat_04_03.smt2,SAT,28,18420,SAT,38,51280,SAT,33,51280
/home/ceisenhofer/SMTLIB/BenchMin/QF_UFLIA/mathsat/Hash/hash_uns_03_05.smt2,UNSAT,23,17890,UNSAT,23,17910,UNSAT,20,17910
/home/ceisenhofer/SMTLIB/BenchMin/QF_UFLIA/mathsat/Hash/hash_sat_05_16.smt2,SAT,21,18860,SAT,62,52970,SAT,36,52980
/home/ceisenhofer/SMTLIB/BenchMin/QF_UFLIA/mathsat/Hash/hash_uns_05_03.smt2,UNSAT,28,17880,UNSAT,13,17900,UNSAT,25,17900
/home/ceisenhofer/SMTLIB/BenchMin/QF_UFLIA/mathsat/Wisa/xs-11-18-3-3-4-1.smt2,UNSAT,68,19080,UNSAT,74,52300,UNSAT,79,52220
/home/ceisenhofer/SMTLIB/BenchMin/QF_UFLIA/mathsat/Hash/hash_uns_03_18.smt2,UNSAT,28,17980,UNSAT,36,18000,UNSAT,31,18000
/home/ceisenhofer/SMTLIB/BenchMin/QF_UFLIA/mathsat/Hash/hash_sat_07_14.smt2,SAT,33,19390,SAT,67,54420,SAT,45,53620
/home/ceisenhofer/SMTLIB/BenchMin/QF_UFLIA/mathsat/Hash/hash_uns_05_07.smt2,UNSAT,38,17980,UNSAT,21,18000,UNSAT,23,18000
/home/ceisenhofer/SMTLIB/BenchMin/QF_UFLIA/mathsat/Hash/hash_sat_09_12.smt2,SAT,32,19720,SAT,60,55600,SAT,65,54470
/home/ceisenhofer/SMTLIB/BenchMin/QF_UFLIA/mathsat/Hash/hash_sat_03_04.smt2,SAT,37,18410,SAT,36,51160,SAT,33,51160
/home/ceisenhofer/SMTLIB/BenchMin/QF_UFLIA/mathsat/Hash/hash_uns_03_19.smt2,UNSAT,28,17990,UNSAT,19,18010,UNSAT,21,18010
/home/ceisenhofer/SMTLIB/BenchMin/QF_UFLIA/mathsat/Hash/hash_sat_07_04.smt2,SAT,40,18680,SAT,29,51900,SAT,41,52190
/home/ceisenhofer/SMTLIB/BenchMin/QF_UFLIA/wisas/xs_20_40.smt2,UNSAT,2297,21050,UNSAT,3294,54830,UNSAT,2933,54690
/home/ceisenhofer/SMTLIB/BenchMin/QF_UFLIA/mathsat/Hash/hash_sat_08_03.smt2,SAT,40,18680,SAT,34,51920,SAT,60,52210
/home/ceisenhofer/SMTLIB/BenchMin/QF_UFLIA/mathsat/Hash/hash_sat_04_07.smt2,SAT,30,18440,SAT,29,51540,SAT,51,51440
/home/ceisenhofer/SMTLIB/BenchMin/QF_UFLIA/mathsat/Hash/hash_sat_03_19.smt2,SAT,26,18560,SAT,35,51820,SAT,34,51620
/home/ceisenhofer/SMTLIB/BenchMin/QF_UFLIA/mathsat/Hash/hash_sat_06_04.smt2,SAT,22,18570,SAT,33,51810,SAT,39,51610
/home/ceisenhofer/SMTLIB/BenchMin/QF_UFLIA/mathsat/Hash/hash_sat_03_05.smt2,SAT,18,18420,SAT,36,51270,SAT,28,51270
/home/ceisenhofer/SMTLIB/BenchMin/QF_UFLIA/mathsat/Hash/hash_sat_08_17.smt2,SAT,31,19790,SAT,59,54980,SAT,64,56320
/home/ceisenhofer/SMTLIB/BenchMin/QF_UFLIA/mathsat/Hash/hash_sat_05_03.smt2,SAT,29,18430,SAT,30,51430,SAT,38,51430
/home/ceisenhofer/SMTLIB/BenchMin/QF_UFLIA/mathsat/Hash/hash_sat_05_06.smt2,SAT,38,18560,SAT,35,51600,SAT,39,51600
/home/ceisenhofer/SMTLIB/BenchMin/QF_UFLIA/mathsat/Hash/hash_sat_07_05.smt2,SAT,28,18690,SAT,38,52350,SAT,30,52350
/home/ceisenhofer/SMTLIB/BenchMin/QF_UFLIA/mathsat/Hash/hash_uns_04_16.smt2,UNSAT,32,17980,UNSAT,26,18000,UNSAT,22,18000
/home/ceisenhofer/SMTLIB/BenchMin/QF_UFLIA/mathsat/Hash/hash_sat_04_06.smt2,SAT,18,18440,SAT,36,51530,SAT,51,51530
/home/ceisenhofer/SMTLIB/BenchMin/QF_UFLIA/mathsat/Wisa/xs-12-18-1-3-1-2.smt2,SAT,87,19190,SAT,100,52330,SAT,106,52330
/home/ceisenhofer/SMTLIB/BenchMin/QF_UFLIA/mathsat/Hash/hash_uns_03_15.smt2,UNSAT,23,17890,UNSAT,14,17910,UNSAT,22,17910
/home/ceisenhofer/SMTLIB/BenchMin/QF_UFLIA/mathsat/Hash/hash_sat_09_06.smt2,SAT,28,19090,SAT,44,53510,SAT,63,53510
/home/ceisenhofer/SMTLIB/BenchMin/QF_UFLIA/mathsat/Hash/hash_uns_05_17.smt2,UNSAT,27,17990,UNSAT,36,18010,UNSAT,23,18010
/home/ceisenhofer/SMTLIB/BenchMin/QF_UFLIA/mathsat/Hash/hash_sat_09_03.smt2,SAT,30,18780,SAT,38,52370,SAT,50,52370
/home/ceisenhofer/SMTLIB/BenchMin/QF_UFLIA/mathsat/Wisa/xs-12-20-1-1-5-2.smt2,SAT,90,19170,SAT,93,52360,SAT,90,52330
/home/ceisenhofer/SMTLIB/BenchMin/QF_UFLIA/mathsat/Hash/hash_sat_07_18.smt2,SAT,54,19550,SAT,65,55280,SAT,51,55370
/home/ceisenhofer/SMTLIB/BenchMin/QF_UFLIA/mathsat/Hash/hash_sat_08_07.smt2,SAT,58,19080,SAT,40,53290,SAT,37,53290
/home/ceisenhofer/SMTLIB/BenchMin/QF_UFLIA/mathsat/Hash/hash_sat_05_07.smt2,SAT,18,18560,SAT,47,51920,SAT,29,51720
/home/ceisenhofer/SMTLIB/BenchMin/QF_UFLIA/mathsat/Hash/hash_sat_09_16.smt2,SAT,56,20150,SAT,72,57210,SAT,73,57300
/home/ceisenhofer/SMTLIB/BenchMin/QF_UFLIA/mathsat/Hash/hash_sat_06_19.smt2,SAT,43,19280,SAT,83,54230,SAT,43,54230
/home/ceisenhofer/SMTLIB/BenchMin/QF_UFLIA/mathsat/Hash/hash_sat_03_11.smt2,SAT,18,18440,SAT,47,51430,SAT,29,51520
/home/ceisenhofer/SMTLIB/BenchMin/QF_UFLIA/mathsat/Hash/hash_sat_07_19.smt2,SAT,28,19670,SAT,54,55430,SAT,50,55530
/home/ceisenhofer/SMTLIB/BenchMin/QF_UFLIA/mathsat/Hash/hash_uns_05_13.smt2,UNSAT,24,17990,UNSAT,22,18010,UNSAT,13,18010
/home/ceisenhofer/SMTLIB/BenchMin/QF_UFLIA/mathsat/Hash/hash_uns_04_12.smt2,UNSAT,27,17990,UNSAT,22,18010,UNSAT,13,18010
/home/ceisenhofer/SMTLIB/BenchMin/QF_UFLIA/mathsat/Hash/hash_sat_06_18.smt2,SAT,56,19270,SAT,38,53320,SAT,46,54150
/home/ceisenhofer/SMTLIB/BenchMin/QF_UFLIA/mathsat/Hash/hash_sat_07_11.smt2,SAT,24,19120,SAT,42,53650,SAT,44,53740
/home/ceisenhofer/SMTLIB/BenchMin/QF_UFLIA/mathsat/Hash/hash_uns_03_09.smt2,UNSAT,14,17880,UNSAT,36,17900,UNSAT,22,17900
/home/ceisenhofer/SMTLIB/BenchMin/QF_UFLIA/mathsat/Hash/hash_sat_10_16.smt2,SAT,39,20640,SAT,83,58530,SAT,74,58720
/home/ceisenhofer/SMTLIB/BenchMin/QF_UFLIA/mathsat/Hash/hash_sat_03_20.smt2,SAT,26,18560,SAT,30,51910,SAT,53,51710
/home/ceisenhofer/SMTLIB/BenchMin/QF_UFLIA/mathsat/Hash/hash_uns_05_05.smt2,UNSAT,20,17890,UNSAT,11,17910,UNSAT,21,17910
/home/ceisenhofer/SMTLIB/BenchMin/QF_UFLIA/mathsat/Hash/hash_sat_03_09.smt2,SAT,26,18430,SAT,36,51410,SAT,33,51410
/home/ceisenhofer/SMTLIB/BenchMin/QF_UFLIA/mathsat/Hash/hash_sat_08_06.smt2,SAT,38,18940,SAT,51,53000,SAT,34,53000
/home/ceisenhofer/SMTLIB/BenchMin/QF_UFLIA/mathsat/Hash/hash_uns_03_11.smt2,UNSAT,23,17880,UNSAT,23,17900,UNSAT,17,17900
/home/ceisenhofer/SMTLIB/BenchMin/QF_UFLIA/mathsat/Hash/hash_sat_09_07.smt2,SAT,42,19210,SAT,43,53910,SAT,60,53190
/home/ceisenhofer/SMTLIB/BenchMin/QF_UFLIA/mathsat/Hash/hash_uns_04_04.smt2,UNSAT,12,17880,UNSAT,26,17910,UNSAT,14,17910
/home/ceisenhofer/SMTLIB/BenchMin/QF_UFLIA/mathsat/Hash/hash_sat_04_12.smt2,SAT,30,18560,SAT,44,51910,SAT,32,51720
/home/ceisenhofer/SMTLIB/BenchMin/QF_UFLIA/mathsat/Hash/hash_sat_08_12.smt2,SAT,29,19510,SAT,57,54880,SAT,44,54980
/home/ceisenhofer/SMTLIB/BenchMin/QF_UFLIA/mathsat/Hash/hash_uns_03_07.smt2,UNSAT,12,17890,UNSAT,21,17910,UNSAT,20,17910
/home/ceisenhofer/SMTLIB/BenchMin/QF_UFLIA/mathsat/Hash/hash_uns_03_20.smt2,UNSAT,35,17980,UNSAT,22,18000,UNSAT,32,18000
/home/ceisenhofer/SMTLIB/BenchMin/QF_UFLIA/mathsat/Hash/hash_sat_05_13.smt2,SAT,30,18780,SAT,36,52680,SAT,55,52290
/home/ceisenhofer/SMTLIB/BenchMin/QF_UFLIA/mathsat/Hash/hash_sat_07_09.smt2,SAT,26,18970,SAT,60,53160,SAT,44,53160
/home/ceisenhofer/SMTLIB/BenchMin/QF_UFLIA/mathsat/Hash/hash_sat_06_10.smt2,SAT,30,18850,SAT,53,52830,SAT,49,52930
/home/ceisenhofer/SMTLIB/BenchMin/QF_UFLIA/mathsat/Hash/hash_sat_07_20.smt2,SAT,32,19720,SAT,56,55630,SAT,56,55730
/home/ceisenhofer/SMTLIB/BenchMin/QF_UFLIA/mathsat/Hash/hash_sat_10_12.smt2,SAT,46,20100,SAT,88,56870,SAT,62,56980
/home/ceisenhofer/SMTLIB/BenchMin/QF_UFLIA/mathsat/Hash/hash_sat_10_07.smt2,SAT,38,19480,SAT,46,54620,SAT,41,54720
/home/ceisenhofer/SMTLIB/BenchMin/QF_UFLIA/mathsat/Hash/hash_sat_03_03.smt2,SAT,22,18320,SAT,39,51150,SAT,38,51150
/home/ceisenhofer/SMTLIB/BenchMin/QF_UFLIA/mathsat/Hash/hash_uns_04_18.smt2,UNSAT,24,17990,UNSAT,20,18000,UNSAT,22,18000
/home/ceisenhofer/SMTLIB/BenchMin/QF_UFLIA/mathsat/Hash/hash_sat_05_17.smt2,SAT,35,18860,SAT,40,53050,SAT,38,53050
/home/ceisenhofer/SMTLIB/BenchMin/QF_UFLIA/mathsat/Hash/hash_sat_06_14.smt2,SAT,50,19010,SAT,40,52850,SAT,38,52850
/home/ceisenhofer/SMTLIB/BenchMin/QF_UFLIA/mathsat/Hash/hash_sat_10_13.smt2,SAT,43,20170,SAT,64,57410,SAT,66,57500
/home/ceisenhofer/SMTLIB/BenchMin/QF_UFLIA/mathsat/Hash/hash_sat_10_17.smt2,SAT,42,20770,SAT,83,59230,SAT,79,57330
/home/ceisenhofer/SMTLIB/BenchMin/QF_UFLIA/mathsat/Hash/hash_uns_03_03.smt2,UNSAT,16,17880,UNSAT,14,17900,UNSAT,22,17900
/home/ceisenhofer/SMTLIB/BenchMin/QF_UFLIA/mathsat/Hash/hash_sat_06_08.smt2,SAT,27,18820,SAT,56,52440,SAT,45,52540
/home/ceisenhofer/SMTLIB/BenchMin/QF_UFLIA/mathsat/Hash/hash_sat_03_07.smt2,SAT,21,18420,SAT,32,51380,SAT,26,51380
/home/ceisenhofer/SMTLIB/BenchMin/QF_UFLIA/mathsat/Hash/hash_sat_03_15.smt2,SAT,26,18440,SAT,56,51650,SAT,48,51750
/home/ceisenhofer/SMTLIB/BenchMin/QF_UFLIA/mathsat/Hash/hash_sat_09_13.smt2,SAT,28,19830,SAT,57,55840,SAT,67,55940
/home/ceisenhofer/SMTLIB/BenchMin/QF_UFLIA/mathsat/Hash/hash_sat_04_18.smt2,SAT,23,18690,SAT,31,52320,SAT,46,52320
/home/ceisenhofer/SMTLIB/BenchMin/QF_UFLIA/mathsat/Hash/hash_sat_04_16.smt2,SAT,36,18690,SAT,55,51990,SAT,47,51990
/home/ceisenhofer/SMTLIB/BenchMin/QF_UFLIA/mathsat/Hash/hash_sat_07_03.smt2,SAT,22,18570,SAT,32,51740,SAT,47,51940
/home/ceisenhofer/SMTLIB/BenchMin/QF_UFLIA/mathsat/Hash/hash_sat_06_06.smt2,SAT,21,18690,SAT,39,52090,SAT,39,52190
/home/ceisenhofer/SMTLIB/BenchMin/QF_UFLIA/mathsat/Hash/hash_sat_10_03.smt2,SAT,22,18930,SAT,42,52790,SAT,60,52790
/home/ceisenhofer/SMTLIB/BenchMin/QF_UFLIA/mathsat/Hash/hash_uns_05_19.smt2,UNSAT,32,18080,UNSAT,22,18100,UNSAT,23,18100
/home/ceisenhofer/SMTLIB/BenchMin/QF_UFLIA/mathsat/Hash/hash_sat_07_15.smt2,SAT,30,19390,SAT,60,54560,SAT,62,54660
/home/ceisenhofer/SMTLIB/BenchMin/QF_UFLIA/mathsat/Hash/hash_uns_05_15.smt2,UNSAT,31,17990,UNSAT,22,18010,UNSAT,23,18010
/home/ceisenhofer/SMTLIB/BenchMin/QF_UFLIA/mathsat/Hash/hash_sat_07_07.smt2,SAT,26,18890,SAT,45,52380,SAT,33,52770
/home/ceisenhofer/SMTLIB/BenchMin/QF_UFLIA/mathsat/Hash/hash_sat_04_04.smt2,SAT,21,18430,SAT,45,51390,SAT,32,51390
/home/ceisenhofer/SMTLIB/BenchMin/QF_UFLIA/mathsat/Hash/hash_sat_05_05.smt2,SAT,26,18550,SAT,38,51660,SAT,34,51760
/home/ceisenhofer/SMTLIB/BenchMin/QF_UFLIA/mathsat/Hash/hash_sat_05_19.smt2,SAT,33,18990,SAT,45,53210,SAT,42,53300
/home/ceisenhofer/SMTLIB/BenchMin/QF_UFLIA/mathsat/Hash/hash_sat_08_16.smt2,SAT,29,19720,SAT,56,55740,SAT,58,55930
/home/ceisenhofer/SMTLIB/BenchMin/QF_UFLIA/mathsat/Hash/hash_sat_09_17.smt2,SAT,46,20270,SAT,62,57600,SAT,68,57700
/home/ceisenhofer/SMTLIB/BenchMin/QF_UFLIA/mathsat/Hash/hash_uns_03_17.smt2,UNSAT,22,17980,UNSAT,23,18000,UNSAT,28,18000
/home/ceisenhofer/SMTLIB/BenchMin/QF_UFLIA/mathsat/Hash/hash_sat_05_09.smt2,SAT,28,18670,SAT,40,52170,SAT,30,52170
/home/ceisenhofer/SMTLIB/BenchMin/QF_UFLIA/mathsat/Hash/hash_sat_03_13.smt2,SAT,44,18440,SAT,26,51540,SAT,26,51540
/home/ceisenhofer/SMTLIB/BenchMin/QF_UFLIA/mathsat/Hash/hash_uns_04_10.smt2,UNSAT,23,17990,UNSAT,18,18010,UNSAT,24,18010
/home/ceisenhofer/SMTLIB/BenchMin/QF_UFLIA/mathsat/Hash/hash_sat_04_08.smt2,SAT,22,18540,SAT,49,51660,SAT,35,51560
/home/ceisenhofer/SMTLIB/BenchMin/QF_UFLIA/mathsat/Hash/hash_uns_05_20.smt2,UNSAT,22,18110,UNSAT,18,18130,UNSAT,25,18130
/home/ceisenhofer/SMTLIB/BenchMin/QF_UFLIA/mathsat/Hash/hash_uns_04_14.smt2,UNSAT,22,17980,UNSAT,42,18000,UNSAT,25,18000
/home/ceisenhofer/SMTLIB/BenchMin/QF_UFLIA/mathsat/Hash/hash_sat_09_05.smt2,SAT,41,18960,SAT,46,52660,SAT,44,53160
/home/ceisenhofer/SMTLIB/BenchMin/QF_UFLIA/mathsat/Hash/hash_uns_04_08.smt2,UNSAT,22,17890,UNSAT,18,17910,UNSAT,26,17910
/home/ceisenhofer/SMTLIB/BenchMin/QF_UFLIA/mathsat/Hash/hash_sat_10_09.smt2,SAT,32,19670,SAT,69,55470,SAT,47,54390
/home/ceisenhofer/SMTLIB/BenchMin/QF_UFLIA/mathsat/Hash/hash_sat_08_18.smt2,SAT,54,19950,SAT,69,56510,SAT,52,56610
/home/ceisenhofer/SMTLIB/BenchMin/QF_UFLIA/mathsat/Hash/hash_sat_10_05.smt2,SAT,22,19220,SAT,42,53660,SAT,36,53070
/home/ceisenhofer/SMTLIB/BenchMin/QF_UFLIA/mathsat/Hash/hash_sat_05_11.smt2,SAT,22,18690,SAT,42,52010,SAT,37,52010
/home/ceisenhofer/SMTLIB/BenchMin/QF_UFLIA/wisas/xs_38_58.smt2,SAT,465,21650,SAT,469,56070,SAT,484,55880
/home/ceisenhofer/SMTLIB/BenchMin/QF_UFLIA/mathsat/Hash/hash_sat_08_08.smt2,SAT,21,19110,SAT,65,53630,SAT,40,53630
/home/ceisenhofer/SMTLIB/BenchMin/QF_UFLIA/mathsat/Hash/hash_uns_05_09.smt2,UNSAT,18,17980,UNSAT,25,18000,UNSAT,15,18000
/home/ceisenhofer/SMTLIB/BenchMin/QF_UFLIA/mathsat/Hash/hash_uns_05_11.smt2,UNSAT,42,17980,UNSAT,24,18000,UNSAT,15,18000
/home/ceisenhofer/SMTLIB/BenchMin/QF_UFLIA/mathsat/Hash/hash_sat_07_13.smt2,SAT,28,19230,SAT,58,54040,SAT,40,53340
/home/ceisenhofer/SMTLIB/BenchMin/QF_UFLIA/mathsat/Hash/hash_sat_08_04.smt2,SAT,43,18810,SAT,45,52370,SAT,61,52080
/home/ceisenhofer/SMTLIB/BenchMin/QF_UFLIA/mathsat/Hash/hash_sat_09_09.smt2,SAT,38,19480,SAT,51,54660,SAT,46,54760
/home/ceisenhofer/SMTLIB/BenchMin/QF_UFLIA/mathsat/Hash/hash_sat_04_10.smt2,SAT,39,18550,SAT,29,51800,SAT,45,51600
/home/ceisenhofer/SMTLIB/BenchMin/QF_UFLIA/mathsat/Hash/hash_sat_03_17.smt2,SAT,22,18560,SAT,29,51790,SAT,45,51790
/home/ceisenhofer/SMTLIB/BenchMin/QF_UFLIA/mathsat/Hash/hash_uns_03_13.smt2,UNSAT,38,17890,UNSAT,25,17910,UNSAT,30,17910
/home/ceisenhofer/SMTLIB/BenchMin/QF_UFLIA/mathsat/Hash/hash_uns_05_14.smt2,UNSAT,43,17990,UNSAT,15,18010,UNSAT,14,18010
/home/ceisenhofer/SMTLIB/BenchMin/QF_UFLIA/mathsat/Hash/hash_sat_05_08.smt2,SAT,18,18560,SAT,33,51930,SAT,34,51930
/home/ceisenhofer/SMTLIB/BenchMin/QF_UFLIA/mathsat/Hash/hash_sat_06_12.smt2,SAT,46,18970,SAT,44,53090,SAT,42,53090
/home/ceisenhofer/SMTLIB/BenchMin/QF_UFLIA/mathsat/Hash/hash_sat_05_20.smt2,SAT,45,19000,SAT,44,53440,SAT,42,53440
/home/ceisenhofer/SMTLIB/BenchMin/QF_UFLIA/mathsat/Hash/hash_sat_04_14.smt2,SAT,39,18580,SAT,33,51850,SAT,34,52150
/home/ceisenhofer/SMTLIB/BenchMin/QF_UFLIA/mathsat/Hash/hash_sat_03_12.smt2,SAT,27,18440,SAT,27,51530,SAT,30,51430
/home/ceisenhofer/SMTLIB/BenchMin/QF_UFLIA/mathsat/Hash/hash_uns_03_16.smt2,UNSAT,24,17890,UNSAT,17,17910,UNSAT,24,17910
/home/ceisenhofer/SMTLIB/BenchMin/QF_UFLIA/mathsat/Hash/hash_uns_04_15.smt2,UNSAT,43,17980,UNSAT,17,18000,UNSAT,25,18000
/home/ceisenhofer/SMTLIB/BenchMin/QF_UFLIA/mathsat/Hash/hash_uns_05_10.smt2,UNSAT,13,17980,UNSAT,14,18000,UNSAT,14,18000
/home/ceisenhofer/SMTLIB/BenchMin/QF_UFLIA/mathsat/Hash/hash_uns_04_11.smt2,UNSAT,16,17990,UNSAT,14,18000,UNSAT,14,18000
/home/ceisenhofer/SMTLIB/BenchMin/QF_UFLIA/mathsat/Hash/hash_sat_10_15.smt2,SAT,56,20470,SAT,74,58140,SAT,71,58340
/home/ceisenhofer/SMTLIB/BenchMin/QF_UFLIA/mathsat/Hash/hash_sat_05_15.smt2,SAT,20,18850,SAT,38,52450,SAT,41,52940
/home/ceisenhofer/SMTLIB/BenchMin/QF_UFLIA/mathsat/Hash/hash_sat_10_11.smt2,SAT,55,19950,SAT,68,56400,SAT,61,56490
/home/ceisenhofer/SMTLIB/BenchMin/QF_UFLIA/mathsat/Hash/hash_uns_04_20.smt2,UNSAT,19,17990,UNSAT,19,18010,UNSAT,18,18010
/home/ceisenhofer/SMTLIB/BenchMin/QF_UFLIA/mathsat/Hash/hash_sat_06_16.smt2,SAT,41,19150,SAT,56,53150,SAT,45,53870
/home/ceisenhofer/SMTLIB/BenchMin/QF_UFLIA/mathsat/Hash/hash_uns_04_09.smt2,UNSAT,14,17980,UNSAT,14,18000,UNSAT,15,18000
/home/ceisenhofer/SMTLIB/BenchMin/QF_UFLIA/mathsat/Hash/hash_sat_04_09.smt2,SAT,33,18560,SAT,30,51580,SAT,30,51580
/home/ceisenhofer/SMTLIB/BenchMin/QF_UFLIA/mathsat/Hash/hash_sat_09_19.smt2,SAT,42,20510,SAT,89,58180,SAT,85,58260
/home/ceisenhofer/SMTLIB/BenchMin/QF_UFLIA/mathsat/Hash/hash_sat_07_12.smt2,SAT,19,19150,SAT,55,53920,SAT,38,53920
/home/ceisenhofer/SMTLIB/BenchMin/QF_UFLIA/mathsat/Hash/hash_sat_07_17.smt2,SAT,26,19550,SAT,56,55150,SAT,60,55250
/home/ceisenhofer/SMTLIB/BenchMin/QF_UFLIA/mathsat/Hash/hash_uns_04_05.smt2,UNSAT,14,17880,UNSAT,14,17900,UNSAT,14,17900
/home/ceisenhofer/SMTLIB/BenchMin/QF_UFLIA/mathsat/Hash/hash_sat_04_11.smt2,SAT,17,18560,SAT,27,51710,SAT,31,51710
/home/ceisenhofer/SMTLIB/BenchMin/QF_UFLIA/mathsat/Hash/hash_uns_03_12.smt2,UNSAT,29,17890,UNSAT,15,17910,UNSAT,15,17910
/home/ceisenhofer/SMTLIB/BenchMin/QF_UFLIA/mathsat/Hash/hash_uns_05_04.smt2,UNSAT,10,17880,UNSAT,20,17900,UNSAT,15,17900
/home/ceisenhofer/SMTLIB/BenchMin/QF_UFLIA/mathsat/Hash/hash_sat_08_10.smt2,SAT,74,19280,SAT,46,54090,SAT,47,53360
/home/ceisenhofer/SMTLIB/BenchMin/QF_UFLIA/mathsat/Hash/hash_sat_09_11.smt2,SAT,42,19660,SAT,72,55370,SAT,48,54310
/home/ceisenhofer/SMTLIB/BenchMin/QF_UFLIA/mathsat/Hash/hash_sat_04_20.smt2,SAT,28,18710,SAT,39,52170,SAT,37,52560
/home/ceisenhofer/SMTLIB/BenchMin/QF_UFLIA/mathsat/Hash/hash_sat_09_15.smt2,SAT,32,20100,SAT,65,56880,SAT,59,55460
/home/ceisenhofer/SMTLIB/BenchMin/QF_UFLIA/mathsat/Hash/hash_sat_09_08.smt2,SAT,34,19280,SAT,46,53440,SAT,43,54270
/home/ceisenhofer/SMTLIB/BenchMin/QF_UFLIA/mathsat/Hash/hash_uns_05_08.smt2,UNSAT,26,17980,UNSAT,26,18000,UNSAT,20,18000
/home/ceisenhofer/SMTLIB/BenchMin/QF_UFLIA/wisas/xs_18_38.smt2,UNSAT,1799,19940,UNSAT,1176,53530,UNSAT,1053,53510
/home/ceisenhofer/SMTLIB/BenchMin/QF_UFLIA/mathsat/Hash/hash_sat_10_04.smt2,SAT,34,19050,SAT,44,53160,SAT,33,53160
/home/ceisenhofer/SMTLIB/BenchMin/QF_UFLIA/mathsat/Hash/hash_sat_05_10.smt2,SAT,30,18680,SAT,40,51990,SAT,40,52300
/home/ceisenhofer/SMTLIB/BenchMin/QF_UFLIA/mathsat/Hash/hash_uns_03_06.smt2,UNSAT,17,17890,UNSAT,16,17910,UNSAT,17,17910
/home/ceisenhofer/SMTLIB/BenchMin/QF_UFLIA/mathsat/Hash/hash_sat_06_13.smt2,SAT,34,18980,SAT,45,52720,SAT,53,53300
/home/ceisenhofer/SMTLIB/BenchMin/QF_UFLIA/mathsat/Hash/hash_sat_08_14.smt2,SAT,45,19590,SAT,54,55300,SAT,51,55390
/home/ceisenhofer/SMTLIB/BenchMin/QF_UFLIA/mathsat/Hash/hash_sat_03_16.smt2,SAT,34,18550,SAT,31,51570,SAT,30,51570
/home/ceisenhofer/SMTLIB/BenchMin/QF_UFLIA/mathsat/Hash/hash_sat_08_09.smt2,SAT,51,19140,SAT,53,53900,SAT,48,53900
/home/ceisenhofer/SMTLIB/BenchMin/QF_UFLIA/mathsat/Hash/hash_uns_04_19.smt2,UNSAT,19,17990,UNSAT,14,18000,UNSAT,18,18000
/home/ceisenhofer/SMTLIB/BenchMin/QF_UFLIA/mathsat/Hash/hash_sat_05_14.smt2,SAT,26,18790,SAT,33,52320,SAT,33,52320
/home/ceisenhofer/SMTLIB/BenchMin/QF_UFLIA/mathsat/Hash/hash_uns_05_18.smt2,UNSAT,18,17990,UNSAT,21,18010,UNSAT,22,18010
/home/ceisenhofer/SMTLIB/BenchMin/QF_UFLIA/mathsat/Hash/hash_sat_09_20.smt2,SAT,65,20640,SAT,67,58560,SAT,80,58750
/home/ceisenhofer/SMTLIB/BenchMin/QF_UFLIA/mathsat/Hash/hash_sat_08_11.smt2,SAT,31,19390,SAT,53,54500,SAT,53,54590
/home/ceisenhofer/SMTLIB/BenchMin/QF_UFLIA/mathsat/Hash/hash_sat_06_17.smt2,SAT,29,19160,SAT,45,53880,SAT,46,53190
/home/ceisenhofer/SMTLIB/BenchMin/QF_UFLIA/mathsat/Hash/hash_sat_07_16.smt2,SAT,29,19540,SAT,45,54000,SAT,47,54000
/home/ceisenhofer/SMTLIB/BenchMin/QF_UFLIA/mathsat/Hash/hash_sat_04_19.smt2,SAT,23,18710,SAT,40,52440,SAT,41,52530
/home/ceisenhofer/SMTLIB/BenchMin/QF_UFLIA/mathsat/Hash/hash_sat_10_20.smt2,SAT,66,21130,SAT,110,60580,SAT,95,60770
/home/ceisenhofer/SMTLIB/BenchMin/QF_UFLIA/mathsat/Hash/hash_sat_04_05.smt2,SAT,22,18430,SAT,37,51420,SAT,30,51420
/home/ceisenhofer/SMTLIB/BenchMin/QF_UFLIA/mathsat/Hash/hash_sat_06_03.smt2,SAT,20,18540,SAT,33,51680,SAT,41,51680
/home/ceisenhofer/SMTLIB/BenchMin/QF_UFLIA/mathsat/Hash/hash_sat_04_15.smt2,SAT,29,18680,SAT,47,51880,SAT,47,52190
/home/ceisenhofer/SMTLIB/BenchMin/QF_UFLIA/mathsat/Hash/hash_sat_10_19.smt2,SAT,67,21000,SAT,78,60270,SAT,69,57960
/home/ceisenhofer/SMTLIB/BenchMin/QF_UFLIA/mathsat/Hash/hash_sat_05_18.smt2,SAT,29,18870,SAT,39,53080,SAT,47,53080
/home/ceisenhofer/SMTLIB/BenchMin/QF_UFLIA/mathsat/Hash/hash_sat_06_07.smt2,SAT,19,18690,SAT,43,51990,SAT,40,51990
/home/ceisenhofer/SMTLIB/BenchMin/QF_UFLIA/mathsat/Hash/hash_sat_05_04.smt2,SAT,27,18440,SAT,33,51440,SAT,24,51550
/home/ceisenhofer/SMTLIB/BenchMin/QF_UFLIA/mathsat/Hash/hash_sat_03_06.smt2,SAT,25,18420,SAT,40,51280,SAT,38,51280
/home/ceisenhofer/SMTLIB/BenchMin/QF_UFLIA/mathsat/Hash/hash_sat_09_10.smt2,SAT,30,19540,SAT,58,54970,SAT,58,54070
/home/ceisenhofer/SMTLIB/BenchMin/QF_UFLIA/mathsat/Hash/hash_sat_09_14.smt2,SAT,29,19930,SAT,53,56450,SAT,56,56550
/home/ceisenhofer/SMTLIB/BenchMin/QF_UFLIA/mathsat/Hash/hash_sat_07_06.smt2,SAT,34,18810,SAT,43,52480,SAT,35,52190
/home/ceisenhofer/SMTLIB/BenchMin/QF_UFLIA/mathsat/Hash/hash_sat_08_15.smt2,SAT,27,19720,SAT,55,54460,SAT,57,55680
/home/ceisenhofer/SMTLIB/BenchMin/QF_UFLIA/mathsat/Hash/hash_sat_08_05.smt2,SAT,27,18920,SAT,33,52350,SAT,35,52740
/home/ceisenhofer/SMTLIB/BenchMin/QF_UFLIA/mathsat/Hash/hash_sat_08_20.smt2,SAT,44,20120,SAT,65,57190,SAT,66,57290
/home/ceisenhofer/SMTLIB/BenchMin/QF_UFLIA/mathsat/Hash/hash_sat_10_08.smt2,SAT,26,19630,SAT,54,54240,SAT,51,55260
/home/ceisenhofer/SMTLIB/BenchMin/QF_UFLIA/mathsat/Hash/hash_sat_09_04.smt2,SAT,33,18910,SAT,47,52850,SAT,44,52850
/home/ceisenhofer/SMTLIB/BenchMin/QF_UFLIA/mathsat/EufLaArithmetic/hard/hard6.smt2,UNSAT,31,18620,UNSAT,39,51720,UNSAT,42,51620
/home/ceisenhofer/SMTLIB/BenchMin/QF_UFLIA/mathsat/EufLaArithmetic/hard/hard4.smt2,UNSAT,29,18520,UNSAT,43,51490,UNSAT,37,51490
/home/ceisenhofer/SMTLIB/BenchMin/QF_UFLIA/mathsat/EufLaArithmetic/hard/hard7.smt2,UNSAT,31,18730,UNSAT,41,51860,UNSAT,45,51740
/home/ceisenhofer/SMTLIB/BenchMin/QF_UFLIA/mathsat/EufLaArithmetic/medium/medium11.smt2,UNSAT,24,18560,UNSAT,39,52020,UNSAT,33,51930
/home/ceisenhofer/SMTLIB/BenchMin/QF_UFLIA/mathsat/Hash/hash_sat_10_10.smt2,SAT,28,19820,SAT,57,55920,SAT,48,56010
/home/ceisenhofer/SMTLIB/BenchMin/QF_UFLIA/mathsat/Hash/hash_sat_08_19.smt2,SAT,38,20060,SAT,68,55480,SAT,64,57020
/home/ceisenhofer/SMTLIB/BenchMin/QF_UFLIA/mathsat/EufLaArithmetic/medium/medium5.smt2,UNSAT,27,18430,UNSAT,37,51380,UNSAT,29,51380
/home/ceisenhofer/SMTLIB/BenchMin/QF_UFLIA/mathsat/Hash/hash_sat_09_18.smt2,SAT,33,20320,SAT,61,57810,SAT,69,58000
/home/ceisenhofer/SMTLIB/BenchMin/QF_UFLIA/mathsat/EufLaArithmetic/medium/medium7.smt2,UNSAT,23,18440,UNSAT,34,51520,UNSAT,25,51520
/home/ceisenhofer/SMTLIB/BenchMin/QF_UFLIA/mathsat/Hash/hash_sat_10_14.smt2,SAT,33,20280,SAT,71,57760,SAT,61,57950
/home/ceisenhofer/SMTLIB/BenchMin/QF_UFLIA/mathsat/EufLaArithmetic/medium/medium9.smt2,UNSAT,24,18540,UNSAT,38,51790,UNSAT,27,51780
/home/ceisenhofer/SMTLIB/BenchMin/QF_UFLIA/mathsat/EufLaArithmetic/medium/medium8.smt2,UNSAT,40,18530,UNSAT,38,51550,UNSAT,29,51550
/home/ceisenhofer/SMTLIB/BenchMin/QF_UFLIA/mathsat/EufLaArithmetic/hard/hard8.smt2,UNSAT,32,18730,UNSAT,48,52060,UNSAT,44,51860
/home/ceisenhofer/SMTLIB/BenchMin/QF_UFLIA/mathsat/EufLaArithmetic/medium/medium6.smt2,UNSAT,27,18430,UNSAT,28,51410,UNSAT,24,51410
/home/ceisenhofer/SMTLIB/BenchMin/QF_UFLIA/mathsat/Hash/hash_sat_10_18.smt2,SAT,47,20850,SAT,82,59540,SAT,83,59730
/home/ceisenhofer/SMTLIB/BenchMin/QF_UFLIA/mathsat/EufLaArithmetic/medium/medium10.smt2,UNSAT,42,18560,UNSAT,31,51910,UNSAT,29,51900
/home/ceisenhofer/SMTLIB/BenchMin/QF_UFLIA/mathsat/EufLaArithmetic/hard/hard5.smt2,UNSAT,41,18620,UNSAT,52,51690,UNSAT,37,51600
/home/ceisenhofer/SMTLIB/BenchMin/QF_UFLIA/mathsat/EufLaArithmetic/medium/medium14.smt2,UNSAT,29,18770,UNSAT,37,52500,UNSAT,37,52510
/home/ceisenhofer/SMTLIB/BenchMin/QF_UFLIA/mathsat/EufLaArithmetic/medium/medium12.smt2,UNSAT,36,18670,UNSAT,36,52270,UNSAT,37,52270
/home/ceisenhofer/SMTLIB/BenchMin/QF_UFLIA/mathsat/EufLaArithmetic/hard/hard10.smt2,UNSAT,45,18860,UNSAT,58,52270,UNSAT,53,52130
/home/ceisenhofer/SMTLIB/BenchMin/QF_UFLIA/mathsat/EufLaArithmetic/medium/medium15.smt2,UNSAT,44,18790,UNSAT,46,52610,UNSAT,39,52600
/home/ceisenhofer/SMTLIB/BenchMin/QF_UFLIA/mathsat/EufLaArithmetic/medium/medium13.smt2,UNSAT,34,18670,UNSAT,34,52210,UNSAT,33,52210
/home/ceisenhofer/SMTLIB/BenchMin/QF_UFLIA/mathsat/EufLaArithmetic/hard/hard9.smt2,UNSAT,41,18830,UNSAT,58,52220,UNSAT,45,52100
/home/ceisenhofer/SMTLIB/BenchMin/QF_UFLIA/mathsat/EufLaArithmetic/hard/hard11.smt2,UNSAT,54,18950,UNSAT,59,52510,UNSAT,60,52340
/home/ceisenhofer/SMTLIB/BenchMin/QF_UFLIA/mathsat/EufLaArithmetic/medium/medium18.smt2,UNSAT,48,19020,UNSAT,47,53130,UNSAT,42,53220
/home/ceisenhofer/SMTLIB/BenchMin/QF_UFLIA/mathsat/EufLaArithmetic/medium/medium19.smt2,UNSAT,50,19030,UNSAT,49,53480,UNSAT,44,53440
/home/ceisenhofer/SMTLIB/BenchMin/QF_UFLIA/mathsat/EufLaArithmetic/medium/medium16.smt2,UNSAT,44,18910,UNSAT,39,52760,UNSAT,38,52850
/home/ceisenhofer/SMTLIB/BenchMin/QF_UFLIA/mathsat/EufLaArithmetic/medium/medium20.smt2,UNSAT,63,19170,UNSAT,53,53590,UNSAT,48,53720
/home/ceisenhofer/SMTLIB/BenchMin/QF_UFLIA/mathsat/EufLaArithmetic/medium/medium17.smt2,UNSAT,43,18940,UNSAT,43,52900,UNSAT,40,53000
/home/ceisenhofer/SMTLIB/BenchMin/QF_UFLIA/mathsat/EufLaArithmetic/hard/hard12.smt2,UNSAT,57,18970,UNSAT,67,52690,UNSAT,57,52580
/home/ceisenhofer/SMTLIB/BenchMin/QF_UFLIA/mathsat/EufLaArithmetic/hard/hard14.smt2,UNSAT,69,19170,UNSAT,76,52920,UNSAT,70,52830
/home/ceisenhofer/SMTLIB/BenchMin/QF_UFLIA/mathsat/EufLaArithmetic/hard/hard13.smt2,UNSAT,63,19080,UNSAT,70,52850,UNSAT,64,52620
/home/ceisenhofer/SMTLIB/BenchMin/QF_UFLIA/mathsat/EufLaArithmetic/hard/hard15.smt2,UNSAT,85,19310,UNSAT,94,53350,UNSAT,89,53070
/home/ceisenhofer/SMTLIB/BenchMin/QF_UFLIA/mathsat/EufLaArithmetic/hard/hard16.smt2,UNSAT,90,19210,UNSAT,92,53410,UNSAT,89,53180
/home/ceisenhofer/SMTLIB/BenchMin/QF_UFLIA/mathsat/EufLaArithmetic/hard/hard18.smt2,UNSAT,96,19530,UNSAT,104,53940,UNSAT,103,53670
/home/ceisenhofer/SMTLIB/BenchMin/QF_UFLIA/mathsat/EufLaArithmetic/hard/hard17.smt2,UNSAT,96,19450,UNSAT,106,53670,UNSAT,100,53390
/home/ceisenhofer/SMTLIB/BenchMin/QF_UFLIA/mathsat/EufLaArithmetic/hard/hard19.smt2,UNSAT,107,19520,UNSAT,116,54140,UNSAT,112,53930
/home/ceisenhofer/SMTLIB/BenchMin/QF_UFLIA/mathsat/EufLaArithmetic/hard/hard20.smt2,UNSAT,156,19850,UNSAT,158,54750,UNSAT,159,54330
/home/ceisenhofer/SMTLIB/BenchMin/QF_UFLIA/20230314-Jaroslav-Bendik-Certora/93493_798593962ee29ad45ac8_52_QF_UFLIA.smt2,UNKNOWN,10041,162610,UNKNOWN,10056,282350,UNKNOWN,10044,275610
/home/ceisenhofer/SMTLIB/BenchMin/QF_UFLIA/20230314-Jaroslav-Bendik-Certora/940_590f27b1c3c800d3243e_30_QF_UFLIA.smt2,UNKNOWN,10032,245820,UNKNOWN,10065,445550,UNKNOWN,10049,436240
/home/ceisenhofer/SMTLIB/BenchMin/QF_UFLIA/wisas/xs_19_39.smt2,UNSAT,2268,20620,UNSAT,1384,54340,UNSAT,1331,54340
/home/ceisenhofer/SMTLIB/BenchMin/QF_UFLIA/wisas/xs_21_41.smt2,UNSAT,5327,22140,UNSAT,3846,56000,UNSAT,2857,55860
/home/ceisenhofer/SMTLIB/BenchMin/QF_UFLIA/20230314-Jaroslav-Bendik-Certora/72658_63104dadde9c6026353f_71_QF_UFLIA.smt2,UNKNOWN,10036,117200,UNKNOWN,10067,191420,UNKNOWN,10043,192500
/home/ceisenhofer/SMTLIB/BenchMin/QF_UFLIA/wisas/xs_26_46.smt2,SAT,4452,22450,SAT,3151,56430,SAT,3021,56370
/home/ceisenhofer/SMTLIB/BenchMin/QF_UFLIA/20230314-Jaroslav-Bendik-Certora/38347_092cc73601c78e45f4f9_55_QF_UFLIA.smt2,UNKNOWN,10043,22040,UNKNOWN,10095,56810,UNKNOWN,10011,57780
/home/ceisenhofer/SMTLIB/BenchMin/QF_UFLIA/20230314-Jaroslav-Bendik-Certora/83314_a702bf8b823398c9e37a_1_UFLIA.smt2,UNKNOWN,10044,210680,UNKNOWN,10051,310940,UNKNOWN,10019,319950
/home/ceisenhofer/SMTLIB/BenchMin/QF_UFLIA/wisas/xs_22_42.smt2,UNSAT,8597,24960,UNSAT,5844,58980,UNSAT,5772,58900
/home/ceisenhofer/SMTLIB/BenchMin/QF_UFLIA/wisas/xs_23_43.smt2,UNKNOWN,10042,29050,UNKNOWN,10007,65740,UNKNOWN,10007,65750
/home/ceisenhofer/SMTLIB/BenchMin/QF_UFLIA/wisas/xs_25_45.smt2,UNKNOWN,10036,25350,UNKNOWN,10007,60620,UNKNOWN,10009,60510
