,"smt.arith.nl.grobner.factorization=false","-file:{0} smt.arith.nl.grobner.factorization=false",,,,,,
,"RV 11767","T_norm 11767","T_cpu 11767","T_wc 11767","# SAT 11767","# UNSAT 11767","# UNKNOWN 11767",
"benchmark-submission/non-incremental/QF_UFDTLIA/20230314-Jaroslav-Bendik-Certora/11775_ad46e5b8db4748c51973_42_QF_UFDTLIA.smt2",0,1.04455155517682,1.172,1.345,1,0,0,
"benchmark-submission/non-incremental/QF_UFDTLIA/20230314-Jaroslav-Bendik-Certora/11775_ad46e5b8db4748c51973_43_QF_UFDTLIA.smt2",0,0.490240405822673,0.531,0.697,1,0,0,
"benchmark-submission/non-incremental/QF_UFDTLIA/20230314-Jaroslav-Bendik-Certora/17512_5c1021b0faa6b6e1791b_19_QF_UFDTLIA.smt2",0,18.6977267547858,19.609,21.315,0,1,0,
"benchmark-submission/non-incremental/QF_UFDTLIA/20230314-Jaroslav-Bendik-Certora/17512_5c1021b0faa6b6e1791b_20_QF_UFDTLIA.smt2",,972.118959107807,1000,1000,0,0,0,
"benchmark-submission/non-incremental/QF_UFDTLIA/20230314-Jaroslav-Bendik-Certora/17512_5c1021b0faa6b6e1791b_21_QF_UFDTLIA.smt2",0,3.26461757269279,3.703,3.887,0,1,0,
"benchmark-submission/non-incremental/QF_UFDTLIA/20230314-Jaroslav-Bendik-Certora/25959_5dee2e2f6ef44465a2bea4b085818948_65_QF_UFDTLIA.smt2",,868.770764119601,1000,1000,0,0,0,
"benchmark-submission/non-incremental/QF_UFDTLIA/20230314-Jaroslav-Bendik-Certora/25959_5dee2e2f6ef44465a2bea4b085818948_66_QF_UFDTLIA.smt2",,889.834113143343,1000,1000,0,0,0,
"benchmark-submission/non-incremental/QF_UFDTLIA/20230314-Jaroslav-Bendik-Certora/25959_5dee2e2f6ef44465a2bea4b085818948_67_QF_UFDTLIA.smt2",,908.774978279757,1000,1000,0,0,0,
"benchmark-submission/non-incremental/QF_UFDTLIA/20230314-Jaroslav-Bendik-Certora/25959_5dee2e2f6ef44465a2bea4b085818948_68_QF_UFDTLIA.smt2",,880.100967606226,1000,1000,0,0,0,
"benchmark-submission/non-incremental/QF_UFDTLIA/20230314-Jaroslav-Bendik-Certora/25959_5dee2e2f6ef44465a2bea4b085818948_69_QF_UFDTLIA.smt2",,895.547945205479,1000,1000,0,0,0,
"benchmark-submission/non-incremental/QF_UFDTLIA/20230314-Jaroslav-Bendik-Certora/30078_f817a923328f75af7e60_27_QF_UFDTLIA.smt2",0,18.3072123519459,20.688,21.564,0,1,0,
"benchmark-submission/non-incremental/QF_UFDTLIA/20230314-Jaroslav-Bendik-Certora/30078_f817a923328f75af7e60_28_QF_UFDTLIA.smt2",0,28.4208315264527,31.328,32.624,0,1,0,
"benchmark-submission/non-incremental/QF_UFDTLIA/20230314-Jaroslav-Bendik-Certora/3106_1c933134166dbad31f79_38_QF_UFDTLIA.smt2",,922.805469783855,1000,1000,0,0,0,
"benchmark-submission/non-incremental/QF_UFDTLIA/20230314-Jaroslav-Bendik-Certora/3106_1c933134166dbad31f79_39_QF_UFDTLIA.smt2",0,12.8721317744755,14.078,14.665,1,0,0,
"benchmark-submission/non-incremental/QF_UFDTLIA/20230314-Jaroslav-Bendik-Certora/3106_1c933134166dbad31f79_40_QF_UFDTLIA.smt2",0,0.207257699275362,0.219,0.354,1,0,0,
"benchmark-submission/non-incremental/QF_UFDTLIA/20230314-Jaroslav-Bendik-Certora/3106_1c933134166dbad31f79_41_QF_UFDTLIA.smt2",0,2.38572274881517,2.406,2.572,1,0,0,
"benchmark-submission/non-incremental/QF_UFDTLIA/20230314-Jaroslav-Bendik-Certora/3106_afb7bc55417e43d7a22790c3576f04fc_37_QF_UFDTLIA.smt2",0,8.89751037344398,10.25,10.688,1,0,0,
"benchmark-submission/non-incremental/QF_UFDTLIA/20230314-Jaroslav-Bendik-Certora/38347_092cc73601c78e45f4f9_55_QF_UFDTLIA.smt2",0,132.220465332233,153.141,159.436,0,1,0,
"benchmark-submission/non-incremental/QF_UFDTLIA/20230314-Jaroslav-Bendik-Certora/38347_092cc73601c78e45f4f9_56_QF_UFDTLIA.smt2",0,49.6097215667768,50.25,52.303,1,0,0,
"benchmark-submission/non-incremental/QF_UFDTLIA/20230314-Jaroslav-Bendik-Certora/38347_092cc73601c78e45f4f9_57_QF_UFDTLIA.smt2",,902.112979732643,1000,1000,0,0,0,
"benchmark-submission/non-incremental/QF_UFDTLIA/20230314-Jaroslav-Bendik-Certora/38347_092cc73601c78e45f4f9_58_QF_UFDTLIA.smt2",0,0.351478494623656,0.391,0.537,1,0,0,
"benchmark-submission/non-incremental/QF_UFDTLIA/20230314-Jaroslav-Bendik-Certora/38347_525a1ca0331f2bcbf520_54_QF_UFDTLIA.smt2",,950.909090909091,1000,1000,0,0,0,
"benchmark-submission/non-incremental/QF_UFDTLIA/20230314-Jaroslav-Bendik-Certora/39657_1c7158801cd59dc13f05_44_QF_UFDTLIA.smt2",0,2.13211988975655,2.219,2.386,1,0,0,
"benchmark-submission/non-incremental/QF_UFDTLIA/20230314-Jaroslav-Bendik-Certora/39657_1c7158801cd59dc13f05_45_QF_UFDTLIA.smt2",0,2.21681965442765,2.453,3.582,1,0,0,
"benchmark-submission/non-incremental/QF_UFDTLIA/20230314-Jaroslav-Bendik-Certora/39657_1c7158801cd59dc13f05_46_QF_UFDTLIA.smt2",0,1.69000430848772,1.875,2.024,1,0,0,
"benchmark-submission/non-incremental/QF_UFDTLIA/20230314-Jaroslav-Bendik-Certora/39657_2866defdd1f2434b69ab_47_QF_UFDTLIA.smt2",0,11.5384700665188,12.438,12.987,1,0,0,
"benchmark-submission/non-incremental/QF_UFDTLIA/20230314-Jaroslav-Bendik-Certora/39657_2866defdd1f2434b69ab_48_QF_UFDTLIA.smt2",0,5.36883036084612,6.188,6.492,1,0,0,
"benchmark-submission/non-incremental/QF_UFDTLIA/20230314-Jaroslav-Bendik-Certora/41958_32933c5a1384696720a2_61_QF_UFDTLIA.smt2",0,344.387154255319,386.859,402.195,1,0,0,
"benchmark-submission/non-incremental/QF_UFDTLIA/20230314-Jaroslav-Bendik-Certora/41958_32933c5a1384696720a2_62_QF_UFDTLIA.smt2",0,2.7961083369518,3.078,3.261,1,0,0,
"benchmark-submission/non-incremental/QF_UFDTLIA/20230314-Jaroslav-Bendik-Certora/41958_32933c5a1384696720a2_63_QF_UFDTLIA.smt2",0,1.76802065587734,1.984,2.157,1,0,0,
"benchmark-submission/non-incremental/QF_UFDTLIA/20230314-Jaroslav-Bendik-Certora/41958_45c688a4814eb926c254_59_QF_UFDTLIA.smt2",0,1.22040729741196,1.375,1.527,1,0,0,
"benchmark-submission/non-incremental/QF_UFDTLIA/20230314-Jaroslav-Bendik-Certora/41958_45c688a4814eb926c254_60_QF_UFDTLIA.smt2",0,0.65375,0.672,0.814,1,0,0,
"benchmark-submission/non-incremental/QF_UFDTLIA/20230314-Jaroslav-Bendik-Certora/44289_4066055e0f64d96da11a_14_QF_UFDTLIA.smt2",0,1.93114682884448,2.125,2.295,1,0,0,
"benchmark-submission/non-incremental/QF_UFDTLIA/20230314-Jaroslav-Bendik-Certora/44289_4066055e0f64d96da11a_15_QF_UFDTLIA.smt2",0,4.44851215870307,4.984,5.249,1,0,0,
"benchmark-submission/non-incremental/QF_UFDTLIA/20230314-Jaroslav-Bendik-Certora/44289_b077fc096b3d41cba49f8628caff7fa5_16_QF_UFDTLIA.smt2",0,10.0072503270824,10.969,11.435,1,0,0,
"benchmark-submission/non-incremental/QF_UFDTLIA/20230314-Jaroslav-Bendik-Certora/44289_e5a2e5c780236919ee6a_17_QF_UFDTLIA.smt2",0,2.03426044330776,2.281,2.45,1,0,0,
"benchmark-submission/non-incremental/QF_UFDTLIA/20230314-Jaroslav-Bendik-Certora/44289_e5a2e5c780236919ee6a_18_QF_UFDTLIA.smt2",0,2.09071340713407,2.438,2.736,1,0,0,
"benchmark-submission/non-incremental/QF_UFDTLIA/20230314-Jaroslav-Bendik-Certora/44788_1965f0d6d94d5d8054ba_34_QF_UFDTLIA.smt2",0,0.171792881032011,0.172,0.224,1,0,0,
"benchmark-submission/non-incremental/QF_UFDTLIA/20230314-Jaroslav-Bendik-Certora/44788_1965f0d6d94d5d8054ba_35_QF_UFDTLIA.smt2",0,0.869422994422994,0.969,1.147,0,1,0,
"benchmark-submission/non-incremental/QF_UFDTLIA/20230314-Jaroslav-Bendik-Certora/44788_1965f0d6d94d5d8054ba_36_QF_UFDTLIA.smt2",0,22.9516793409379,25.969,27.031,0,1,0,
"benchmark-submission/non-incremental/QF_UFDTLIA/20230314-Jaroslav-Bendik-Certora/52759_af0c476fe3b544b9a8507f3e42472c43_12_QF_UFDTLIA.smt2",0,0.514452179176755,0.609,0.786,1,0,0,
"benchmark-submission/non-incremental/QF_UFDTLIA/20230314-Jaroslav-Bendik-Certora/52759_af0c476fe3b544b9a8507f3e42472c43_13_QF_UFDTLIA.smt2",0,0.643886211232188,0.734,0.894,1,0,0,
"benchmark-submission/non-incremental/QF_UFDTLIA/20230314-Jaroslav-Bendik-Certora/52759_bec3a2272267494faeecb6bfaf253e3b_10_QF_UFDTLIA.smt2",0,22.1391628199748,25.219,26.257,0,1,0,
"benchmark-submission/non-incremental/QF_UFDTLIA/20230314-Jaroslav-Bendik-Certora/52759_bec3a2272267494faeecb6bfaf253e3b_11_QF_UFDTLIA.smt2",0,7.12745574265976,7.891,8.21,1,0,0,
"benchmark-submission/non-incremental/QF_UFDTLIA/20230314-Jaroslav-Bendik-Certora/63058_55d6bef5390186355f11_26_QF_UFDTLIA.smt2",0,2.59904816996214,2.953,3.394,1,0,0,
"benchmark-submission/non-incremental/QF_UFDTLIA/20230314-Jaroslav-Bendik-Certora/63058_64ab9a7ef7b6c3492507_22_QF_UFDTLIA.smt2",0,2.95780162412993,3.047,3.26,1,0,0,
"benchmark-submission/non-incremental/QF_UFDTLIA/20230314-Jaroslav-Bendik-Certora/63058_64ab9a7ef7b6c3492507_23_QF_UFDTLIA.smt2",0,2.42392129228101,2.672,2.846,1,0,0,
"benchmark-submission/non-incremental/QF_UFDTLIA/20230314-Jaroslav-Bendik-Certora/63058_64ab9a7ef7b6c3492507_24_QF_UFDTLIA.smt2",0,2.97036903782895,3.453,4.698,1,0,0,
"benchmark-submission/non-incremental/QF_UFDTLIA/20230314-Jaroslav-Bendik-Certora/63058_aa742630eef64f949de269382c1f9035_25_UFDTLIA.smt2",0,0.185077308362369,0.203,0.288,0,1,0,
"benchmark-submission/non-incremental/QF_UFDTLIA/20230314-Jaroslav-Bendik-Certora/65782_cd31513fdcd15701933b_5_QF_UFDTLIA.smt2",0,92.5148046398047,108.656,113.057,1,0,0,
"benchmark-submission/non-incremental/QF_UFDTLIA/20230314-Jaroslav-Bendik-Certora/65782_cd31513fdcd15701933b_6_QF_UFDTLIA.smt2",0,0.0979505565068493,0.109,0.218,1,0,0,
"benchmark-submission/non-incremental/QF_UFDTLIA/20230314-Jaroslav-Bendik-Certora/65782_cd31513fdcd15701933b_7_QF_UFDTLIA.smt2",0,0.517821782178218,0.625,0.817,1,0,0,
"benchmark-submission/non-incremental/QF_UFDTLIA/20230314-Jaroslav-Bendik-Certora/65782_cd31513fdcd15701933b_8_QF_UFDTLIA.smt2",0,0.628874519025224,0.703,0.846,1,0,0,
"benchmark-submission/non-incremental/QF_UFDTLIA/20230314-Jaroslav-Bendik-Certora/66603_accdadf23a1cf70ae043_72_QF_UFDTLIA.smt2",0,5.99986752861382,6.766,7.072,0,1,0,
"benchmark-submission/non-incremental/QF_UFDTLIA/20230314-Jaroslav-Bendik-Certora/66603_accdadf23a1cf70ae043_73_QF_UFDTLIA.smt2",,842.529198550141,1000,1000,0,0,0,
"benchmark-submission/non-incremental/QF_UFDTLIA/20230314-Jaroslav-Bendik-Certora/66603_accdadf23a1cf70ae043_74_QF_UFDTLIA.smt2",0,32.2372201894102,35.797,37.777,1,0,0,
"benchmark-submission/non-incremental/QF_UFDTLIA/20230314-Jaroslav-Bendik-Certora/66603_accdadf23a1cf70ae043_75_QF_UFDTLIA.smt2",0,12.5672938638543,12.531,13.041,1,0,0,
"benchmark-submission/non-incremental/QF_UFDTLIA/20230314-Jaroslav-Bendik-Certora/66603_accdadf23a1cf70ae043_76_QF_UFDTLIA.smt2",0,18.4831969759735,21.328,22.191,0,1,0,
"benchmark-submission/non-incremental/QF_UFDTLIA/20230314-Jaroslav-Bendik-Certora/72658_63104dadde9c6026353f_70_QF_UFDTLIA.smt2",0,0.967722039473684,1.125,1.289,1,0,0,
"benchmark-submission/non-incremental/QF_UFDTLIA/20230314-Jaroslav-Bendik-Certora/72658_63104dadde9c6026353f_71_QF_UFDTLIA.smt2",,917.141604559404,1000,1000,0,0,0,
"benchmark-submission/non-incremental/QF_UFDTLIA/20230314-Jaroslav-Bendik-Certora/72771_f9d228efc97cf1458e38_64_QF_UFDTLIA.smt2",0,2.90092887473461,3.266,3.483,1,0,0,
"benchmark-submission/non-incremental/QF_UFDTLIA/20230314-Jaroslav-Bendik-Certora/83314_a702bf8b823398c9e37a_0_UFDTLIA.smt2",0,2.20899272882806,2.469,2.656,1,0,0,
"benchmark-submission/non-incremental/QF_UFDTLIA/20230314-Jaroslav-Bendik-Certora/83314_a702bf8b823398c9e37a_1_UFDTLIA.smt2",,919.964819700968,1000,1000,0,0,0,
"benchmark-submission/non-incremental/QF_UFDTLIA/20230314-Jaroslav-Bendik-Certora/83314_a702bf8b823398c9e37a_2_UFDTLIA.smt2",,717.667238421955,1000,1000,0,0,0,
"benchmark-submission/non-incremental/QF_UFDTLIA/20230314-Jaroslav-Bendik-Certora/83314_a702bf8b823398c9e37a_3_UFDTLIA.smt2",0,75.0501580209242,82.297,85.556,0,1,0,
"benchmark-submission/non-incremental/QF_UFDTLIA/20230314-Jaroslav-Bendik-Certora/83314_a702bf8b823398c9e37a_4_UFDTLIA.smt2",,789.433962264151,1000,1000,0,0,0,
"benchmark-submission/non-incremental/QF_UFDTLIA/20230314-Jaroslav-Bendik-Certora/93493_1fdb6cc8eb9c4363b5838af9eb8c7f1f_53_QF_UFDTLIA.smt2",0,8.36300715990454,8.375,8.763,1,0,0,
"benchmark-submission/non-incremental/QF_UFDTLIA/20230314-Jaroslav-Bendik-Certora/93493_27ab26d56d60426da02e50231269b6ff_51_QF_UFDTLIA.smt2",0,18.625651631913,19.641,20.466,1,0,0,
"benchmark-submission/non-incremental/QF_UFDTLIA/20230314-Jaroslav-Bendik-Certora/93493_4ea6163ed03941199c785278ccc42812_49_QF_UFDTLIA.smt2",,825.898144492696,1000,1000,0,0,0,
"benchmark-submission/non-incremental/QF_UFDTLIA/20230314-Jaroslav-Bendik-Certora/93493_5990a6bf5f2740164f77_50_QF_UFDTLIA.smt2",0,36.384767186251,43.516,45.24,1,0,0,
"benchmark-submission/non-incremental/QF_UFDTLIA/20230314-Jaroslav-Bendik-Certora/93493_798593962ee29ad45ac8_52_QF_UFDTLIA.smt2",,858.080393765381,1000,1000,0,0,0,
"benchmark-submission/non-incremental/QF_UFDTLIA/20230314-Jaroslav-Bendik-Certora/940_590f27b1c3c800d3243e_29_QF_UFDTLIA.smt2",0,40.1063128772636,47.641,49.571,1,0,0,
"benchmark-submission/non-incremental/QF_UFDTLIA/20230314-Jaroslav-Bendik-Certora/940_590f27b1c3c800d3243e_30_QF_UFDTLIA.smt2",,901.335631193451,1000,1000,0,0,0,
"benchmark-submission/non-incremental/QF_UFDTLIA/20230314-Jaroslav-Bendik-Certora/940_590f27b1c3c800d3243e_31_QF_UFDTLIA.smt2",,873.121869782972,1000,1000,0,0,0,
"benchmark-submission/non-incremental/QF_UFDTLIA/20230314-Jaroslav-Bendik-Certora/940_590f27b1c3c800d3243e_32_QF_UFDTLIA.smt2",,827.53164556962,1000,1000,0,0,0,
"benchmark-submission/non-incremental/QF_UFDTLIA/20230314-Jaroslav-Bendik-Certora/940_590f27b1c3c800d3243e_33_QF_UFDTLIA.smt2",,896.699528504072,1000,1000,0,0,0,
"benchmark-submission/non-incremental/QF_UFDTNIA/20230314-Jaroslav-Bendik-Certora/11775_ad46e5b8db4748c51973_42_QF_UFDTNIA.smt2",0,0.840614460370995,0.953,1.107,1,0,0,
"benchmark-submission/non-incremental/QF_UFDTNIA/20230314-Jaroslav-Bendik-Certora/11775_ad46e5b8db4748c51973_43_QF_UFDTNIA.smt2",0,1.48830101180438,1.688,1.866,0,1,0,
"benchmark-submission/non-incremental/QF_UFDTNIA/20230314-Jaroslav-Bendik-Certora/17512_5c1021b0faa6b6e1791b_19_QF_UFDTNIA.smt2",0,0.916884927340318,1.297,1.474,0,1,0,
"benchmark-submission/non-incremental/QF_UFDTNIA/20230314-Jaroslav-Bendik-Certora/17512_5c1021b0faa6b6e1791b_20_QF_UFDTNIA.smt2",0,158.71210021322,177.906,185.175,0,1,0,
"benchmark-submission/non-incremental/QF_UFDTNIA/20230314-Jaroslav-Bendik-Certora/17512_5c1021b0faa6b6e1791b_21_QF_UFDTNIA.smt2",0,10.1218630370055,11.375,12.23,0,1,0,
"benchmark-submission/non-incremental/QF_UFDTNIA/20230314-Jaroslav-Bendik-Certora/25959_5dee2e2f6ef44465a2bea4b085818948_65_QF_UFDTNIA.smt2",,906.412478336222,1000,1000,0,0,0,
"benchmark-submission/non-incremental/QF_UFDTNIA/20230314-Jaroslav-Bendik-Certora/25959_5dee2e2f6ef44465a2bea4b085818948_66_QF_UFDTNIA.smt2",,851.444851444851,1000,1000,0,0,0,
"benchmark-submission/non-incremental/QF_UFDTNIA/20230314-Jaroslav-Bendik-Certora/25959_5dee2e2f6ef44465a2bea4b085818948_67_QF_UFDTNIA.smt2",,929.364726788094,1000,1000,0,0,0,
"benchmark-submission/non-incremental/QF_UFDTNIA/20230314-Jaroslav-Bendik-Certora/25959_5dee2e2f6ef44465a2bea4b085818948_68_QF_UFDTNIA.smt2",0,27.777192369157,33.234,34.804,1,0,0,
"benchmark-submission/non-incremental/QF_UFDTNIA/20230314-Jaroslav-Bendik-Certora/25959_5dee2e2f6ef44465a2bea4b085818948_69_QF_UFDTNIA.smt2",0,28.3865131578947,31.453,32.759,1,0,0,
"benchmark-submission/non-incremental/QF_UFDTNIA/20230314-Jaroslav-Bendik-Certora/30078_f817a923328f75af7e60_27_QF_UFDTNIA.smt2",0,15.7291132478632,17.594,19.365,0,1,0,
"benchmark-submission/non-incremental/QF_UFDTNIA/20230314-Jaroslav-Bendik-Certora/30078_f817a923328f75af7e60_28_QF_UFDTNIA.smt2",0,26.0978317933641,29.703,31.942,0,1,0,
"benchmark-submission/non-incremental/QF_UFDTNIA/20230314-Jaroslav-Bendik-Certora/3106_1c933134166dbad31f79_38_QF_UFDTNIA.smt2",,941.070625281152,1000,1000,0,0,0,
"benchmark-submission/non-incremental/QF_UFDTNIA/20230314-Jaroslav-Bendik-Certora/3106_1c933134166dbad31f79_39_QF_UFDTNIA.smt2",,877.51677852349,1000,1000,0,0,0,
"benchmark-submission/non-incremental/QF_UFDTNIA/20230314-Jaroslav-Bendik-Certora/3106_1c933134166dbad31f79_40_QF_UFDTNIA.smt2",0,0.216033299440773,0.203,1.066,1,0,0,
"benchmark-submission/non-incremental/QF_UFDTNIA/20230314-Jaroslav-Bendik-Certora/3106_1c933134166dbad31f79_41_QF_UFDTNIA.smt2",0,4.61739510489511,4.734,4.991,1,0,0,
"benchmark-submission/non-incremental/QF_UFDTNIA/20230314-Jaroslav-Bendik-Certora/3106_afb7bc55417e43d7a22790c3576f04fc_37_QF_UFDTNIA.smt2",0,10.3592077087794,11.563,13.245,1,0,0,
"benchmark-submission/non-incremental/QF_UFDTNIA/20230314-Jaroslav-Bendik-Certora/38347_092cc73601c78e45f4f9_55_QF_UFDTNIA.smt2",0,149.873643936459,184.906,192.276,0,1,0,
"benchmark-submission/non-incremental/QF_UFDTNIA/20230314-Jaroslav-Bendik-Certora/38347_092cc73601c78e45f4f9_56_QF_UFDTNIA.smt2",0,4.94046572934974,5.375,5.66,1,0,0,
"benchmark-submission/non-incremental/QF_UFDTNIA/20230314-Jaroslav-Bendik-Certora/38347_092cc73601c78e45f4f9_57_QF_UFDTNIA.smt2",,876.046901172529,1000,1000,0,0,0,
"benchmark-submission/non-incremental/QF_UFDTNIA/20230314-Jaroslav-Bendik-Certora/38347_092cc73601c78e45f4f9_58_QF_UFDTNIA.smt2",0,0.994964189794091,1.063,1.165,1,0,0,
"benchmark-submission/non-incremental/QF_UFDTNIA/20230314-Jaroslav-Bendik-Certora/38347_525a1ca0331f2bcbf520_54_QF_UFDTNIA.smt2",,1016.52089407191,1000,1000,0,0,0,
"benchmark-submission/non-incremental/QF_UFDTNIA/20230314-Jaroslav-Bendik-Certora/39657_1c7158801cd59dc13f05_44_QF_UFDTNIA.smt2",0,4.66712688577586,4.141,4.333,1,0,0,
"benchmark-submission/non-incremental/QF_UFDTNIA/20230314-Jaroslav-Bendik-Certora/39657_1c7158801cd59dc13f05_45_QF_UFDTNIA.smt2",0,7.33468996267109,8.453,8.837,1,0,0,
"benchmark-submission/non-incremental/QF_UFDTNIA/20230314-Jaroslav-Bendik-Certora/39657_1c7158801cd59dc13f05_46_QF_UFDTNIA.smt2",0,7.54877848378615,8.234,8.614,1,0,0,
"benchmark-submission/non-incremental/QF_UFDTNIA/20230314-Jaroslav-Bendik-Certora/39657_2866defdd1f2434b69ab_47_QF_UFDTNIA.smt2",0,0.351478494623656,0.391,0.551,1,0,0,
"benchmark-submission/non-incremental/QF_UFDTNIA/20230314-Jaroslav-Bendik-Certora/39657_2866defdd1f2434b69ab_48_QF_UFDTNIA.smt2",0,0.26411002851711,0.266,0.424,1,0,0,
"benchmark-submission/non-incremental/QF_UFDTNIA/20230314-Jaroslav-Bendik-Certora/41958_32933c5a1384696720a2_61_QF_UFDTNIA.smt2",0,3.1158176650634,3.406,4.796,1,0,0,
"benchmark-submission/non-incremental/QF_UFDTNIA/20230314-Jaroslav-Bendik-Certora/41958_32933c5a1384696720a2_62_QF_UFDTNIA.smt2",,895.547945205479,1000,1000,0,0,0,
"benchmark-submission/non-incremental/QF_UFDTNIA/20230314-Jaroslav-Bendik-Certora/41958_32933c5a1384696720a2_63_QF_UFDTNIA.smt2",0,554.344384810711,573.953,597.513,0,1,0,
"benchmark-submission/non-incremental/QF_UFDTNIA/20230314-Jaroslav-Bendik-Certora/41958_45c688a4814eb926c254_59_QF_UFDTNIA.smt2",0,0.470959027465106,0.5,0.667,1,0,0,
"benchmark-submission/non-incremental/QF_UFDTNIA/20230314-Jaroslav-Bendik-Certora/41958_45c688a4814eb926c254_60_QF_UFDTNIA.smt2",0,0.327872873964239,0.359,0.546,1,0,0,
"benchmark-submission/non-incremental/QF_UFDTNIA/20230314-Jaroslav-Bendik-Certora/44289_4066055e0f64d96da11a_14_QF_UFDTNIA.smt2",0,1.63026508801341,1.859,2.048,1,0,0,
"benchmark-submission/non-incremental/QF_UFDTNIA/20230314-Jaroslav-Bendik-Certora/44289_4066055e0f64d96da11a_15_QF_UFDTNIA.smt2",0,5.40041957279861,5.922,6.206,1,0,0,
"benchmark-submission/non-incremental/QF_UFDTNIA/20230314-Jaroslav-Bendik-Certora/44289_b077fc096b3d41cba49f8628caff7fa5_16_QF_UFDTNIA.smt2",0,4.09128325337985,4.484,4.729,1,0,0,
"benchmark-submission/non-incremental/QF_UFDTNIA/20230314-Jaroslav-Bendik-Certora/44289_e5a2e5c780236919ee6a_17_QF_UFDTNIA.smt2",0,2.34109221128021,2.5,2.653,1,0,0,
"benchmark-submission/non-incremental/QF_UFDTNIA/20230314-Jaroslav-Bendik-Certora/44289_e5a2e5c780236919ee6a_18_QF_UFDTNIA.smt2",0,3.03286082474227,3.094,3.246,1,0,0,
"benchmark-submission/non-incremental/QF_UFDTNIA/20230314-Jaroslav-Bendik-Certora/44788_1965f0d6d94d5d8054ba_34_QF_UFDTNIA.smt2",0,8.7972377472055,9.781,10.19,0,1,0,
"benchmark-submission/non-incremental/QF_UFDTNIA/20230314-Jaroslav-Bendik-Certora/44788_1965f0d6d94d5d8054ba_35_QF_UFDTNIA.smt2",,880.842105263158,1000,1000,0,0,0,
"benchmark-submission/non-incremental/QF_UFDTNIA/20230314-Jaroslav-Bendik-Certora/44788_1965f0d6d94d5d8054ba_36_QF_UFDTNIA.smt2",,866.252587991718,1000,1000,0,0,0,
"benchmark-submission/non-incremental/QF_UFDTNIA/20230314-Jaroslav-Bendik-Certora/52759_af0c476fe3b544b9a8507f3e42472c43_12_QF_UFDTNIA.smt2",0,0.411508602601762,0.469,0.586,1,0,0,
"benchmark-submission/non-incremental/QF_UFDTNIA/20230314-Jaroslav-Bendik-Certora/52759_af0c476fe3b544b9a8507f3e42472c43_13_QF_UFDTNIA.smt2",0,0.792994449013158,0.922,1.097,1,0,0,
"benchmark-submission/non-incremental/QF_UFDTNIA/20230314-Jaroslav-Bendik-Certora/52759_bec3a2272267494faeecb6bfaf253e3b_10_QF_UFDTNIA.smt2",0,22.0476559162751,24.672,25.797,0,1,0,
"benchmark-submission/non-incremental/QF_UFDTNIA/20230314-Jaroslav-Bendik-Certora/52759_bec3a2272267494faeecb6bfaf253e3b_11_QF_UFDTNIA.smt2",0,2.58359716157205,2.828,2.932,1,0,0,
"benchmark-submission/non-incremental/QF_UFDTNIA/20230314-Jaroslav-Bendik-Certora/63058_55d6bef5390186355f11_26_QF_UFDTNIA.smt2",0,4.29910127137221,4.688,4.918,1,0,0,
"benchmark-submission/non-incremental/QF_UFDTNIA/20230314-Jaroslav-Bendik-Certora/63058_64ab9a7ef7b6c3492507_22_QF_UFDTNIA.smt2",0,4.40078463203463,4.859,5.109,1,0,0,
"benchmark-submission/non-incremental/QF_UFDTNIA/20230314-Jaroslav-Bendik-Certora/63058_64ab9a7ef7b6c3492507_23_QF_UFDTNIA.smt2",0,4.0987460815047,4.375,4.554,1,0,0,
"benchmark-submission/non-incremental/QF_UFDTNIA/20230314-Jaroslav-Bendik-Certora/63058_64ab9a7ef7b6c3492507_24_QF_UFDTNIA.smt2",0,4.61606354810238,5,5.222,1,0,0,
"benchmark-submission/non-incremental/QF_UFDTNIA/20230314-Jaroslav-Bendik-Certora/63058_aa742630eef64f949de269382c1f9035_25_UFDTNIA.smt2",0,0.105104501607717,0.109,0.214,0,1,0,
"benchmark-submission/non-incremental/QF_UFDTNIA/20230314-Jaroslav-Bendik-Certora/65782_cd31513fdcd15701933b_5_QF_UFDTNIA.smt2",,936.436884512086,1000,1000,0,0,0,
"benchmark-submission/non-incremental/QF_UFDTNIA/20230314-Jaroslav-Bendik-Certora/65782_cd31513fdcd15701933b_6_QF_UFDTNIA.smt2",0,0.0727358700489542,0.078,0.19,1,0,0,
"benchmark-submission/non-incremental/QF_UFDTNIA/20230314-Jaroslav-Bendik-Certora/65782_cd31513fdcd15701933b_7_QF_UFDTNIA.smt2",0,1.82750952986023,2.063,2.251,0,1,0,
"benchmark-submission/non-incremental/QF_UFDTNIA/20230314-Jaroslav-Bendik-Certora/65782_cd31513fdcd15701933b_8_QF_UFDTNIA.smt2",0,1.59317226890756,1.813,1.959,1,0,0,
"benchmark-submission/non-incremental/QF_UFDTNIA/20230314-Jaroslav-Bendik-Certora/66603_accdadf23a1cf70ae043_72_QF_UFDTNIA.smt2",0,5.09689110824742,5.672,5.932,0,1,0,
"benchmark-submission/non-incremental/QF_UFDTNIA/20230314-Jaroslav-Bendik-Certora/66603_accdadf23a1cf70ae043_73_QF_UFDTNIA.smt2",,847.649918962723,1000,1000,0,0,0,
"benchmark-submission/non-incremental/QF_UFDTNIA/20230314-Jaroslav-Bendik-Certora/66603_accdadf23a1cf70ae043_74_QF_UFDTNIA.smt2",,893.253629376601,1000,1000,0,0,0,
"benchmark-submission/non-incremental/QF_UFDTNIA/20230314-Jaroslav-Bendik-Certora/66603_accdadf23a1cf70ae043_75_QF_UFDTNIA.smt2",,872.393661384487,1000,1000,0,0,0,
"benchmark-submission/non-incremental/QF_UFDTNIA/20230314-Jaroslav-Bendik-Certora/66603_accdadf23a1cf70ae043_76_QF_UFDTNIA.smt2",0,14.3881479481641,15.922,16.598,0,1,0,
"benchmark-submission/non-incremental/QF_UFDTNIA/20230314-Jaroslav-Bendik-Certora/72658_63104dadde9c6026353f_70_QF_UFDTNIA.smt2",,892.872385830132,1000,1000,0,0,0,
"benchmark-submission/non-incremental/QF_UFDTNIA/20230314-Jaroslav-Bendik-Certora/72658_63104dadde9c6026353f_71_QF_UFDTNIA.smt2",,889.834113143343,1000,1000,0,0,0,
"benchmark-submission/non-incremental/QF_UFDTNIA/20230314-Jaroslav-Bendik-Certora/72771_f9d228efc97cf1458e38_64_QF_UFDTNIA.smt2",0,2.3437900128041,2.625,3.286,1,0,0,
"benchmark-submission/non-incremental/QF_UFDTNIA/20230314-Jaroslav-Bendik-Certora/83314_a702bf8b823398c9e37a_0_UFDTNIA.smt2",0,0.805832586284178,0.859,1.026,1,0,0,
"benchmark-submission/non-incremental/QF_UFDTNIA/20230314-Jaroslav-Bendik-Certora/83314_a702bf8b823398c9e37a_1_UFDTNIA.smt2",0,8.9443407960199,10.313,10.731,1,0,0,
"benchmark-submission/non-incremental/QF_UFDTNIA/20230314-Jaroslav-Bendik-Certora/83314_a702bf8b823398c9e37a_2_UFDTNIA.smt2",0,4.25260304851868,4.734,4.994,1,0,0,
"benchmark-submission/non-incremental/QF_UFDTNIA/20230314-Jaroslav-Bendik-Certora/83314_a702bf8b823398c9e37a_3_UFDTNIA.smt2",0,57.9688032367973,65.063,67.768,0,1,0,
"benchmark-submission/non-incremental/QF_UFDTNIA/20230314-Jaroslav-Bendik-Certora/83314_a702bf8b823398c9e37a_4_UFDTNIA.smt2",0,83.6812265478424,85.281,88.692,1,0,0,
"benchmark-submission/non-incremental/QF_UFDTNIA/20230314-Jaroslav-Bendik-Certora/93493_1fdb6cc8eb9c4363b5838af9eb8c7f1f_53_QF_UFDTNIA.smt2",0,80.0524373406967,90.078,93.735,1,0,0,
"benchmark-submission/non-incremental/QF_UFDTNIA/20230314-Jaroslav-Bendik-Certora/93493_27ab26d56d60426da02e50231269b6ff_51_QF_UFDTNIA.smt2",0,3.78458487845076,4.391,4.646,1,0,0,
"benchmark-submission/non-incremental/QF_UFDTNIA/20230314-Jaroslav-Bendik-Certora/93493_4ea6163ed03941199c785278ccc42812_49_QF_UFDTNIA.smt2",,852.13849287169,1000,1000,0,0,0,
"benchmark-submission/non-incremental/QF_UFDTNIA/20230314-Jaroslav-Bendik-Certora/93493_5990a6bf5f2740164f77_50_QF_UFDTNIA.smt2",0,419.004353102575,474.484,493.447,1,0,0,
"benchmark-submission/non-incremental/QF_UFDTNIA/20230314-Jaroslav-Bendik-Certora/93493_798593962ee29ad45ac8_52_QF_UFDTNIA.smt2",,897.468897468897,1000,1000,0,0,0,
"benchmark-submission/non-incremental/QF_UFDTNIA/20230314-Jaroslav-Bendik-Certora/940_590f27b1c3c800d3243e_29_QF_UFDTNIA.smt2",0,136.838294079516,151.359,157.463,1,0,0,
"benchmark-submission/non-incremental/QF_UFDTNIA/20230314-Jaroslav-Bendik-Certora/940_590f27b1c3c800d3243e_30_QF_UFDTNIA.smt2",0,18.1659042553191,20.406,21.281,1,0,0,
"benchmark-submission/non-incremental/QF_UFDTNIA/20230314-Jaroslav-Bendik-Certora/940_590f27b1c3c800d3243e_31_QF_UFDTNIA.smt2",0,7.0844169917642,7.813,8.197,1,0,0,
"benchmark-submission/non-incremental/QF_UFDTNIA/20230314-Jaroslav-Bendik-Certora/940_590f27b1c3c800d3243e_32_QF_UFDTNIA.smt2",0,817.610241969128,936.813,974.699,1,0,0,
"benchmark-submission/non-incremental/QF_UFDTNIA/20230314-Jaroslav-Bendik-Certora/940_590f27b1c3c800d3243e_33_QF_UFDTNIA.smt2",0,18.7806073264782,20.953,21.835,1,0,0,
"benchmark-submission/non-incremental/QF_UFLIA/20230314-Jaroslav-Bendik-Certora/11775_ad46e5b8db4748c51973_42_QF_UFLIA.smt2",0,1.64456860706861,1.891,1.977,1,0,0,
"benchmark-submission/non-incremental/QF_UFLIA/20230314-Jaroslav-Bendik-Certora/11775_ad46e5b8db4748c51973_43_QF_UFLIA.smt2",0,0.892953228476821,1.031,1.234,1,0,0,
"benchmark-submission/non-incremental/QF_UFLIA/20230314-Jaroslav-Bendik-Certora/17512_5c1021b0faa6b6e1791b_19_QF_UFLIA.smt2",0,22.5682389593354,24.672,25.714,0,1,0,
"benchmark-submission/non-incremental/QF_UFLIA/20230314-Jaroslav-Bendik-Certora/17512_5c1021b0faa6b6e1791b_20_QF_UFLIA.smt2",,878.991596638655,1000,1000,0,0,0,
"benchmark-submission/non-incremental/QF_UFLIA/20230314-Jaroslav-Bendik-Certora/17512_5c1021b0faa6b6e1791b_21_QF_UFLIA.smt2",0,6.42420736510437,7.797,8.196,0,1,0,
"benchmark-submission/non-incremental/QF_UFLIA/20230314-Jaroslav-Bendik-Certora/25959_5dee2e2f6ef44465a2bea4b085818948_65_QF_UFLIA.smt2",,842.86865431104,1000,1000,0,0,0,
"benchmark-submission/non-incremental/QF_UFLIA/20230314-Jaroslav-Bendik-Certora/25959_5dee2e2f6ef44465a2bea4b085818948_66_QF_UFLIA.smt2",,818.146265154478,1000,1000,0,0,0,
"benchmark-submission/non-incremental/QF_UFLIA/20230314-Jaroslav-Bendik-Certora/25959_5dee2e2f6ef44465a2bea4b085818948_67_QF_UFLIA.smt2",,924.436588599205,1000,1000,0,0,0,
"benchmark-submission/non-incremental/QF_UFLIA/20230314-Jaroslav-Bendik-Certora/25959_5dee2e2f6ef44465a2bea4b085818948_68_QF_UFLIA.smt2",,883.819180397127,1000,1000,0,0,0,
"benchmark-submission/non-incremental/QF_UFLIA/20230314-Jaroslav-Bendik-Certora/25959_5dee2e2f6ef44465a2bea4b085818948_69_QF_UFLIA.smt2",,913.93621668851,1000,1000,0,0,0,
"benchmark-submission/non-incremental/QF_UFLIA/20230314-Jaroslav-Bendik-Certora/30078_f817a923328f75af7e60_27_QF_UFLIA.smt2",0,38.5347404013962,42.219,43.902,0,1,0,
"benchmark-submission/non-incremental/QF_UFLIA/20230314-Jaroslav-Bendik-Certora/30078_f817a923328f75af7e60_28_QF_UFLIA.smt2",0,51.7212800266904,55.578,57.816,0,1,0,
"benchmark-submission/non-incremental/QF_UFLIA/20230314-Jaroslav-Bendik-Certora/3106_1c933134166dbad31f79_38_QF_UFLIA.smt2",,877.51677852349,1000,1000,0,0,0,
"benchmark-submission/non-incremental/QF_UFLIA/20230314-Jaroslav-Bendik-Certora/3106_1c933134166dbad31f79_39_QF_UFLIA.smt2",0,40.1799494717501,41.813,43.495,1,0,0,
"benchmark-submission/non-incremental/QF_UFLIA/20230314-Jaroslav-Bendik-Certora/3106_1c933134166dbad31f79_40_QF_UFLIA.smt2",0,0.196004381918819,0.203,0.358,1,0,0,
"benchmark-submission/non-incremental/QF_UFLIA/20230314-Jaroslav-Bendik-Certora/3106_1c933134166dbad31f79_41_QF_UFLIA.smt2",0,4.22252888980603,4.891,5.17,1,0,0,
"benchmark-submission/non-incremental/QF_UFLIA/20230314-Jaroslav-Bendik-Certora/3106_afb7bc55417e43d7a22790c3576f04fc_37_QF_UFLIA.smt2",,860.197368421053,1000,1000,0,0,0,
"benchmark-submission/non-incremental/QF_UFLIA/20230314-Jaroslav-Bendik-Certora/38347_092cc73601c78e45f4f9_55_QF_UFLIA.smt2",,896.699528504072,1000,1000,0,0,0,
"benchmark-submission/non-incremental/QF_UFLIA/20230314-Jaroslav-Bendik-Certora/38347_092cc73601c78e45f4f9_56_QF_UFLIA.smt2",0,110.871305823117,121.047,125.995,1,0,0,
"benchmark-submission/non-incremental/QF_UFLIA/20230314-Jaroslav-Bendik-Certora/38347_092cc73601c78e45f4f9_57_QF_UFLIA.smt2",,962.28150873965,1000,1000,0,0,0,
"benchmark-submission/non-incremental/QF_UFLIA/20230314-Jaroslav-Bendik-Certora/38347_092cc73601c78e45f4f9_58_QF_UFLIA.smt2",0,0.898259198882161,0.922,1.076,1,0,0,
"benchmark-submission/non-incremental/QF_UFLIA/20230314-Jaroslav-Bendik-Certora/38347_525a1ca0331f2bcbf520_54_QF_UFLIA.smt2",,884.566596194503,1000,1000,0,0,0,
"benchmark-submission/non-incremental/QF_UFLIA/20230314-Jaroslav-Bendik-Certora/39657_1c7158801cd59dc13f05_44_QF_UFLIA.smt2",0,3.84141912402428,4.234,4.415,1,0,0,
"benchmark-submission/non-incremental/QF_UFLIA/20230314-Jaroslav-Bendik-Certora/39657_1c7158801cd59dc13f05_45_QF_UFLIA.smt2",0,3.28891191210486,4.078,4.313,1,0,0,
"benchmark-submission/non-incremental/QF_UFLIA/20230314-Jaroslav-Bendik-Certora/39657_1c7158801cd59dc13f05_46_QF_UFLIA.smt2",0,6.81551919900908,7.891,8.232,1,0,0,
"benchmark-submission/non-incremental/QF_UFLIA/20230314-Jaroslav-Bendik-Certora/39657_2866defdd1f2434b69ab_47_QF_UFLIA.smt2",0,22.9319282945736,25.453,26.554,1,0,0,
"benchmark-submission/non-incremental/QF_UFLIA/20230314-Jaroslav-Bendik-Certora/39657_2866defdd1f2434b69ab_48_QF_UFLIA.smt2",0,7.29734100877193,7.953,8.407,1,0,0,
"benchmark-submission/non-incremental/QF_UFLIA/20230314-Jaroslav-Bendik-Certora/41958_32933c5a1384696720a2_61_QF_UFLIA.smt2",0,29.486646884273,38,39.554,1,0,0,
"benchmark-submission/non-incremental/QF_UFLIA/20230314-Jaroslav-Bendik-Certora/41958_32933c5a1384696720a2_62_QF_UFLIA.smt2",0,11.2908869395712,13.844,14.458,1,0,0,
"benchmark-submission/non-incremental/QF_UFLIA/20230314-Jaroslav-Bendik-Certora/41958_32933c5a1384696720a2_63_QF_UFLIA.smt2",0,5.29792961811723,5.703,5.991,1,0,0,
"benchmark-submission/non-incremental/QF_UFLIA/20230314-Jaroslav-Bendik-Certora/41958_45c688a4814eb926c254_59_QF_UFLIA.smt2",0,5.15385298295455,5.203,5.484,1,0,0,
"benchmark-submission/non-incremental/QF_UFLIA/20230314-Jaroslav-Bendik-Certora/41958_45c688a4814eb926c254_60_QF_UFLIA.smt2",0,2.2474567352666,2.297,2.45,1,0,0,
"benchmark-submission/non-incremental/QF_UFLIA/20230314-Jaroslav-Bendik-Certora/44289_4066055e0f64d96da11a_14_QF_UFLIA.smt2",0,7.82324552047782,8.766,9.185,1,0,0,
"benchmark-submission/non-incremental/QF_UFLIA/20230314-Jaroslav-Bendik-Certora/44289_4066055e0f64d96da11a_15_QF_UFLIA.smt2",0,95.7892685851319,95.469,99.29,1,0,0,
"benchmark-submission/non-incremental/QF_UFLIA/20230314-Jaroslav-Bendik-Certora/44289_b077fc096b3d41cba49f8628caff7fa5_16_QF_UFLIA.smt2",,836.8,1000,1000,0,0,0,
"benchmark-submission/non-incremental/QF_UFLIA/20230314-Jaroslav-Bendik-Certora/44289_e5a2e5c780236919ee6a_17_QF_UFLIA.smt2",0,8.80678258145363,10.078,10.541,1,0,0,
"benchmark-submission/non-incremental/QF_UFLIA/20230314-Jaroslav-Bendik-Certora/44289_e5a2e5c780236919ee6a_18_QF_UFLIA.smt2",0,6.35905004332756,7.016,7.444,1,0,0,
"benchmark-submission/non-incremental/QF_UFLIA/20230314-Jaroslav-Bendik-Certora/44788_1965f0d6d94d5d8054ba_34_QF_UFLIA.smt2",0,0.210434549356223,0.234,0.37,1,0,0,
"benchmark-submission/non-incremental/QF_UFLIA/20230314-Jaroslav-Bendik-Certora/44788_1965f0d6d94d5d8054ba_35_QF_UFLIA.smt2",0,0.710300877559549,0.813,0.921,0,1,0,
"benchmark-submission/non-incremental/QF_UFLIA/20230314-Jaroslav-Bendik-Certora/44788_1965f0d6d94d5d8054ba_36_QF_UFLIA.smt2",,884.940778341793,1000,1000,0,0,0,
"benchmark-submission/non-incremental/QF_UFLIA/20230314-Jaroslav-Bendik-Certora/52759_af0c476fe3b544b9a8507f3e42472c43_12_QF_UFLIA.smt2",0,19.5225077708703,21.016,23.044,1,0,0,
"benchmark-submission/non-incremental/QF_UFLIA/20230314-Jaroslav-Bendik-Certora/52759_af0c476fe3b544b9a8507f3e42472c43_13_QF_UFLIA.smt2",0,8.93078876451078,10.297,10.774,1,0,0,
"benchmark-submission/non-incremental/QF_UFLIA/20230314-Jaroslav-Bendik-Certora/52759_bec3a2272267494faeecb6bfaf253e3b_10_QF_UFLIA.smt2",,1018.00486618005,1000,1000,0,0,0,
"benchmark-submission/non-incremental/QF_UFLIA/20230314-Jaroslav-Bendik-Certora/52759_bec3a2272267494faeecb6bfaf253e3b_11_QF_UFLIA.smt2",0,21.2946966437177,23.656,24.491,1,0,0,
"benchmark-submission/non-incremental/QF_UFLIA/20230314-Jaroslav-Bendik-Certora/63058_55d6bef5390186355f11_26_QF_UFLIA.smt2",0,17.1016810708263,19.391,20.218,1,0,0,
"benchmark-submission/non-incremental/QF_UFLIA/20230314-Jaroslav-Bendik-Certora/63058_64ab9a7ef7b6c3492507_22_QF_UFLIA.smt2",0,13.4538240306775,15.094,15.74,1,0,0,
"benchmark-submission/non-incremental/QF_UFLIA/20230314-Jaroslav-Bendik-Certora/63058_64ab9a7ef7b6c3492507_23_QF_UFLIA.smt2",0,16.8585678286434,19.188,19.932,1,0,0,
"benchmark-submission/non-incremental/QF_UFLIA/20230314-Jaroslav-Bendik-Certora/63058_64ab9a7ef7b6c3492507_24_QF_UFLIA.smt2",0,19.7727052880482,21.984,22.903,1,0,0,
"benchmark-submission/non-incremental/QF_UFLIA/20230314-Jaroslav-Bendik-Certora/63058_aa742630eef64f949de269382c1f9035_25_UFLIA.smt2",0,0.17061765985211,0.188,0.289,0,1,0,
"benchmark-submission/non-incremental/QF_UFLIA/20230314-Jaroslav-Bendik-Certora/65782_cd31513fdcd15701933b_5_QF_UFLIA.smt2",,853.529171766626,1000,1000,0,0,0,
"benchmark-submission/non-incremental/QF_UFLIA/20230314-Jaroslav-Bendik-Certora/65782_cd31513fdcd15701933b_6_QF_UFLIA.smt2",0,0.119866153281995,0.156,0.257,1,0,0,
"benchmark-submission/non-incremental/QF_UFLIA/20230314-Jaroslav-Bendik-Certora/65782_cd31513fdcd15701933b_7_QF_UFLIA.smt2",0,0.216664825452939,0.234,0.39,1,0,0,
"benchmark-submission/non-incremental/QF_UFLIA/20230314-Jaroslav-Bendik-Certora/65782_cd31513fdcd15701933b_8_QF_UFLIA.smt2",0,0.824172008547009,0.922,1.079,1,0,0,
"benchmark-submission/non-incremental/QF_UFLIA/20230314-Jaroslav-Bendik-Certora/66603_accdadf23a1cf70ae043_72_QF_UFLIA.smt2",0,12.4151726427623,13.406,13.969,0,1,0,
"benchmark-submission/non-incremental/QF_UFLIA/20230314-Jaroslav-Bendik-Certora/66603_accdadf23a1cf70ae043_73_QF_UFLIA.smt2",,913.138367525098,1000,1000,0,0,0,
"benchmark-submission/non-incremental/QF_UFLIA/20230314-Jaroslav-Bendik-Certora/66603_accdadf23a1cf70ae043_74_QF_UFLIA.smt2",,850.060950832995,1000,1000,0,0,0,
"benchmark-submission/non-incremental/QF_UFLIA/20230314-Jaroslav-Bendik-Certora/66603_accdadf23a1cf70ae043_75_QF_UFLIA.smt2",,926.073483842408,1000,1000,0,0,0,
"benchmark-submission/non-incremental/QF_UFLIA/20230314-Jaroslav-Bendik-Certora/66603_accdadf23a1cf70ae043_76_QF_UFLIA.smt2",0,53.4496778933092,56.516,58.714,0,1,0,
"benchmark-submission/non-incremental/QF_UFLIA/20230314-Jaroslav-Bendik-Certora/72658_63104dadde9c6026353f_70_QF_UFLIA.smt2",0,18.8731398809524,21.219,22.115,1,0,0,
"benchmark-submission/non-incremental/QF_UFLIA/20230314-Jaroslav-Bendik-Certora/72658_63104dadde9c6026353f_71_QF_UFLIA.smt2",,902.112979732643,1000,1000,0,0,0,
"benchmark-submission/non-incremental/QF_UFLIA/20230314-Jaroslav-Bendik-Certora/72771_f9d228efc97cf1458e38_64_QF_UFLIA.smt2",0,19.2933195292066,21.156,22.049,1,0,0,
"benchmark-submission/non-incremental/QF_UFLIA/20230314-Jaroslav-Bendik-Certora/83314_a702bf8b823398c9e37a_0_UFLIA.smt2",0,27.1578093306288,32,33.36,1,0,0,
"benchmark-submission/non-incremental/QF_UFLIA/20230314-Jaroslav-Bendik-Certora/83314_a702bf8b823398c9e37a_1_UFLIA.smt2",,883.819180397127,1000,1000,0,0,0,
"benchmark-submission/non-incremental/QF_UFLIA/20230314-Jaroslav-Bendik-Certora/83314_a702bf8b823398c9e37a_2_UFLIA.smt2",,780.014914243102,1000,1000,0,0,0,
"benchmark-submission/non-incremental/QF_UFLIA/20230314-Jaroslav-Bendik-Certora/83314_a702bf8b823398c9e37a_3_UFLIA.smt2",,877.148846960168,1000,1000,0,0,0,
"benchmark-submission/non-incremental/QF_UFLIA/20230314-Jaroslav-Bendik-Certora/83314_a702bf8b823398c9e37a_4_UFLIA.smt2",,853.529171766626,1000,1000,0,0,0,
"benchmark-submission/non-incremental/QF_UFLIA/20230314-Jaroslav-Bendik-Certora/93493_1fdb6cc8eb9c4363b5838af9eb8c7f1f_53_QF_UFLIA.smt2",,852.485737571312,1000,1000,0,0,0,
"benchmark-submission/non-incremental/QF_UFLIA/20230314-Jaroslav-Bendik-Certora/93493_27ab26d56d60426da02e50231269b6ff_51_QF_UFLIA.smt2",0,24.6266182088285,27.734,28.817,1,0,0,
"benchmark-submission/non-incremental/QF_UFLIA/20230314-Jaroslav-Bendik-Certora/93493_4ea6163ed03941199c785278ccc42812_49_QF_UFLIA.smt2",,872.03001250521,1000,1000,0,0,0,
"benchmark-submission/non-incremental/QF_UFLIA/20230314-Jaroslav-Bendik-Certora/93493_5990a6bf5f2740164f77_50_QF_UFLIA.smt2",,866.611433305717,1000,1000,0,0,0,
"benchmark-submission/non-incremental/QF_UFLIA/20230314-Jaroslav-Bendik-Certora/93493_798593962ee29ad45ac8_52_QF_UFLIA.smt2",,944.043321299639,1000,1000,0,0,0,
"benchmark-submission/non-incremental/QF_UFLIA/20230314-Jaroslav-Bendik-Certora/940_590f27b1c3c800d3243e_29_QF_UFLIA.smt2",,847.306601863103,1000,1000,0,0,0,
"benchmark-submission/non-incremental/QF_UFLIA/20230314-Jaroslav-Bendik-Certora/940_590f27b1c3c800d3243e_30_QF_UFLIA.smt2",,839.823364110799,1000,1000,0,0,0,
"benchmark-submission/non-incremental/QF_UFLIA/20230314-Jaroslav-Bendik-Certora/940_590f27b1c3c800d3243e_31_QF_UFLIA.smt2",,669.44,1000,1000,0,0,0,
"benchmark-submission/non-incremental/QF_UFLIA/20230314-Jaroslav-Bendik-Certora/940_590f27b1c3c800d3243e_32_QF_UFLIA.smt2",,894.399315946986,1000,1000,0,0,0,
"benchmark-submission/non-incremental/QF_UFLIA/20230314-Jaroslav-Bendik-Certora/940_590f27b1c3c800d3243e_33_QF_UFLIA.smt2",,799.694189602447,1000,1000,0,0,0,
"benchmark-submission/non-incremental/QF_UFNIA/20230314-Jaroslav-Bendik-Certora/11775_ad46e5b8db4748c51973_42_QF_UFNIA.smt2",0,1.39922711058264,1.688,1.849,1,0,0,
"benchmark-submission/non-incremental/QF_UFNIA/20230314-Jaroslav-Bendik-Certora/11775_ad46e5b8db4748c51973_43_QF_UFNIA.smt2",0,0.717662593206297,0.828,0.934,0,1,0,
"benchmark-submission/non-incremental/QF_UFNIA/20230314-Jaroslav-Bendik-Certora/17512_5c1021b0faa6b6e1791b_19_QF_UFNIA.smt2",0,1.43814247532895,1.672,1.847,0,1,0,
"benchmark-submission/non-incremental/QF_UFNIA/20230314-Jaroslav-Bendik-Certora/17512_5c1021b0faa6b6e1791b_20_QF_UFNIA.smt2",0,12.1911748927039,13.578,14.2,0,1,0,
"benchmark-submission/non-incremental/QF_UFNIA/20230314-Jaroslav-Bendik-Certora/17512_5c1021b0faa6b6e1791b_21_QF_UFNIA.smt2",0,56.632823052679,60.125,62.649,0,1,0,
"benchmark-submission/non-incremental/QF_UFNIA/20230314-Jaroslav-Bendik-Certora/25959_5dee2e2f6ef44465a2bea4b085818948_65_QF_UFNIA.smt2",0,8.04454654414703,9.625,10.194,1,0,0,
"benchmark-submission/non-incremental/QF_UFNIA/20230314-Jaroslav-Bendik-Certora/25959_5dee2e2f6ef44465a2bea4b085818948_66_QF_UFNIA.smt2",0,2.32891547217538,2.641,2.768,1,0,0,
"benchmark-submission/non-incremental/QF_UFNIA/20230314-Jaroslav-Bendik-Certora/25959_5dee2e2f6ef44465a2bea4b085818948_67_QF_UFNIA.smt2",,871.666666666667,1000,1000,0,0,0,
"benchmark-submission/non-incremental/QF_UFNIA/20230314-Jaroslav-Bendik-Certora/25959_5dee2e2f6ef44465a2bea4b085818948_68_QF_UFNIA.smt2",,873.48643006263,1000,1000,0,0,0,
"benchmark-submission/non-incremental/QF_UFNIA/20230314-Jaroslav-Bendik-Certora/25959_5dee2e2f6ef44465a2bea4b085818948_69_QF_UFNIA.smt2",0,148.445060922541,163.063,169.771,1,0,0,
"benchmark-submission/non-incremental/QF_UFNIA/20230314-Jaroslav-Bendik-Certora/30078_f817a923328f75af7e60_27_QF_UFNIA.smt2",0,35.404957239459,42.547,44.274,0,1,0,
"benchmark-submission/non-incremental/QF_UFNIA/20230314-Jaroslav-Bendik-Certora/30078_f817a923328f75af7e60_28_QF_UFNIA.smt2",0,44.8589655536771,50.734,52.728,0,1,0,
"benchmark-submission/non-incremental/QF_UFNIA/20230314-Jaroslav-Bendik-Certora/3106_1c933134166dbad31f79_38_QF_UFNIA.smt2",,812.111801242236,1000,1000,0,0,0,
"benchmark-submission/non-incremental/QF_UFNIA/20230314-Jaroslav-Bendik-Certora/3106_1c933134166dbad31f79_39_QF_UFNIA.smt2",0,521.902397654094,542.359,564.023,1,0,0,
"benchmark-submission/non-incremental/QF_UFNIA/20230314-Jaroslav-Bendik-Certora/3106_1c933134166dbad31f79_40_QF_UFNIA.smt2",0,0.331572273879966,0.375,0.526,1,0,0,
"benchmark-submission/non-incremental/QF_UFNIA/20230314-Jaroslav-Bendik-Certora/3106_1c933134166dbad31f79_41_QF_UFNIA.smt2",0,8.43135602435842,9.266,9.684,1,0,0,
"benchmark-submission/non-incremental/QF_UFNIA/20230314-Jaroslav-Bendik-Certora/3106_afb7bc55417e43d7a22790c3576f04fc_37_QF_UFNIA.smt2",0,41.3538606155999,56.516,58.778,1,0,0,
"benchmark-submission/non-incremental/QF_UFNIA/20230314-Jaroslav-Bendik-Certora/38347_092cc73601c78e45f4f9_55_QF_UFNIA.smt2",0,85.9107457105147,93.344,97.011,0,1,0,
"benchmark-submission/non-incremental/QF_UFNIA/20230314-Jaroslav-Bendik-Certora/38347_092cc73601c78e45f4f9_56_QF_UFNIA.smt2",0,6.47699305847707,7.359,7.683,1,0,0,
"benchmark-submission/non-incremental/QF_UFNIA/20230314-Jaroslav-Bendik-Certora/38347_092cc73601c78e45f4f9_57_QF_UFNIA.smt2",,932.263814616756,1000,1000,0,0,0,
"benchmark-submission/non-incremental/QF_UFNIA/20230314-Jaroslav-Bendik-Certora/38347_092cc73601c78e45f4f9_58_QF_UFNIA.smt2",0,1.22196261682243,1.313,1.497,1,0,0,
"benchmark-submission/non-incremental/QF_UFNIA/20230314-Jaroslav-Bendik-Certora/38347_525a1ca0331f2bcbf520_54_QF_UFNIA.smt2",,902.502157031924,1000,1000,0,0,0,
"benchmark-submission/non-incremental/QF_UFNIA/20230314-Jaroslav-Bendik-Certora/39657_1c7158801cd59dc13f05_44_QF_UFNIA.smt2",0,19.6692245119306,21.672,22.581,1,0,0,
"benchmark-submission/non-incremental/QF_UFNIA/20230314-Jaroslav-Bendik-Certora/39657_1c7158801cd59dc13f05_45_QF_UFNIA.smt2",0,17.9835012335526,20.906,21.822,1,0,0,
"benchmark-submission/non-incremental/QF_UFNIA/20230314-Jaroslav-Bendik-Certora/39657_1c7158801cd59dc13f05_46_QF_UFNIA.smt2",0,24.5852196324518,26.219,27.325,1,0,0,
"benchmark-submission/non-incremental/QF_UFNIA/20230314-Jaroslav-Bendik-Certora/39657_2866defdd1f2434b69ab_47_QF_UFNIA.smt2",0,4.88992775180621,5.5,5.756,1,0,0,
"benchmark-submission/non-incremental/QF_UFNIA/20230314-Jaroslav-Bendik-Certora/39657_2866defdd1f2434b69ab_48_QF_UFNIA.smt2",0,6.73019008970525,7.531,7.847,1,0,0,
"benchmark-submission/non-incremental/QF_UFNIA/20230314-Jaroslav-Bendik-Certora/41958_32933c5a1384696720a2_61_QF_UFNIA.smt2",,892.110874200426,1000,1000,0,0,0,
"benchmark-submission/non-incremental/QF_UFNIA/20230314-Jaroslav-Bendik-Certora/41958_32933c5a1384696720a2_62_QF_UFNIA.smt2",0,35.7515118790497,39.563,41.238,0,1,0,
"benchmark-submission/non-incremental/QF_UFNIA/20230314-Jaroslav-Bendik-Certora/41958_32933c5a1384696720a2_63_QF_UFNIA.smt2",0,52.8852347161572,57.891,60.193,0,1,0,
"benchmark-submission/non-incremental/QF_UFNIA/20230314-Jaroslav-Bendik-Certora/41958_45c688a4814eb926c254_59_QF_UFNIA.smt2",0,1.64281939877877,1.672,1.846,1,0,0,
"benchmark-submission/non-incremental/QF_UFNIA/20230314-Jaroslav-Bendik-Certora/41958_45c688a4814eb926c254_60_QF_UFNIA.smt2",0,0.803444372574386,0.891,1.065,1,0,0,
"benchmark-submission/non-incremental/QF_UFNIA/20230314-Jaroslav-Bendik-Certora/44289_4066055e0f64d96da11a_14_QF_UFNIA.smt2",0,10.8305329623288,12.094,12.614,1,0,0,
"benchmark-submission/non-incremental/QF_UFNIA/20230314-Jaroslav-Bendik-Certora/44289_4066055e0f64d96da11a_15_QF_UFNIA.smt2",,902.502157031924,1000,1000,0,0,0,
"benchmark-submission/non-incremental/QF_UFNIA/20230314-Jaroslav-Bendik-Certora/44289_b077fc096b3d41cba49f8628caff7fa5_16_QF_UFNIA.smt2",0,10.273529908753,14.531,15.168,1,0,0,
"benchmark-submission/non-incremental/QF_UFNIA/20230314-Jaroslav-Bendik-Certora/44289_e5a2e5c780236919ee6a_17_QF_UFNIA.smt2",0,40.4259917267713,45.547,47.414,1,0,0,
"benchmark-submission/non-incremental/QF_UFNIA/20230314-Jaroslav-Bendik-Certora/44289_e5a2e5c780236919ee6a_18_QF_UFNIA.smt2",0,7.85689151147683,8.672,9.067,1,0,0,
"benchmark-submission/non-incremental/QF_UFNIA/20230314-Jaroslav-Bendik-Certora/44788_1965f0d6d94d5d8054ba_34_QF_UFNIA.smt2",0,4.89124625908508,5.469,5.781,0,1,0,
"benchmark-submission/non-incremental/QF_UFNIA/20230314-Jaroslav-Bendik-Certora/44788_1965f0d6d94d5d8054ba_35_QF_UFNIA.smt2",,870.578443612152,1000,1000,0,0,0,
"benchmark-submission/non-incremental/QF_UFNIA/20230314-Jaroslav-Bendik-Certora/44788_1965f0d6d94d5d8054ba_36_QF_UFNIA.smt2",,964.944649446495,1000,1000,0,0,0,
"benchmark-submission/non-incremental/QF_UFNIA/20230314-Jaroslav-Bendik-Certora/52759_af0c476fe3b544b9a8507f3e42472c43_12_QF_UFNIA.smt2",0,20.0746101871102,23.078,23.995,1,0,0,
"benchmark-submission/non-incremental/QF_UFNIA/20230314-Jaroslav-Bendik-Certora/52759_af0c476fe3b544b9a8507f3e42472c43_13_QF_UFNIA.smt2",0,18.6581621503496,20.406,21.285,1,0,0,
"benchmark-submission/non-incremental/QF_UFNIA/20230314-Jaroslav-Bendik-Certora/52759_bec3a2272267494faeecb6bfaf253e3b_10_QF_UFNIA.smt2",0,361.041319889031,404.359,419.515,0,1,0,
"benchmark-submission/non-incremental/QF_UFNIA/20230314-Jaroslav-Bendik-Certora/52759_bec3a2272267494faeecb6bfaf253e3b_11_QF_UFNIA.smt2",0,48.025173257236,56.313,59.752,1,0,0,
"benchmark-submission/non-incremental/QF_UFNIA/20230314-Jaroslav-Bendik-Certora/63058_55d6bef5390186355f11_26_QF_UFNIA.smt2",0,31.6269722222222,34.016,35.329,1,0,0,
"benchmark-submission/non-incremental/QF_UFNIA/20230314-Jaroslav-Bendik-Certora/63058_64ab9a7ef7b6c3492507_22_QF_UFNIA.smt2",0,32.7162236379613,35.594,37.051,1,0,0,
"benchmark-submission/non-incremental/QF_UFNIA/20230314-Jaroslav-Bendik-Certora/63058_64ab9a7ef7b6c3492507_23_QF_UFNIA.smt2",0,34.4876811594203,39.813,41.47,1,0,0,
"benchmark-submission/non-incremental/QF_UFNIA/20230314-Jaroslav-Bendik-Certora/63058_64ab9a7ef7b6c3492507_24_QF_UFNIA.smt2",0,60.2804865206403,68.406,71.141,1,0,0,
"benchmark-submission/non-incremental/QF_UFNIA/20230314-Jaroslav-Bendik-Certora/63058_aa742630eef64f949de269382c1f9035_25_UFNIA.smt2",0,0.270816072908036,0.313,0.444,0,1,0,
"benchmark-submission/non-incremental/QF_UFNIA/20230314-Jaroslav-Bendik-Certora/65782_cd31513fdcd15701933b_5_QF_UFNIA.smt2",,919.156414762742,1000,1000,0,0,0,
"benchmark-submission/non-incremental/QF_UFNIA/20230314-Jaroslav-Bendik-Certora/65782_cd31513fdcd15701933b_6_QF_UFNIA.smt2",0,0.217463617463618,0.25,0.404,1,0,0,
"benchmark-submission/non-incremental/QF_UFNIA/20230314-Jaroslav-Bendik-Certora/65782_cd31513fdcd15701933b_7_QF_UFNIA.smt2",0,3.16285097192225,3.5,3.737,0,1,0,
"benchmark-submission/non-incremental/QF_UFNIA/20230314-Jaroslav-Bendik-Certora/65782_cd31513fdcd15701933b_8_QF_UFNIA.smt2",0,0.889077773055674,1,1.205,1,0,0,
"benchmark-submission/non-incremental/QF_UFNIA/20230314-Jaroslav-Bendik-Certora/66603_accdadf23a1cf70ae043_72_QF_UFNIA.smt2",0,32.855847639485,36.594,38.037,0,1,0,
"benchmark-submission/non-incremental/QF_UFNIA/20230314-Jaroslav-Bendik-Certora/66603_accdadf23a1cf70ae043_73_QF_UFNIA.smt2",0,491.970164501257,561.109,583.447,1,0,0,
"benchmark-submission/non-incremental/QF_UFNIA/20230314-Jaroslav-Bendik-Certora/66603_accdadf23a1cf70ae043_74_QF_UFNIA.smt2",,1045.47726136932,1000,1000,0,0,0,
"benchmark-submission/non-incremental/QF_UFNIA/20230314-Jaroslav-Bendik-Certora/66603_accdadf23a1cf70ae043_75_QF_UFNIA.smt2",,853.877551020408,1000,1000,0,0,0,
"benchmark-submission/non-incremental/QF_UFNIA/20230314-Jaroslav-Bendik-Certora/66603_accdadf23a1cf70ae043_76_QF_UFNIA.smt2",0,343.680912596401,383.438,398.624,0,1,0,
"benchmark-submission/non-incremental/QF_UFNIA/20230314-Jaroslav-Bendik-Certora/72658_63104dadde9c6026353f_70_QF_UFNIA.smt2",,913.138367525098,1000,1000,0,0,0,
"benchmark-submission/non-incremental/QF_UFNIA/20230314-Jaroslav-Bendik-Certora/72658_63104dadde9c6026353f_71_QF_UFNIA.smt2",,908.774978279757,1000,1000,0,0,0,
"benchmark-submission/non-incremental/QF_UFNIA/20230314-Jaroslav-Bendik-Certora/72771_f9d228efc97cf1458e38_64_QF_UFNIA.smt2",0,7.68059377646063,8.672,9.039,1,0,0,
"benchmark-submission/non-incremental/QF_UFNIA/20230314-Jaroslav-Bendik-Certora/83314_a702bf8b823398c9e37a_0_UFNIA.smt2",0,0.622756978289765,0.672,0.824,1,0,0,
"benchmark-submission/non-incremental/QF_UFNIA/20230314-Jaroslav-Bendik-Certora/83314_a702bf8b823398c9e37a_1_UFNIA.smt2",0,10.3636692880795,11.969,12.477,1,0,0,
"benchmark-submission/non-incremental/QF_UFNIA/20230314-Jaroslav-Bendik-Certora/83314_a702bf8b823398c9e37a_2_UFNIA.smt2",0,130.413803179056,133.344,138.71,1,0,0,
"benchmark-submission/non-incremental/QF_UFNIA/20230314-Jaroslav-Bendik-Certora/83314_a702bf8b823398c9e37a_3_UFNIA.smt2",0,50.3342179376083,55.531,57.827,0,1,0,
"benchmark-submission/non-incremental/QF_UFNIA/20230314-Jaroslav-Bendik-Certora/83314_a702bf8b823398c9e37a_4_UFNIA.smt2",0,97.8601423854725,113.344,117.966,1,0,0,
"benchmark-submission/non-incremental/QF_UFNIA/20230314-Jaroslav-Bendik-Certora/93493_1fdb6cc8eb9c4363b5838af9eb8c7f1f_53_QF_UFNIA.smt2",0,469.742379296236,548.781,570.684,1,0,0,
"benchmark-submission/non-incremental/QF_UFNIA/20230314-Jaroslav-Bendik-Certora/93493_27ab26d56d60426da02e50231269b6ff_51_QF_UFNIA.smt2",0,36.9975415512465,31.922,33.183,1,0,0,
"benchmark-submission/non-incremental/QF_UFNIA/20230314-Jaroslav-Bendik-Certora/93493_4ea6163ed03941199c785278ccc42812_49_QF_UFNIA.smt2",,880.842105263158,1000,1000,0,0,0,
"benchmark-submission/non-incremental/QF_UFNIA/20230314-Jaroslav-Bendik-Certora/93493_5990a6bf5f2740164f77_50_QF_UFNIA.smt2",,863.748967795211,1000,1000,0,0,0,
"benchmark-submission/non-incremental/QF_UFNIA/20230314-Jaroslav-Bendik-Certora/93493_798593962ee29ad45ac8_52_QF_UFNIA.smt2",,848.68154158215,1000,1000,0,0,0,
"benchmark-submission/non-incremental/QF_UFNIA/20230314-Jaroslav-Bendik-Certora/940_590f27b1c3c800d3243e_29_QF_UFNIA.smt2",0,23.590846543373,25.609,26.603,1,0,0,
"benchmark-submission/non-incremental/QF_UFNIA/20230314-Jaroslav-Bendik-Certora/940_590f27b1c3c800d3243e_30_QF_UFNIA.smt2",0,35.1800108932462,38.594,40.097,1,0,0,
"benchmark-submission/non-incremental/QF_UFNIA/20230314-Jaroslav-Bendik-Certora/940_590f27b1c3c800d3243e_31_QF_UFNIA.smt2",0,4.19215771230503,4.625,4.98,1,0,0,
"benchmark-submission/non-incremental/QF_UFNIA/20230314-Jaroslav-Bendik-Certora/940_590f27b1c3c800d3243e_32_QF_UFNIA.smt2",0,33.0212080700049,32.469,33.721,1,0,0,
"benchmark-submission/non-incremental/QF_UFNIA/20230314-Jaroslav-Bendik-Certora/940_590f27b1c3c800d3243e_33_QF_UFNIA.smt2",0,108.505833675987,126.141,131.222,1,0,0,
"benchmark-submission/non-incremental/UFDTLIA/20230314-Jaroslav-Bendik-Certora/52759_b3ecd2335fd16ec2eee2_9_UFDTLIA.smt2",0,28.0294299876084,32.438,33.807,1,0,0,
"benchmark-submission/non-incremental/UFDTNIA/20230314-Jaroslav-Bendik-Certora/52759_b3ecd2335fd16ec2eee2_9_UFDTNIA.smt2",0,578.68828814628,658.078,684.278,1,0,0,
"benchmark-submission/non-incremental/UFLIA/20230314-Jaroslav-Bendik-Certora/52759_b3ecd2335fd16ec2eee2_9_UFLIA.smt2",0,15.6462343096234,17.875,18.643,1,0,0,
"benchmark-submission/non-incremental/UFNIA/20230314-Jaroslav-Bendik-Certora/52759_b3ecd2335fd16ec2eee2_9_UFNIA.smt2",,824.271079590229,1000,1000,0,0,0,
