,"smt.arith.gomory_use_closest_int=false","-file:{0} smt.arith.gomory_use_closest_int=false",,,,,,
,"RV 11710","T_norm 11710","T_cpu 11710","T_wc 11710","# SAT 11710","# UNSAT 11710","# UNKNOWN 11710",
"benchmark-submission/non-incremental/QF_UFDTLIA/20230314-Jaroslav-Bendik-Certora/11775_ad46e5b8db4748c51973_42_QF_UFDTLIA.smt2",0,1.13054511278195,1.078,1.232,1,0,0,
"benchmark-submission/non-incremental/QF_UFDTLIA/20230314-Jaroslav-Bendik-Certora/11775_ad46e5b8db4748c51973_43_QF_UFDTLIA.smt2",0,0.451045048701299,0.531,0.678,1,0,0,
"benchmark-submission/non-incremental/QF_UFDTLIA/20230314-Jaroslav-Bendik-Certora/17512_5c1021b0faa6b6e1791b_19_QF_UFDTLIA.smt2",0,23.272341211226,22.594,23.544,0,1,0,
"benchmark-submission/non-incremental/QF_UFDTLIA/20230314-Jaroslav-Bendik-Certora/17512_5c1021b0faa6b6e1791b_20_QF_UFDTLIA.smt2",,921.180096873624,1000,1000,0,0,0,
"benchmark-submission/non-incremental/QF_UFDTLIA/20230314-Jaroslav-Bendik-Certora/17512_5c1021b0faa6b6e1791b_21_QF_UFDTLIA.smt2",0,3.56018072289157,3.531,3.719,0,1,0,
"benchmark-submission/non-incremental/QF_UFDTLIA/20230314-Jaroslav-Bendik-Certora/25959_5dee2e2f6ef44465a2bea4b085818948_65_QF_UFDTLIA.smt2",,1072.82051282051,1000,1000,0,0,0,
"benchmark-submission/non-incremental/QF_UFDTLIA/20230314-Jaroslav-Bendik-Certora/25959_5dee2e2f6ef44465a2bea4b085818948_66_QF_UFDTLIA.smt2",,849.025974025974,1000,1000,0,0,0,
"benchmark-submission/non-incremental/QF_UFDTLIA/20230314-Jaroslav-Bendik-Certora/25959_5dee2e2f6ef44465a2bea4b085818948_67_QF_UFDTLIA.smt2",,868.770764119601,1000,1000,0,0,0,
"benchmark-submission/non-incremental/QF_UFDTLIA/20230314-Jaroslav-Bendik-Certora/25959_5dee2e2f6ef44465a2bea4b085818948_68_QF_UFDTLIA.smt2",,847.649918962723,1000,1000,0,0,0,
"benchmark-submission/non-incremental/QF_UFDTLIA/20230314-Jaroslav-Bendik-Certora/25959_5dee2e2f6ef44465a2bea4b085818948_69_QF_UFDTLIA.smt2",,845.936109987869,1000,1000,0,0,0,
"benchmark-submission/non-incremental/QF_UFDTLIA/20230314-Jaroslav-Bendik-Certora/30078_f817a923328f75af7e60_27_QF_UFDTLIA.smt2",0,20.3167428861789,23.891,24.871,0,1,0,
"benchmark-submission/non-incremental/QF_UFDTLIA/20230314-Jaroslav-Bendik-Certora/30078_f817a923328f75af7e60_28_QF_UFDTLIA.smt2",0,28.2289037052117,33.141,34.481,0,1,0,
"benchmark-submission/non-incremental/QF_UFDTLIA/20230314-Jaroslav-Bendik-Certora/3106_1c933134166dbad31f79_38_QF_UFDTLIA.smt2",,858.080393765381,1000,1000,0,0,0,
"benchmark-submission/non-incremental/QF_UFDTLIA/20230314-Jaroslav-Bendik-Certora/3106_1c933134166dbad31f79_39_QF_UFDTLIA.smt2",0,23.1146104742053,21.203,22.08,1,0,0,
"benchmark-submission/non-incremental/QF_UFDTLIA/20230314-Jaroslav-Bendik-Certora/3106_1c933134166dbad31f79_40_QF_UFDTLIA.smt2",0,0.197167169323567,0.219,0.353,1,0,0,
"benchmark-submission/non-incremental/QF_UFDTLIA/20230314-Jaroslav-Bendik-Certora/3106_1c933134166dbad31f79_41_QF_UFDTLIA.smt2",0,1.64710261108566,1.719,1.899,1,0,0,
"benchmark-submission/non-incremental/QF_UFDTLIA/20230314-Jaroslav-Bendik-Certora/3106_afb7bc55417e43d7a22790c3576f04fc_37_QF_UFDTLIA.smt2",0,11.0449056799337,12.734,13.324,1,0,0,
"benchmark-submission/non-incremental/QF_UFDTLIA/20230314-Jaroslav-Bendik-Certora/38347_092cc73601c78e45f4f9_55_QF_UFDTLIA.smt2",0,414.113202708248,482.406,501.554,0,1,0,
"benchmark-submission/non-incremental/QF_UFDTLIA/20230314-Jaroslav-Bendik-Certora/38347_092cc73601c78e45f4f9_56_QF_UFDTLIA.smt2",,846.620801295022,1000,1000,0,0,0,
"benchmark-submission/non-incremental/QF_UFDTLIA/20230314-Jaroslav-Bendik-Certora/38347_092cc73601c78e45f4f9_57_QF_UFDTLIA.smt2",,845.936109987869,1000,1000,0,0,0,
"benchmark-submission/non-incremental/QF_UFDTLIA/20230314-Jaroslav-Bendik-Certora/38347_092cc73601c78e45f4f9_58_QF_UFDTLIA.smt2",0,0.35500208855472,0.406,0.58,1,0,0,
"benchmark-submission/non-incremental/QF_UFDTLIA/20230314-Jaroslav-Bendik-Certora/38347_525a1ca0331f2bcbf520_54_QF_UFDTLIA.smt2",,952.207555757852,1000,1000,0,0,0,
"benchmark-submission/non-incremental/QF_UFDTLIA/20230314-Jaroslav-Bendik-Certora/39657_1c7158801cd59dc13f05_44_QF_UFDTLIA.smt2",0,2.17159134801082,2.688,2.878,1,0,0,
"benchmark-submission/non-incremental/QF_UFDTLIA/20230314-Jaroslav-Bendik-Certora/39657_1c7158801cd59dc13f05_45_QF_UFDTLIA.smt2",0,2.00737695993031,2.203,2.355,1,0,0,
"benchmark-submission/non-incremental/QF_UFDTLIA/20230314-Jaroslav-Bendik-Certora/39657_1c7158801cd59dc13f05_46_QF_UFDTLIA.smt2",0,1.72293719211823,1.672,1.833,1,0,0,
"benchmark-submission/non-incremental/QF_UFDTLIA/20230314-Jaroslav-Bendik-Certora/39657_2866defdd1f2434b69ab_47_QF_UFDTLIA.smt2",0,19.386034015025,22.203,23.116,1,0,0,
"benchmark-submission/non-incremental/QF_UFDTLIA/20230314-Jaroslav-Bendik-Certora/39657_2866defdd1f2434b69ab_48_QF_UFDTLIA.smt2",0,9.23922193877551,8.656,9.029,1,0,0,
"benchmark-submission/non-incremental/QF_UFDTLIA/20230314-Jaroslav-Bendik-Certora/41958_32933c5a1384696720a2_61_QF_UFDTLIA.smt2",0,120.647428370127,122.781,127.612,1,0,0,
"benchmark-submission/non-incremental/QF_UFDTLIA/20230314-Jaroslav-Bendik-Certora/41958_32933c5a1384696720a2_62_QF_UFDTLIA.smt2",0,3.02997481108312,2.875,3.044,1,0,0,
"benchmark-submission/non-incremental/QF_UFDTLIA/20230314-Jaroslav-Bendik-Certora/41958_32933c5a1384696720a2_63_QF_UFDTLIA.smt2",0,1.90844490781387,2.078,2.254,1,0,0,
"benchmark-submission/non-incremental/QF_UFDTLIA/20230314-Jaroslav-Bendik-Certora/41958_45c688a4814eb926c254_59_QF_UFDTLIA.smt2",0,1.67995517928287,2.016,2.166,1,0,0,
"benchmark-submission/non-incremental/QF_UFDTLIA/20230314-Jaroslav-Bendik-Certora/41958_45c688a4814eb926c254_60_QF_UFDTLIA.smt2",0,0.682630522088353,0.813,0.99,1,0,0,
"benchmark-submission/non-incremental/QF_UFDTLIA/20230314-Jaroslav-Bendik-Certora/44289_4066055e0f64d96da11a_14_QF_UFDTLIA.smt2",0,2.13148249452954,2.328,2.511,1,0,0,
"benchmark-submission/non-incremental/QF_UFDTLIA/20230314-Jaroslav-Bendik-Certora/44289_4066055e0f64d96da11a_15_QF_UFDTLIA.smt2",0,4.98144147682639,6.063,6.314,1,0,0,
"benchmark-submission/non-incremental/QF_UFDTLIA/20230314-Jaroslav-Bendik-Certora/44289_b077fc096b3d41cba49f8628caff7fa5_16_QF_UFDTLIA.smt2",0,385.919674295775,471.516,490.334,1,0,0,
"benchmark-submission/non-incremental/QF_UFDTLIA/20230314-Jaroslav-Bendik-Certora/44289_e5a2e5c780236919ee6a_17_QF_UFDTLIA.smt2",0,2.0964135021097,2.375,2.557,1,0,0,
"benchmark-submission/non-incremental/QF_UFDTLIA/20230314-Jaroslav-Bendik-Certora/44289_e5a2e5c780236919ee6a_18_QF_UFDTLIA.smt2",0,2.14900519031142,2.375,2.524,1,0,0,
"benchmark-submission/non-incremental/QF_UFDTLIA/20230314-Jaroslav-Bendik-Certora/44788_1965f0d6d94d5d8054ba_34_QF_UFDTLIA.smt2",0,0.186076850094877,0.234,0.372,1,0,0,
"benchmark-submission/non-incremental/QF_UFDTLIA/20230314-Jaroslav-Bendik-Certora/44788_1965f0d6d94d5d8054ba_35_QF_UFDTLIA.smt2",0,0.907986111111111,0.859,1.01,0,1,0,
"benchmark-submission/non-incremental/QF_UFDTLIA/20230314-Jaroslav-Bendik-Certora/44788_1965f0d6d94d5d8054ba_36_QF_UFDTLIA.smt2",0,23.2487617632491,22.438,23.368,0,1,0,
"benchmark-submission/non-incremental/QF_UFDTLIA/20230314-Jaroslav-Bendik-Certora/52759_af0c476fe3b544b9a8507f3e42472c43_12_QF_UFDTLIA.smt2",0,0.490108288213244,0.563,0.733,1,0,0,
"benchmark-submission/non-incremental/QF_UFDTLIA/20230314-Jaroslav-Bendik-Certora/52759_af0c476fe3b544b9a8507f3e42472c43_13_QF_UFDTLIA.smt2",0,0.663787766220902,0.641,0.797,1,0,0,
"benchmark-submission/non-incremental/QF_UFDTLIA/20230314-Jaroslav-Bendik-Certora/52759_bec3a2272267494faeecb6bfaf253e3b_10_QF_UFDTLIA.smt2",0,22.5549013687601,26.781,27.901,0,1,0,
"benchmark-submission/non-incremental/QF_UFDTLIA/20230314-Jaroslav-Bendik-Certora/52759_bec3a2272267494faeecb6bfaf253e3b_11_QF_UFDTLIA.smt2",0,8.79198947159317,10.578,11.078,1,0,0,
"benchmark-submission/non-incremental/QF_UFDTLIA/20230314-Jaroslav-Bendik-Certora/63058_55d6bef5390186355f11_26_QF_UFDTLIA.smt2",0,2.56220308788599,3.094,3.288,1,0,0,
"benchmark-submission/non-incremental/QF_UFDTLIA/20230314-Jaroslav-Bendik-Certora/63058_64ab9a7ef7b6c3492507_22_QF_UFDTLIA.smt2",0,3.05562647289866,3.719,3.912,1,0,0,
"benchmark-submission/non-incremental/QF_UFDTLIA/20230314-Jaroslav-Bendik-Certora/63058_64ab9a7ef7b6c3492507_23_QF_UFDTLIA.smt2",0,2.80537467976089,3.141,3.293,1,0,0,
"benchmark-submission/non-incremental/QF_UFDTLIA/20230314-Jaroslav-Bendik-Certora/63058_64ab9a7ef7b6c3492507_24_QF_UFDTLIA.smt2",0,3.37015282846715,3.531,3.737,1,0,0,
"benchmark-submission/non-incremental/QF_UFDTLIA/20230314-Jaroslav-Bendik-Certora/63058_aa742630eef64f949de269382c1f9035_25_UFDTLIA.smt2",0,0.162422360248447,0.188,0.387,0,1,0,
"benchmark-submission/non-incremental/QF_UFDTLIA/20230314-Jaroslav-Bendik-Certora/65782_cd31513fdcd15701933b_5_QF_UFDTLIA.smt2",,818.786692759296,1000,1000,0,0,0,
"benchmark-submission/non-incremental/QF_UFDTLIA/20230314-Jaroslav-Bendik-Certora/65782_cd31513fdcd15701933b_6_QF_UFDTLIA.smt2",0,0.0865511915269197,0.094,0.202,1,0,0,
"benchmark-submission/non-incremental/QF_UFDTLIA/20230314-Jaroslav-Bendik-Certora/65782_cd31513fdcd15701933b_7_QF_UFDTLIA.smt2",0,0.523102068696331,0.641,0.852,1,0,0,
"benchmark-submission/non-incremental/QF_UFDTLIA/20230314-Jaroslav-Bendik-Certora/65782_cd31513fdcd15701933b_8_QF_UFDTLIA.smt2",0,0.636769480519481,0.75,0.937,1,0,0,
"benchmark-submission/non-incremental/QF_UFDTLIA/20230314-Jaroslav-Bendik-Certora/66603_accdadf23a1cf70ae043_72_QF_UFDTLIA.smt2",0,6.04504337706306,6.828,7.134,0,1,0,
"benchmark-submission/non-incremental/QF_UFDTLIA/20230314-Jaroslav-Bendik-Certora/66603_accdadf23a1cf70ae043_73_QF_UFDTLIA.smt2",,904.062229904927,1000,1000,0,0,0,
"benchmark-submission/non-incremental/QF_UFDTLIA/20230314-Jaroslav-Bendik-Certora/66603_accdadf23a1cf70ae043_74_QF_UFDTLIA.smt2",0,56.9777383766745,69.125,71.902,1,0,0,
"benchmark-submission/non-incremental/QF_UFDTLIA/20230314-Jaroslav-Bendik-Certora/66603_accdadf23a1cf70ae043_75_QF_UFDTLIA.smt2",0,12.1570727120769,13.906,14.529,1,0,0,
"benchmark-submission/non-incremental/QF_UFDTLIA/20230314-Jaroslav-Bendik-Certora/66603_accdadf23a1cf70ae043_76_QF_UFDTLIA.smt2",0,18.7423643637783,22.953,23.937,0,1,0,
"benchmark-submission/non-incremental/QF_UFDTLIA/20230314-Jaroslav-Bendik-Certora/72658_63104dadde9c6026353f_70_QF_UFDTLIA.smt2",0,1.02851524090462,1,1.216,1,0,0,
"benchmark-submission/non-incremental/QF_UFDTLIA/20230314-Jaroslav-Bendik-Certora/72658_63104dadde9c6026353f_71_QF_UFDTLIA.smt2",,904.453091223519,1000,1000,0,0,0,
"benchmark-submission/non-incremental/QF_UFDTLIA/20230314-Jaroslav-Bendik-Certora/72771_f9d228efc97cf1458e38_64_QF_UFDTLIA.smt2",0,3.28062556766576,3.453,3.683,1,0,0,
"benchmark-submission/non-incremental/QF_UFDTLIA/20230314-Jaroslav-Bendik-Certora/83314_a702bf8b823398c9e37a_0_UFDTLIA.smt2",0,2.23379550137363,3.109,3.319,1,0,0,
"benchmark-submission/non-incremental/QF_UFDTLIA/20230314-Jaroslav-Bendik-Certora/83314_a702bf8b823398c9e37a_1_UFDTLIA.smt2",,812.111801242236,1000,1000,0,0,0,
"benchmark-submission/non-incremental/QF_UFDTLIA/20230314-Jaroslav-Bendik-Certora/83314_a702bf8b823398c9e37a_2_UFDTLIA.smt2",,893.253629376601,1000,1000,0,0,0,
"benchmark-submission/non-incremental/QF_UFDTLIA/20230314-Jaroslav-Bendik-Certora/83314_a702bf8b823398c9e37a_3_UFDTLIA.smt2",0,82.0348257453666,97.328,101.186,0,1,0,
"benchmark-submission/non-incremental/QF_UFDTLIA/20230314-Jaroslav-Bendik-Certora/83314_a702bf8b823398c9e37a_4_UFDTLIA.smt2",,858.432498974149,1000,1000,0,0,0,
"benchmark-submission/non-incremental/QF_UFDTLIA/20230314-Jaroslav-Bendik-Certora/93493_1fdb6cc8eb9c4363b5838af9eb8c7f1f_53_QF_UFDTLIA.smt2",0,9.85139114541024,11.594,12.075,1,0,0,
"benchmark-submission/non-incremental/QF_UFDTLIA/20230314-Jaroslav-Bendik-Certora/93493_27ab26d56d60426da02e50231269b6ff_51_QF_UFDTLIA.smt2",0,17.2167701863354,19.875,20.702,1,0,0,
"benchmark-submission/non-incremental/QF_UFDTLIA/20230314-Jaroslav-Bendik-Certora/93493_4ea6163ed03941199c785278ccc42812_49_QF_UFDTLIA.smt2",,825.246548323471,1000,1000,0,0,0,
"benchmark-submission/non-incremental/QF_UFDTLIA/20230314-Jaroslav-Bendik-Certora/93493_5990a6bf5f2740164f77_50_QF_UFDTLIA.smt2",0,36.3732930159969,44.563,46.313,1,0,0,
"benchmark-submission/non-incremental/QF_UFDTLIA/20230314-Jaroslav-Bendik-Certora/93493_798593962ee29ad45ac8_52_QF_UFDTLIA.smt2",,874.947720618988,1000,1000,0,0,0,
"benchmark-submission/non-incremental/QF_UFDTLIA/20230314-Jaroslav-Bendik-Certora/940_590f27b1c3c800d3243e_29_QF_UFDTLIA.smt2",0,148.711246772806,165.203,171.738,1,0,0,
"benchmark-submission/non-incremental/QF_UFDTLIA/20230314-Jaroslav-Bendik-Certora/940_590f27b1c3c800d3243e_30_QF_UFDTLIA.smt2",,1034.10776075136,1000,1000,0,0,0,
"benchmark-submission/non-incremental/QF_UFDTLIA/20230314-Jaroslav-Bendik-Certora/940_590f27b1c3c800d3243e_31_QF_UFDTLIA.smt2",,909.565217391304,1000,1000,0,0,0,
"benchmark-submission/non-incremental/QF_UFDTLIA/20230314-Jaroslav-Bendik-Certora/940_590f27b1c3c800d3243e_32_QF_UFDTLIA.smt2",,918.349429323968,1000,1000,0,0,0,
"benchmark-submission/non-incremental/QF_UFDTLIA/20230314-Jaroslav-Bendik-Certora/940_590f27b1c3c800d3243e_33_QF_UFDTLIA.smt2",,899.011602922217,1000,1000,0,0,0,
"benchmark-submission/non-incremental/QF_UFDTNIA/20230314-Jaroslav-Bendik-Certora/11775_ad46e5b8db4748c51973_42_QF_UFDTNIA.smt2",0,0.69519427402863,0.813,0.972,1,0,0,
"benchmark-submission/non-incremental/QF_UFDTNIA/20230314-Jaroslav-Bendik-Certora/11775_ad46e5b8db4748c51973_43_QF_UFDTNIA.smt2",0,1.15960796915167,1.078,1.194,0,1,0,
"benchmark-submission/non-incremental/QF_UFDTNIA/20230314-Jaroslav-Bendik-Certora/17512_5c1021b0faa6b6e1791b_19_QF_UFDTNIA.smt2",0,3.42551065719361,3.688,3.963,0,1,0,
"benchmark-submission/non-incremental/QF_UFDTNIA/20230314-Jaroslav-Bendik-Certora/17512_5c1021b0faa6b6e1791b_20_QF_UFDTNIA.smt2",0,22.4590752611586,22.609,23.638,0,1,0,
"benchmark-submission/non-incremental/QF_UFDTNIA/20230314-Jaroslav-Bendik-Certora/17512_5c1021b0faa6b6e1791b_21_QF_UFDTNIA.smt2",0,30.3141501650165,35.125,36.559,0,1,0,
"benchmark-submission/non-incremental/QF_UFDTNIA/20230314-Jaroslav-Bendik-Certora/25959_5dee2e2f6ef44465a2bea4b085818948_65_QF_UFDTNIA.smt2",,877.148846960168,1000,1000,0,0,0,
"benchmark-submission/non-incremental/QF_UFDTNIA/20230314-Jaroslav-Bendik-Certora/25959_5dee2e2f6ef44465a2bea4b085818948_66_QF_UFDTNIA.smt2",0,15.1723549488055,17,17.696,1,0,0,
"benchmark-submission/non-incremental/QF_UFDTNIA/20230314-Jaroslav-Bendik-Certora/25959_5dee2e2f6ef44465a2bea4b085818948_67_QF_UFDTNIA.smt2",,869.131699210636,1000,1000,0,0,0,
"benchmark-submission/non-incremental/QF_UFDTNIA/20230314-Jaroslav-Bendik-Certora/25959_5dee2e2f6ef44465a2bea4b085818948_68_QF_UFDTNIA.smt2",,869.85446985447,1000,1000,0,0,0,
"benchmark-submission/non-incremental/QF_UFDTNIA/20230314-Jaroslav-Bendik-Certora/25959_5dee2e2f6ef44465a2bea4b085818948_69_QF_UFDTNIA.smt2",0,60.145,63.25,65.877,1,0,0,
"benchmark-submission/non-incremental/QF_UFDTNIA/20230314-Jaroslav-Bendik-Certora/30078_f817a923328f75af7e60_27_QF_UFDTNIA.smt2",0,17.7411710037175,20.531,21.404,0,1,0,
"benchmark-submission/non-incremental/QF_UFDTNIA/20230314-Jaroslav-Bendik-Certora/30078_f817a923328f75af7e60_28_QF_UFDTNIA.smt2",0,25.7489263803681,30.094,31.306,0,1,0,
"benchmark-submission/non-incremental/QF_UFDTNIA/20230314-Jaroslav-Bendik-Certora/3106_1c933134166dbad31f79_38_QF_UFDTNIA.smt2",,918.752744839701,1000,1000,0,0,0,
"benchmark-submission/non-incremental/QF_UFDTNIA/20230314-Jaroslav-Bendik-Certora/3106_1c933134166dbad31f79_39_QF_UFDTNIA.smt2",0,7.48473871733967,7.531,7.892,1,0,0,
"benchmark-submission/non-incremental/QF_UFDTNIA/20230314-Jaroslav-Bendik-Certora/3106_1c933134166dbad31f79_40_QF_UFDTNIA.smt2",0,0.190597667638484,0.219,0.371,1,0,0,
"benchmark-submission/non-incremental/QF_UFDTNIA/20230314-Jaroslav-Bendik-Certora/3106_1c933134166dbad31f79_41_QF_UFDTNIA.smt2",0,4.07610765838011,4.859,5.104,1,0,0,
"benchmark-submission/non-incremental/QF_UFDTNIA/20230314-Jaroslav-Bendik-Certora/3106_afb7bc55417e43d7a22790c3576f04fc_37_QF_UFDTNIA.smt2",0,16.120089964521,15.203,15.864,1,0,0,
"benchmark-submission/non-incremental/QF_UFDTNIA/20230314-Jaroslav-Bendik-Certora/38347_092cc73601c78e45f4f9_55_QF_UFDTNIA.smt2",0,32.2777110321772,36.922,38.433,0,1,0,
"benchmark-submission/non-incremental/QF_UFDTNIA/20230314-Jaroslav-Bendik-Certora/38347_092cc73601c78e45f4f9_56_QF_UFDTNIA.smt2",0,1.80443308181096,2.172,2.32,1,0,0,
"benchmark-submission/non-incremental/QF_UFDTNIA/20230314-Jaroslav-Bendik-Certora/38347_092cc73601c78e45f4f9_57_QF_UFDTNIA.smt2",,877.148846960168,1000,1000,0,0,0,
"benchmark-submission/non-incremental/QF_UFDTNIA/20230314-Jaroslav-Bendik-Certora/38347_092cc73601c78e45f4f9_58_QF_UFDTNIA.smt2",0,0.984112995426829,1.234,1.421,1,0,0,
"benchmark-submission/non-incremental/QF_UFDTNIA/20230314-Jaroslav-Bendik-Certora/38347_525a1ca0331f2bcbf520_54_QF_UFDTNIA.smt2",,843.888664784187,1000,1000,0,0,0,
"benchmark-submission/non-incremental/QF_UFDTNIA/20230314-Jaroslav-Bendik-Certora/39657_1c7158801cd59dc13f05_44_QF_UFDTNIA.smt2",0,5.84425092478422,6.797,7.18,1,0,0,
"benchmark-submission/non-incremental/QF_UFDTNIA/20230314-Jaroslav-Bendik-Certora/39657_1c7158801cd59dc13f05_45_QF_UFDTNIA.smt2",0,5.13337182448037,6.375,6.637,1,0,0,
"benchmark-submission/non-incremental/QF_UFDTNIA/20230314-Jaroslav-Bendik-Certora/39657_1c7158801cd59dc13f05_46_QF_UFDTNIA.smt2",0,5.61791886701872,5.594,5.871,1,0,0,
"benchmark-submission/non-incremental/QF_UFDTNIA/20230314-Jaroslav-Bendik-Certora/39657_2866defdd1f2434b69ab_47_QF_UFDTNIA.smt2",0,0.454190186712983,0.5,0.652,1,0,0,
"benchmark-submission/non-incremental/QF_UFDTNIA/20230314-Jaroslav-Bendik-Certora/39657_2866defdd1f2434b69ab_48_QF_UFDTNIA.smt2",0,0.370134465675867,0.5,0.692,1,0,0,
"benchmark-submission/non-incremental/QF_UFDTNIA/20230314-Jaroslav-Bendik-Certora/41958_32933c5a1384696720a2_61_QF_UFDTNIA.smt2",,893.635198633063,1000,1000,0,0,0,
"benchmark-submission/non-incremental/QF_UFDTNIA/20230314-Jaroslav-Bendik-Certora/41958_32933c5a1384696720a2_62_QF_UFDTNIA.smt2",,895.93147751606,1000,1000,0,0,0,
"benchmark-submission/non-incremental/QF_UFDTNIA/20230314-Jaroslav-Bendik-Certora/41958_32933c5a1384696720a2_63_QF_UFDTNIA.smt2",0,378.520968089694,419.594,436.178,0,1,0,
"benchmark-submission/non-incremental/QF_UFDTNIA/20230314-Jaroslav-Bendik-Certora/41958_45c688a4814eb926c254_59_QF_UFDTNIA.smt2",0,0.512927960057061,0.516,0.649,1,0,0,
"benchmark-submission/non-incremental/QF_UFDTNIA/20230314-Jaroslav-Bendik-Certora/41958_45c688a4814eb926c254_60_QF_UFDTNIA.smt2",0,0.339081950207469,0.391,0.575,1,0,0,
"benchmark-submission/non-incremental/QF_UFDTNIA/20230314-Jaroslav-Bendik-Certora/44289_4066055e0f64d96da11a_14_QF_UFDTNIA.smt2",0,1.91348481514085,2.078,2.261,1,0,0,
"benchmark-submission/non-incremental/QF_UFDTNIA/20230314-Jaroslav-Bendik-Certora/44289_4066055e0f64d96da11a_15_QF_UFDTNIA.smt2",0,6.18487799657534,6.906,7.22,1,0,0,
"benchmark-submission/non-incremental/QF_UFDTNIA/20230314-Jaroslav-Bendik-Certora/44289_b077fc096b3d41cba49f8628caff7fa5_16_QF_UFDTNIA.smt2",0,2.79056735306735,3.109,3.236,1,0,0,
"benchmark-submission/non-incremental/QF_UFDTNIA/20230314-Jaroslav-Bendik-Certora/44289_e5a2e5c780236919ee6a_17_QF_UFDTNIA.smt2",0,2.55742304403591,2.859,3.067,1,0,0,
"benchmark-submission/non-incremental/QF_UFDTNIA/20230314-Jaroslav-Bendik-Certora/44289_e5a2e5c780236919ee6a_18_QF_UFDTNIA.smt2",0,4.49119793902963,5,5.292,1,0,0,
"benchmark-submission/non-incremental/QF_UFDTNIA/20230314-Jaroslav-Bendik-Certora/44788_1965f0d6d94d5d8054ba_34_QF_UFDTNIA.smt2",0,11.7173632055149,13,13.525,0,1,0,
"benchmark-submission/non-incremental/QF_UFDTNIA/20230314-Jaroslav-Bendik-Certora/44788_1965f0d6d94d5d8054ba_35_QF_UFDTNIA.smt2",,893.253629376601,1000,1000,0,0,0,
"benchmark-submission/non-incremental/QF_UFDTNIA/20230314-Jaroslav-Bendik-Certora/44788_1965f0d6d94d5d8054ba_36_QF_UFDTNIA.smt2",,891.350660417554,1000,1000,0,0,0,
"benchmark-submission/non-incremental/QF_UFDTNIA/20230314-Jaroslav-Bendik-Certora/52759_af0c476fe3b544b9a8507f3e42472c43_12_QF_UFDTNIA.smt2",0,0.437905142610199,0.484,0.655,1,0,0,
"benchmark-submission/non-incremental/QF_UFDTNIA/20230314-Jaroslav-Bendik-Certora/52759_af0c476fe3b544b9a8507f3e42472c43_13_QF_UFDTNIA.smt2",0,0.829846170395869,0.922,1.074,1,0,0,
"benchmark-submission/non-incremental/QF_UFDTNIA/20230314-Jaroslav-Bendik-Certora/52759_bec3a2272267494faeecb6bfaf253e3b_10_QF_UFDTNIA.smt2",0,25.0138311559778,30.203,31.461,0,1,0,
"benchmark-submission/non-incremental/QF_UFDTNIA/20230314-Jaroslav-Bendik-Certora/52759_bec3a2272267494faeecb6bfaf253e3b_11_QF_UFDTNIA.smt2",0,2.90487605238541,2.969,3.122,1,0,0,
"benchmark-submission/non-incremental/QF_UFDTNIA/20230314-Jaroslav-Bendik-Certora/63058_55d6bef5390186355f11_26_QF_UFDTNIA.smt2",0,4.32752249357327,4.828,5.141,1,0,0,
"benchmark-submission/non-incremental/QF_UFDTNIA/20230314-Jaroslav-Bendik-Certora/63058_64ab9a7ef7b6c3492507_22_QF_UFDTNIA.smt2",0,2.82103370545298,3.141,3.317,1,0,0,
"benchmark-submission/non-incremental/QF_UFDTNIA/20230314-Jaroslav-Bendik-Certora/63058_64ab9a7ef7b6c3492507_23_QF_UFDTNIA.smt2",0,4.5176660722247,4.844,5.112,1,0,0,
"benchmark-submission/non-incremental/QF_UFDTNIA/20230314-Jaroslav-Bendik-Certora/63058_64ab9a7ef7b6c3492507_24_QF_UFDTNIA.smt2",0,4.0495547812621,5,5.269,1,0,0,
"benchmark-submission/non-incremental/QF_UFDTNIA/20230314-Jaroslav-Bendik-Certora/63058_aa742630eef64f949de269382c1f9035_25_UFDTNIA.smt2",0,0.182357043235704,0.25,0.433,0,1,0,
"benchmark-submission/non-incremental/QF_UFDTNIA/20230314-Jaroslav-Bendik-Certora/65782_cd31513fdcd15701933b_5_QF_UFDTNIA.smt2",,896.699528504072,1000,1000,0,0,0,
"benchmark-submission/non-incremental/QF_UFDTNIA/20230314-Jaroslav-Bendik-Certora/65782_cd31513fdcd15701933b_6_QF_UFDTNIA.smt2",0,0.0714949693788276,0.078,0.198,1,0,0,
"benchmark-submission/non-incremental/QF_UFDTNIA/20230314-Jaroslav-Bendik-Certora/65782_cd31513fdcd15701933b_7_QF_UFDTNIA.smt2",0,1.16440450643777,1.297,1.486,0,1,0,
"benchmark-submission/non-incremental/QF_UFDTNIA/20230314-Jaroslav-Bendik-Certora/65782_cd31513fdcd15701933b_8_QF_UFDTNIA.smt2",0,1.52224532224532,1.75,1.923,1,0,0,
"benchmark-submission/non-incremental/QF_UFDTNIA/20230314-Jaroslav-Bendik-Certora/66603_accdadf23a1cf70ae043_72_QF_UFDTNIA.smt2",0,5.12580334190231,5.719,6,0,1,0,
"benchmark-submission/non-incremental/QF_UFDTNIA/20230314-Jaroslav-Bendik-Certora/66603_accdadf23a1cf70ae043_73_QF_UFDTNIA.smt2",,911.546840958606,1000,1000,0,0,0,
"benchmark-submission/non-incremental/QF_UFDTNIA/20230314-Jaroslav-Bendik-Certora/66603_accdadf23a1cf70ae043_74_QF_UFDTNIA.smt2",,864.820173625465,1000,1000,0,0,0,
"benchmark-submission/non-incremental/QF_UFDTNIA/20230314-Jaroslav-Bendik-Certora/66603_accdadf23a1cf70ae043_75_QF_UFDTNIA.smt2",,895.164741121095,1000,1000,0,0,0,
"benchmark-submission/non-incremental/QF_UFDTNIA/20230314-Jaroslav-Bendik-Certora/66603_accdadf23a1cf70ae043_76_QF_UFDTNIA.smt2",0,15.3360694679054,17.359,18.117,0,1,0,
"benchmark-submission/non-incremental/QF_UFDTNIA/20230314-Jaroslav-Bendik-Certora/72658_63104dadde9c6026353f_70_QF_UFDTNIA.smt2",0,1.76501381802721,1.984,2.103,1,0,0,
"benchmark-submission/non-incremental/QF_UFDTNIA/20230314-Jaroslav-Bendik-Certora/72658_63104dadde9c6026353f_71_QF_UFDTNIA.smt2",,901.335631193451,1000,1000,0,0,0,
"benchmark-submission/non-incremental/QF_UFDTNIA/20230314-Jaroslav-Bendik-Certora/72771_f9d228efc97cf1458e38_64_QF_UFDTNIA.smt2",0,2.27667264668637,2.578,2.743,1,0,0,
"benchmark-submission/non-incremental/QF_UFDTNIA/20230314-Jaroslav-Bendik-Certora/83314_a702bf8b823398c9e37a_0_UFDTNIA.smt2",0,0.738779317697228,0.828,0.978,1,0,0,
"benchmark-submission/non-incremental/QF_UFDTNIA/20230314-Jaroslav-Bendik-Certora/83314_a702bf8b823398c9e37a_1_UFDTNIA.smt2",0,6.21706116464181,7.094,7.397,1,0,0,
"benchmark-submission/non-incremental/QF_UFDTNIA/20230314-Jaroslav-Bendik-Certora/83314_a702bf8b823398c9e37a_2_UFDTNIA.smt2",0,5.24887235002255,5.563,5.845,1,0,0,
"benchmark-submission/non-incremental/QF_UFDTNIA/20230314-Jaroslav-Bendik-Certora/83314_a702bf8b823398c9e37a_3_UFDTNIA.smt2",0,22.3858259823577,26.688,27.798,0,1,0,
"benchmark-submission/non-incremental/QF_UFDTNIA/20230314-Jaroslav-Bendik-Certora/83314_a702bf8b823398c9e37a_4_UFDTNIA.smt2",0,39.7602339181287,45.5,47.382,1,0,0,
"benchmark-submission/non-incremental/QF_UFDTNIA/20230314-Jaroslav-Bendik-Certora/93493_1fdb6cc8eb9c4363b5838af9eb8c7f1f_53_QF_UFDTNIA.smt2",0,15.3948436865611,18.125,18.894,1,0,0,
"benchmark-submission/non-incremental/QF_UFDTNIA/20230314-Jaroslav-Bendik-Certora/93493_27ab26d56d60426da02e50231269b6ff_51_QF_UFDTNIA.smt2",0,4.16124624946421,4.641,4.876,1,0,0,
"benchmark-submission/non-incremental/QF_UFDTNIA/20230314-Jaroslav-Bendik-Certora/93493_4ea6163ed03941199c785278ccc42812_49_QF_UFDTNIA.smt2",,856.324191567744,1000,1000,0,0,0,
"benchmark-submission/non-incremental/QF_UFDTNIA/20230314-Jaroslav-Bendik-Certora/93493_5990a6bf5f2740164f77_50_QF_UFDTNIA.smt2",0,359.056153184165,398.875,415.049,1,0,0,
"benchmark-submission/non-incremental/QF_UFDTNIA/20230314-Jaroslav-Bendik-Certora/93493_798593962ee29ad45ac8_52_QF_UFDTNIA.smt2",,916.739702015776,1000,1000,0,0,0,
"benchmark-submission/non-incremental/QF_UFDTNIA/20230314-Jaroslav-Bendik-Certora/940_590f27b1c3c800d3243e_29_QF_UFDTNIA.smt2",0,32.4708351745471,35.125,36.593,1,0,0,
"benchmark-submission/non-incremental/QF_UFDTNIA/20230314-Jaroslav-Bendik-Certora/940_590f27b1c3c800d3243e_30_QF_UFDTNIA.smt2",0,11.8046124454148,12.922,13.499,1,0,0,
"benchmark-submission/non-incremental/QF_UFDTNIA/20230314-Jaroslav-Bendik-Certora/940_590f27b1c3c800d3243e_31_QF_UFDTNIA.smt2",0,6.29832317073171,7.406,7.713,1,0,0,
"benchmark-submission/non-incremental/QF_UFDTNIA/20230314-Jaroslav-Bendik-Certora/940_590f27b1c3c800d3243e_32_QF_UFDTNIA.smt2",0,19.8043763102725,22.578,23.488,1,0,0,
"benchmark-submission/non-incremental/QF_UFDTNIA/20230314-Jaroslav-Bendik-Certora/940_590f27b1c3c800d3243e_33_QF_UFDTNIA.smt2",0,33.1869471250503,39.453,41.042,1,0,0,
"benchmark-submission/non-incremental/QF_UFLIA/20230314-Jaroslav-Bendik-Certora/11775_ad46e5b8db4748c51973_42_QF_UFLIA.smt2",0,1.84565378900446,1.781,1.982,1,0,0,
"benchmark-submission/non-incremental/QF_UFLIA/20230314-Jaroslav-Bendik-Certora/11775_ad46e5b8db4748c51973_43_QF_UFLIA.smt2",0,0.800510204081632,0.75,0.943,1,0,0,
"benchmark-submission/non-incremental/QF_UFLIA/20230314-Jaroslav-Bendik-Certora/17512_5c1021b0faa6b6e1791b_19_QF_UFLIA.smt2",0,25.2604666375927,27.688,28.838,0,1,0,
"benchmark-submission/non-incremental/QF_UFLIA/20230314-Jaroslav-Bendik-Certora/17512_5c1021b0faa6b6e1791b_20_QF_UFLIA.smt2",,914.735461303017,1000,1000,0,0,0,
"benchmark-submission/non-incremental/QF_UFLIA/20230314-Jaroslav-Bendik-Certora/17512_5c1021b0faa6b6e1791b_21_QF_UFLIA.smt2",0,6.57111182519283,6.109,6.406,0,1,0,
"benchmark-submission/non-incremental/QF_UFLIA/20230314-Jaroslav-Bendik-Certora/25959_5dee2e2f6ef44465a2bea4b085818948_65_QF_UFLIA.smt2",,900.559621179509,1000,1000,0,0,0,
"benchmark-submission/non-incremental/QF_UFLIA/20230314-Jaroslav-Bendik-Certora/25959_5dee2e2f6ef44465a2bea4b085818948_66_QF_UFLIA.smt2",,936.436884512086,1000,1000,0,0,0,
"benchmark-submission/non-incremental/QF_UFLIA/20230314-Jaroslav-Bendik-Certora/25959_5dee2e2f6ef44465a2bea4b085818948_67_QF_UFLIA.smt2",,914.335664335664,1000,1000,0,0,0,
"benchmark-submission/non-incremental/QF_UFLIA/20230314-Jaroslav-Bendik-Certora/25959_5dee2e2f6ef44465a2bea4b085818948_68_QF_UFLIA.smt2",,1060.31424227065,1000,1000,0,0,0,
"benchmark-submission/non-incremental/QF_UFLIA/20230314-Jaroslav-Bendik-Certora/25959_5dee2e2f6ef44465a2bea4b085818948_69_QF_UFLIA.smt2",,929.777777777778,1000,1000,0,0,0,
"benchmark-submission/non-incremental/QF_UFLIA/20230314-Jaroslav-Bendik-Certora/30078_f817a923328f75af7e60_27_QF_UFLIA.smt2",0,35.95625,40.734,42.367,0,1,0,
"benchmark-submission/non-incremental/QF_UFLIA/20230314-Jaroslav-Bendik-Certora/30078_f817a923328f75af7e60_28_QF_UFLIA.smt2",0,53.3115891555937,59.453,61.9,0,1,0,
"benchmark-submission/non-incremental/QF_UFLIA/20230314-Jaroslav-Bendik-Certora/3106_1c933134166dbad31f79_38_QF_UFLIA.smt2",,843.888664784187,1000,1000,0,0,0,
"benchmark-submission/non-incremental/QF_UFLIA/20230314-Jaroslav-Bendik-Certora/3106_1c933134166dbad31f79_39_QF_UFLIA.smt2",0,32.3574899040888,30.641,31.887,1,0,0,
"benchmark-submission/non-incremental/QF_UFLIA/20230314-Jaroslav-Bendik-Certora/3106_1c933134166dbad31f79_40_QF_UFLIA.smt2",0,0.221260153429603,0.234,0.403,1,0,0,
"benchmark-submission/non-incremental/QF_UFLIA/20230314-Jaroslav-Bendik-Certora/3106_1c933134166dbad31f79_41_QF_UFLIA.smt2",0,3.86640437048917,4.609,4.847,1,0,0,
"benchmark-submission/non-incremental/QF_UFLIA/20230314-Jaroslav-Bendik-Certora/3106_afb7bc55417e43d7a22790c3576f04fc_37_QF_UFLIA.smt2",,862.324814509481,1000,1000,0,0,0,
"benchmark-submission/non-incremental/QF_UFLIA/20230314-Jaroslav-Bendik-Certora/38347_092cc73601c78e45f4f9_55_QF_UFLIA.smt2",,856.324191567744,1000,1000,0,0,0,
"benchmark-submission/non-incremental/QF_UFLIA/20230314-Jaroslav-Bendik-Certora/38347_092cc73601c78e45f4f9_56_QF_UFLIA.smt2",,915.536105032823,1000,1000,0,0,0,
"benchmark-submission/non-incremental/QF_UFLIA/20230314-Jaroslav-Bendik-Certora/38347_092cc73601c78e45f4f9_57_QF_UFLIA.smt2",,916.338151554972,1000,1000,0,0,0,
"benchmark-submission/non-incremental/QF_UFLIA/20230314-Jaroslav-Bendik-Certora/38347_092cc73601c78e45f4f9_58_QF_UFLIA.smt2",0,0.768641707920792,0.891,1.024,1,0,0,
"benchmark-submission/non-incremental/QF_UFLIA/20230314-Jaroslav-Bendik-Certora/38347_525a1ca0331f2bcbf520_54_QF_UFLIA.smt2",,805.855161787365,1000,1000,0,0,0,
"benchmark-submission/non-incremental/QF_UFLIA/20230314-Jaroslav-Bendik-Certora/39657_1c7158801cd59dc13f05_44_QF_UFLIA.smt2",0,4.07101926977688,4.797,5.011,1,0,0,
"benchmark-submission/non-incremental/QF_UFLIA/20230314-Jaroslav-Bendik-Certora/39657_1c7158801cd59dc13f05_45_QF_UFLIA.smt2",0,4.77409539473684,5.203,5.409,1,0,0,
"benchmark-submission/non-incremental/QF_UFLIA/20230314-Jaroslav-Bendik-Certora/39657_1c7158801cd59dc13f05_46_QF_UFLIA.smt2",0,9.88818063958514,10.938,11.408,1,0,0,
"benchmark-submission/non-incremental/QF_UFLIA/20230314-Jaroslav-Bendik-Certora/39657_2866defdd1f2434b69ab_47_QF_UFLIA.smt2",0,35.9143628381585,36.172,37.621,1,0,0,
"benchmark-submission/non-incremental/QF_UFLIA/20230314-Jaroslav-Bendik-Certora/39657_2866defdd1f2434b69ab_48_QF_UFLIA.smt2",0,8.14968087995655,7.172,7.445,1,0,0,
"benchmark-submission/non-incremental/QF_UFLIA/20230314-Jaroslav-Bendik-Certora/41958_32933c5a1384696720a2_61_QF_UFLIA.smt2",0,32.3163885104451,34.016,35.474,1,0,0,
"benchmark-submission/non-incremental/QF_UFLIA/20230314-Jaroslav-Bendik-Certora/41958_32933c5a1384696720a2_62_QF_UFLIA.smt2",0,6.10724933745583,6.609,6.871,1,0,0,
"benchmark-submission/non-incremental/QF_UFLIA/20230314-Jaroslav-Bendik-Certora/41958_32933c5a1384696720a2_63_QF_UFLIA.smt2",0,5.55441729323307,5.297,5.569,1,0,0,
"benchmark-submission/non-incremental/QF_UFLIA/20230314-Jaroslav-Bendik-Certora/41958_45c688a4814eb926c254_59_QF_UFLIA.smt2",0,6.78513257575757,6.422,6.739,1,0,0,
"benchmark-submission/non-incremental/QF_UFLIA/20230314-Jaroslav-Bendik-Certora/41958_45c688a4814eb926c254_60_QF_UFLIA.smt2",0,2.03490793511618,2.219,2.384,1,0,0,
"benchmark-submission/non-incremental/QF_UFLIA/20230314-Jaroslav-Bendik-Certora/44289_4066055e0f64d96da11a_14_QF_UFLIA.smt2",0,8.83445945945946,8.75,9.151,1,0,0,
"benchmark-submission/non-incremental/QF_UFLIA/20230314-Jaroslav-Bendik-Certora/44289_4066055e0f64d96da11a_15_QF_UFLIA.smt2",0,84.2673674070716,88.859,92.409,1,0,0,
"benchmark-submission/non-incremental/QF_UFLIA/20230314-Jaroslav-Bendik-Certora/44289_b077fc096b3d41cba49f8628caff7fa5_16_QF_UFLIA.smt2",,922.805469783855,1000,1000,0,0,0,
"benchmark-submission/non-incremental/QF_UFLIA/20230314-Jaroslav-Bendik-Certora/44289_e5a2e5c780236919ee6a_17_QF_UFLIA.smt2",0,8.8176876379691,9.547,9.954,1,0,0,
"benchmark-submission/non-incremental/QF_UFLIA/20230314-Jaroslav-Bendik-Certora/44289_e5a2e5c780236919ee6a_18_QF_UFLIA.smt2",0,7.2418236127987,8.547,8.91,1,0,0,
"benchmark-submission/non-incremental/QF_UFLIA/20230314-Jaroslav-Bendik-Certora/44788_1965f0d6d94d5d8054ba_34_QF_UFLIA.smt2",0,0.21558120362737,0.25,0.44,1,0,0,
"benchmark-submission/non-incremental/QF_UFLIA/20230314-Jaroslav-Bendik-Certora/44788_1965f0d6d94d5d8054ba_35_QF_UFLIA.smt2",0,0.777937040242319,0.859,1.036,0,1,0,
"benchmark-submission/non-incremental/QF_UFLIA/20230314-Jaroslav-Bendik-Certora/44788_1965f0d6d94d5d8054ba_36_QF_UFLIA.smt2",,915.536105032823,1000,1000,0,0,0,
"benchmark-submission/non-incremental/QF_UFLIA/20230314-Jaroslav-Bendik-Certora/52759_af0c476fe3b544b9a8507f3e42472c43_12_QF_UFLIA.smt2",0,21.3146250582208,21.875,22.759,1,0,0,
"benchmark-submission/non-incremental/QF_UFLIA/20230314-Jaroslav-Bendik-Certora/52759_af0c476fe3b544b9a8507f3e42472c43_13_QF_UFLIA.smt2",0,9.54719501335708,10.25,10.678,1,0,0,
"benchmark-submission/non-incremental/QF_UFLIA/20230314-Jaroslav-Bendik-Certora/52759_bec3a2272267494faeecb6bfaf253e3b_10_QF_UFLIA.smt2",,894.017094017094,1000,1000,0,0,0,
"benchmark-submission/non-incremental/QF_UFLIA/20230314-Jaroslav-Bendik-Certora/52759_bec3a2272267494faeecb6bfaf253e3b_11_QF_UFLIA.smt2",0,23.7006401617251,25.219,26.288,1,0,0,
"benchmark-submission/non-incremental/QF_UFLIA/20230314-Jaroslav-Bendik-Certora/63058_55d6bef5390186355f11_26_QF_UFLIA.smt2",0,17.4074652067131,20.328,21.094,1,0,0,
"benchmark-submission/non-incremental/QF_UFLIA/20230314-Jaroslav-Bendik-Certora/63058_64ab9a7ef7b6c3492507_22_QF_UFLIA.smt2",0,13.233533703247,15.391,16.16,1,0,0,
"benchmark-submission/non-incremental/QF_UFLIA/20230314-Jaroslav-Bendik-Certora/63058_64ab9a7ef7b6c3492507_23_QF_UFLIA.smt2",0,19.8890023031826,22.703,23.65,1,0,0,
"benchmark-submission/non-incremental/QF_UFLIA/20230314-Jaroslav-Bendik-Certora/63058_64ab9a7ef7b6c3492507_24_QF_UFLIA.smt2",0,23.3687582490101,25.391,26.444,1,0,0,
"benchmark-submission/non-incremental/QF_UFLIA/20230314-Jaroslav-Bendik-Certora/63058_aa742630eef64f949de269382c1f9035_25_UFLIA.smt2",0,0.146401669381107,0.172,0.383,0,1,0,
"benchmark-submission/non-incremental/QF_UFLIA/20230314-Jaroslav-Bendik-Certora/65782_cd31513fdcd15701933b_5_QF_UFLIA.smt2",,897.854077253219,1000,1000,0,0,0,
"benchmark-submission/non-incremental/QF_UFLIA/20230314-Jaroslav-Bendik-Certora/65782_cd31513fdcd15701933b_6_QF_UFLIA.smt2",0,0.11944275274056,0.141,0.224,1,0,0,
"benchmark-submission/non-incremental/QF_UFLIA/20230314-Jaroslav-Bendik-Certora/65782_cd31513fdcd15701933b_7_QF_UFLIA.smt2",0,0.231097800471328,0.281,0.504,1,0,0,
"benchmark-submission/non-incremental/QF_UFLIA/20230314-Jaroslav-Bendik-Certora/65782_cd31513fdcd15701933b_8_QF_UFLIA.smt2",0,0.933187946074544,1.125,1.352,1,0,0,
"benchmark-submission/non-incremental/QF_UFLIA/20230314-Jaroslav-Bendik-Certora/66603_accdadf23a1cf70ae043_72_QF_UFLIA.smt2",0,11.778928287644,14.172,14.762,0,1,0,
"benchmark-submission/non-incremental/QF_UFLIA/20230314-Jaroslav-Bendik-Certora/66603_accdadf23a1cf70ae043_73_QF_UFLIA.smt2",,821.681068342498,1000,1000,0,0,0,
"benchmark-submission/non-incremental/QF_UFLIA/20230314-Jaroslav-Bendik-Certora/66603_accdadf23a1cf70ae043_74_QF_UFLIA.smt2",,838.813151563753,1000,1000,0,0,0,
"benchmark-submission/non-incremental/QF_UFLIA/20230314-Jaroslav-Bendik-Certora/66603_accdadf23a1cf70ae043_75_QF_UFLIA.smt2",,930.604982206406,1000,1000,0,0,0,
"benchmark-submission/non-incremental/QF_UFLIA/20230314-Jaroslav-Bendik-Certora/66603_accdadf23a1cf70ae043_76_QF_UFLIA.smt2",0,45.8987535758071,53.688,55.846,0,1,0,
"benchmark-submission/non-incremental/QF_UFLIA/20230314-Jaroslav-Bendik-Certora/72658_63104dadde9c6026353f_70_QF_UFLIA.smt2",0,18.5527550795053,20.078,20.947,1,0,0,
"benchmark-submission/non-incremental/QF_UFLIA/20230314-Jaroslav-Bendik-Certora/72658_63104dadde9c6026353f_71_QF_UFLIA.smt2",,816.549570647931,1000,1000,0,0,0,
"benchmark-submission/non-incremental/QF_UFLIA/20230314-Jaroslav-Bendik-Certora/72771_f9d228efc97cf1458e38_64_QF_UFLIA.smt2",0,16.4452639751553,18.984,19.886,1,0,0,
"benchmark-submission/non-incremental/QF_UFLIA/20230314-Jaroslav-Bendik-Certora/83314_a702bf8b823398c9e37a_0_UFLIA.smt2",0,30.0985225426483,35.422,36.892,1,0,0,
"benchmark-submission/non-incremental/QF_UFLIA/20230314-Jaroslav-Bendik-Certora/83314_a702bf8b823398c9e37a_1_UFLIA.smt2",,906.805374945817,1000,1000,0,0,0,
"benchmark-submission/non-incremental/QF_UFLIA/20230314-Jaroslav-Bendik-Certora/83314_a702bf8b823398c9e37a_2_UFLIA.smt2",,851.444851444851,1000,1000,0,0,0,
"benchmark-submission/non-incremental/QF_UFLIA/20230314-Jaroslav-Bendik-Certora/83314_a702bf8b823398c9e37a_3_UFLIA.smt2",,892.110874200426,1000,1000,0,0,0,
"benchmark-submission/non-incremental/QF_UFLIA/20230314-Jaroslav-Bendik-Certora/83314_a702bf8b823398c9e37a_4_UFLIA.smt2",,916.338151554972,1000,1000,0,0,0,
"benchmark-submission/non-incremental/QF_UFLIA/20230314-Jaroslav-Bendik-Certora/93493_1fdb6cc8eb9c4363b5838af9eb8c7f1f_53_QF_UFLIA.smt2",,932.67944716897,1000,1000,0,0,0,
"benchmark-submission/non-incremental/QF_UFLIA/20230314-Jaroslav-Bendik-Certora/93493_27ab26d56d60426da02e50231269b6ff_51_QF_UFLIA.smt2",0,46.7589324265976,51.766,53.887,1,0,0,
"benchmark-submission/non-incremental/QF_UFLIA/20230314-Jaroslav-Bendik-Certora/93493_4ea6163ed03941199c785278ccc42812_49_QF_UFLIA.smt2",,906.019922044175,1000,1000,0,0,0,
"benchmark-submission/non-incremental/QF_UFLIA/20230314-Jaroslav-Bendik-Certora/93493_5990a6bf5f2740164f77_50_QF_UFLIA.smt2",,1019.49317738791,1000,1000,0,0,0,
"benchmark-submission/non-incremental/QF_UFLIA/20230314-Jaroslav-Bendik-Certora/93493_798593962ee29ad45ac8_52_QF_UFLIA.smt2",,995.242626070409,1000,1000,0,0,0,
"benchmark-submission/non-incremental/QF_UFLIA/20230314-Jaroslav-Bendik-Certora/940_590f27b1c3c800d3243e_29_QF_UFLIA.smt2",,740.268931351734,1000,1000,0,0,0,
"benchmark-submission/non-incremental/QF_UFLIA/20230314-Jaroslav-Bendik-Certora/940_590f27b1c3c800d3243e_30_QF_UFLIA.smt2",,1194.06392694064,1000,1000,0,0,0,
"benchmark-submission/non-incremental/QF_UFLIA/20230314-Jaroslav-Bendik-Certora/940_590f27b1c3c800d3243e_31_QF_UFLIA.smt2",,869.492934330839,1000,1000,0,0,0,
"benchmark-submission/non-incremental/QF_UFLIA/20230314-Jaroslav-Bendik-Certora/940_590f27b1c3c800d3243e_32_QF_UFLIA.smt2",,863.036303630363,1000,1000,0,0,0,
"benchmark-submission/non-incremental/QF_UFLIA/20230314-Jaroslav-Bendik-Certora/940_590f27b1c3c800d3243e_33_QF_UFLIA.smt2",,873.851294903926,1000,1000,0,0,0,
"benchmark-submission/non-incremental/QF_UFNIA/20230314-Jaroslav-Bendik-Certora/11775_ad46e5b8db4748c51973_42_QF_UFNIA.smt2",0,1.05293699668404,1.063,1.201,1,0,0,
"benchmark-submission/non-incremental/QF_UFNIA/20230314-Jaroslav-Bendik-Certora/11775_ad46e5b8db4748c51973_43_QF_UFNIA.smt2",0,1.19789911541702,1.359,1.54,0,1,0,
"benchmark-submission/non-incremental/QF_UFNIA/20230314-Jaroslav-Bendik-Certora/17512_5c1021b0faa6b6e1791b_19_QF_UFNIA.smt2",0,2.15197396729776,2.391,2.569,0,1,0,
"benchmark-submission/non-incremental/QF_UFNIA/20230314-Jaroslav-Bendik-Certora/17512_5c1021b0faa6b6e1791b_20_QF_UFNIA.smt2",0,9.16110197368421,9.984,10.376,0,1,0,
"benchmark-submission/non-incremental/QF_UFNIA/20230314-Jaroslav-Bendik-Certora/17512_5c1021b0faa6b6e1791b_21_QF_UFNIA.smt2",0,24.3219786729858,26.984,28.087,0,1,0,
"benchmark-submission/non-incremental/QF_UFNIA/20230314-Jaroslav-Bendik-Certora/25959_5dee2e2f6ef44465a2bea4b085818948_65_QF_UFNIA.smt2",,917.543859649123,1000,1000,0,0,0,
"benchmark-submission/non-incremental/QF_UFNIA/20230314-Jaroslav-Bendik-Certora/25959_5dee2e2f6ef44465a2bea4b085818948_66_QF_UFNIA.smt2",0,1.91096153846154,2.078,2.227,1,0,0,
"benchmark-submission/non-incremental/QF_UFNIA/20230314-Jaroslav-Bendik-Certora/25959_5dee2e2f6ef44465a2bea4b085818948_67_QF_UFNIA.smt2",,753.602305475504,1000,1000,0,0,0,
"benchmark-submission/non-incremental/QF_UFNIA/20230314-Jaroslav-Bendik-Certora/25959_5dee2e2f6ef44465a2bea4b085818948_68_QF_UFNIA.smt2",,1012.09482341558,1000,1000,0,0,0,
"benchmark-submission/non-incremental/QF_UFNIA/20230314-Jaroslav-Bendik-Certora/25959_5dee2e2f6ef44465a2bea4b085818948_69_QF_UFNIA.smt2",,1135.10580575149,1000,1000,0,0,0,
"benchmark-submission/non-incremental/QF_UFNIA/20230314-Jaroslav-Bendik-Certora/30078_f817a923328f75af7e60_27_QF_UFNIA.smt2",0,42.2023361976369,37.563,39.104,0,1,0,
"benchmark-submission/non-incremental/QF_UFNIA/20230314-Jaroslav-Bendik-Certora/30078_f817a923328f75af7e60_28_QF_UFNIA.smt2",0,51.1342771084339,50.719,52.806,0,1,0,
"benchmark-submission/non-incremental/QF_UFNIA/20230314-Jaroslav-Bendik-Certora/3106_1c933134166dbad31f79_38_QF_UFNIA.smt2",,1013.56589147287,1000,1000,0,0,0,
"benchmark-submission/non-incremental/QF_UFNIA/20230314-Jaroslav-Bendik-Certora/3106_1c933134166dbad31f79_39_QF_UFNIA.smt2",0,172.871820074006,178.656,185.83,1,0,0,
"benchmark-submission/non-incremental/QF_UFNIA/20230314-Jaroslav-Bendik-Certora/3106_1c933134166dbad31f79_40_QF_UFNIA.smt2",0,0.351478494623656,0.391,0.541,1,0,0,
"benchmark-submission/non-incremental/QF_UFNIA/20230314-Jaroslav-Bendik-Certora/3106_1c933134166dbad31f79_41_QF_UFNIA.smt2",0,6.58250860585198,7.313,7.652,1,0,0,
"benchmark-submission/non-incremental/QF_UFNIA/20230314-Jaroslav-Bendik-Certora/3106_afb7bc55417e43d7a22790c3576f04fc_37_QF_UFNIA.smt2",0,44.989986333053,51.141,53.158,1,0,0,
"benchmark-submission/non-incremental/QF_UFNIA/20230314-Jaroslav-Bendik-Certora/38347_092cc73601c78e45f4f9_55_QF_UFNIA.smt2",0,33.6673084929226,38.656,40.239,0,1,0,
"benchmark-submission/non-incremental/QF_UFNIA/20230314-Jaroslav-Bendik-Certora/38347_092cc73601c78e45f4f9_56_QF_UFNIA.smt2",0,15.9140282646801,17.359,18.124,1,0,0,
"benchmark-submission/non-incremental/QF_UFNIA/20230314-Jaroslav-Bendik-Certora/38347_092cc73601c78e45f4f9_57_QF_UFNIA.smt2",,819.107282693814,1000,1000,0,0,0,
"benchmark-submission/non-incremental/QF_UFNIA/20230314-Jaroslav-Bendik-Certora/38347_092cc73601c78e45f4f9_58_QF_UFNIA.smt2",0,0.902063472152534,0.859,1,1,0,0,
"benchmark-submission/non-incremental/QF_UFNIA/20230314-Jaroslav-Bendik-Certora/38347_525a1ca0331f2bcbf520_54_QF_UFNIA.smt2",,1008.19277108434,1000,1000,0,0,0,
"benchmark-submission/non-incremental/QF_UFNIA/20230314-Jaroslav-Bendik-Certora/39657_1c7158801cd59dc13f05_44_QF_UFNIA.smt2",0,14.4841874699952,14.422,15.021,1,0,0,
"benchmark-submission/non-incremental/QF_UFNIA/20230314-Jaroslav-Bendik-Certora/39657_1c7158801cd59dc13f05_45_QF_UFNIA.smt2",0,21.9118582944421,24.688,25.71,1,0,0,
"benchmark-submission/non-incremental/QF_UFNIA/20230314-Jaroslav-Bendik-Certora/39657_1c7158801cd59dc13f05_46_QF_UFNIA.smt2",0,19.3772172236505,18.016,18.731,1,0,0,
"benchmark-submission/non-incremental/QF_UFNIA/20230314-Jaroslav-Bendik-Certora/39657_2866defdd1f2434b69ab_47_QF_UFNIA.smt2",0,2.74585510450161,3.266,3.457,1,0,0,
"benchmark-submission/non-incremental/QF_UFNIA/20230314-Jaroslav-Bendik-Certora/39657_2866defdd1f2434b69ab_48_QF_UFNIA.smt2",0,14.5818332662912,17.328,18.055,1,0,0,
"benchmark-submission/non-incremental/QF_UFNIA/20230314-Jaroslav-Bendik-Certora/41958_32933c5a1384696720a2_61_QF_UFNIA.smt2",,912.341910161361,1000,1000,0,0,0,
"benchmark-submission/non-incremental/QF_UFNIA/20230314-Jaroslav-Bendik-Certora/41958_32933c5a1384696720a2_62_QF_UFNIA.smt2",0,112.716004976201,124.516,129.543,0,1,0,
"benchmark-submission/non-incremental/QF_UFNIA/20230314-Jaroslav-Bendik-Certora/41958_32933c5a1384696720a2_63_QF_UFNIA.smt2",0,37.348713898917,39.563,41.201,0,1,0,
"benchmark-submission/non-incremental/QF_UFNIA/20230314-Jaroslav-Bendik-Certora/41958_45c688a4814eb926c254_59_QF_UFNIA.smt2",0,1.54054198800343,1.719,1.935,1,0,0,
"benchmark-submission/non-incremental/QF_UFNIA/20230314-Jaroslav-Bendik-Certora/41958_45c688a4814eb926c254_60_QF_UFNIA.smt2",0,1.18790832993058,1.391,1.579,1,0,0,
"benchmark-submission/non-incremental/QF_UFNIA/20230314-Jaroslav-Bendik-Certora/44289_4066055e0f64d96da11a_14_QF_UFNIA.smt2",0,11.814586078173,12.859,13.444,1,0,0,
"benchmark-submission/non-incremental/QF_UFNIA/20230314-Jaroslav-Bendik-Certora/44289_4066055e0f64d96da11a_15_QF_UFNIA.smt2",,871.303623490212,1000,1000,0,0,0,
"benchmark-submission/non-incremental/QF_UFNIA/20230314-Jaroslav-Bendik-Certora/44289_b077fc096b3d41cba49f8628caff7fa5_16_QF_UFNIA.smt2",0,11.9781040268456,12.797,13.304,1,0,0,
"benchmark-submission/non-incremental/QF_UFNIA/20230314-Jaroslav-Bendik-Certora/44289_e5a2e5c780236919ee6a_17_QF_UFNIA.smt2",0,13.3432476734349,15.078,15.726,1,0,0,
"benchmark-submission/non-incremental/QF_UFNIA/20230314-Jaroslav-Bendik-Certora/44289_e5a2e5c780236919ee6a_18_QF_UFNIA.smt2",0,8.60506513926325,9.156,9.624,1,0,0,
"benchmark-submission/non-incremental/QF_UFNIA/20230314-Jaroslav-Bendik-Certora/44788_1965f0d6d94d5d8054ba_34_QF_UFNIA.smt2",0,4.8743285345939,5.422,5.703,0,1,0,
"benchmark-submission/non-incremental/QF_UFNIA/20230314-Jaroslav-Bendik-Certora/44788_1965f0d6d94d5d8054ba_35_QF_UFNIA.smt2",,892.110874200426,1000,1000,0,0,0,
"benchmark-submission/non-incremental/QF_UFNIA/20230314-Jaroslav-Bendik-Certora/44788_1965f0d6d94d5d8054ba_36_QF_UFNIA.smt2",,896.315338474722,1000,1000,0,0,0,
"benchmark-submission/non-incremental/QF_UFNIA/20230314-Jaroslav-Bendik-Certora/52759_af0c476fe3b544b9a8507f3e42472c43_12_QF_UFNIA.smt2",0,21.2209957369062,24.984,26.049,1,0,0,
"benchmark-submission/non-incremental/QF_UFNIA/20230314-Jaroslav-Bendik-Certora/52759_af0c476fe3b544b9a8507f3e42472c43_13_QF_UFNIA.smt2",0,17.9009656652361,19.938,20.785,1,0,0,
"benchmark-submission/non-incremental/QF_UFNIA/20230314-Jaroslav-Bendik-Certora/52759_bec3a2272267494faeecb6bfaf253e3b_10_QF_UFNIA.smt2",0,205.714061847054,235.313,244.627,0,1,0,
"benchmark-submission/non-incremental/QF_UFNIA/20230314-Jaroslav-Bendik-Certora/52759_bec3a2272267494faeecb6bfaf253e3b_11_QF_UFNIA.smt2",0,85.6046765734266,93.625,97.408,1,0,0,
"benchmark-submission/non-incremental/QF_UFNIA/20230314-Jaroslav-Bendik-Certora/63058_55d6bef5390186355f11_26_QF_UFNIA.smt2",0,31.471021234676,34.359,35.763,1,0,0,
"benchmark-submission/non-incremental/QF_UFNIA/20230314-Jaroslav-Bendik-Certora/63058_64ab9a7ef7b6c3492507_22_QF_UFNIA.smt2",0,30.1156043956044,32.75,34.069,1,0,0,
"benchmark-submission/non-incremental/QF_UFNIA/20230314-Jaroslav-Bendik-Certora/63058_64ab9a7ef7b6c3492507_23_QF_UFNIA.smt2",0,20.0267458723784,21.453,22.378,1,0,0,
"benchmark-submission/non-incremental/QF_UFNIA/20230314-Jaroslav-Bendik-Certora/63058_64ab9a7ef7b6c3492507_24_QF_UFNIA.smt2",0,60.0704495614035,72.016,74.965,1,0,0,
"benchmark-submission/non-incremental/QF_UFNIA/20230314-Jaroslav-Bendik-Certora/63058_aa742630eef64f949de269382c1f9035_25_UFNIA.smt2",0,0.115867467506892,0.141,0.273,0,1,0,
"benchmark-submission/non-incremental/QF_UFNIA/20230314-Jaroslav-Bendik-Certora/65782_cd31513fdcd15701933b_5_QF_UFNIA.smt2",,944.896115627823,1000,1000,0,0,0,
"benchmark-submission/non-incremental/QF_UFNIA/20230314-Jaroslav-Bendik-Certora/65782_cd31513fdcd15701933b_6_QF_UFNIA.smt2",0,0.197592832469775,0.219,0.36,1,0,0,
"benchmark-submission/non-incremental/QF_UFNIA/20230314-Jaroslav-Bendik-Certora/65782_cd31513fdcd15701933b_7_QF_UFNIA.smt2",0,3.13898865784499,3.969,4.237,0,1,0,
"benchmark-submission/non-incremental/QF_UFNIA/20230314-Jaroslav-Bendik-Certora/65782_cd31513fdcd15701933b_8_QF_UFNIA.smt2",0,0.851640217906205,0.859,1.032,1,0,0,
"benchmark-submission/non-incremental/QF_UFNIA/20230314-Jaroslav-Bendik-Certora/66603_accdadf23a1cf70ae043_72_QF_UFNIA.smt2",0,35.3285119772635,41.594,43.257,0,1,0,
"benchmark-submission/non-incremental/QF_UFNIA/20230314-Jaroslav-Bendik-Certora/66603_accdadf23a1cf70ae043_73_QF_UFNIA.smt2",,1056.56565656566,1000,1000,0,0,0,
"benchmark-submission/non-incremental/QF_UFNIA/20230314-Jaroslav-Bendik-Certora/66603_accdadf23a1cf70ae043_74_QF_UFNIA.smt2",,970.315398886828,1000,1000,0,0,0,
"benchmark-submission/non-incremental/QF_UFNIA/20230314-Jaroslav-Bendik-Certora/66603_accdadf23a1cf70ae043_75_QF_UFNIA.smt2",,967.175219602404,1000,1000,0,0,0,
"benchmark-submission/non-incremental/QF_UFNIA/20230314-Jaroslav-Bendik-Certora/66603_accdadf23a1cf70ae043_76_QF_UFNIA.smt2",0,474.653520949016,449.469,467.223,0,1,0,
"benchmark-submission/non-incremental/QF_UFNIA/20230314-Jaroslav-Bendik-Certora/72658_63104dadde9c6026353f_70_QF_UFNIA.smt2",0,67.1209938954597,84.094,87.558,1,0,0,
"benchmark-submission/non-incremental/QF_UFNIA/20230314-Jaroslav-Bendik-Certora/72658_63104dadde9c6026353f_71_QF_UFNIA.smt2",,793.626707132018,1000,1000,0,0,0,
"benchmark-submission/non-incremental/QF_UFNIA/20230314-Jaroslav-Bendik-Certora/72771_f9d228efc97cf1458e38_64_QF_UFNIA.smt2",0,2.85892395519173,3.172,3.379,1,0,0,
"benchmark-submission/non-incremental/QF_UFNIA/20230314-Jaroslav-Bendik-Certora/83314_a702bf8b823398c9e37a_0_UFNIA.smt2",0,0.612890625,0.703,0.893,1,0,0,
"benchmark-submission/non-incremental/QF_UFNIA/20230314-Jaroslav-Bendik-Certora/83314_a702bf8b823398c9e37a_1_UFNIA.smt2",0,12.4282628128725,14.953,15.558,1,0,0,
"benchmark-submission/non-incremental/QF_UFNIA/20230314-Jaroslav-Bendik-Certora/83314_a702bf8b823398c9e37a_2_UFNIA.smt2",0,238.842636986301,250.031,260.089,1,0,0,
"benchmark-submission/non-incremental/QF_UFNIA/20230314-Jaroslav-Bendik-Certora/83314_a702bf8b823398c9e37a_3_UFNIA.smt2",0,55.4790681173131,56.063,58.354,0,1,0,
"benchmark-submission/non-incremental/QF_UFNIA/20230314-Jaroslav-Bendik-Certora/83314_a702bf8b823398c9e37a_4_UFNIA.smt2",0,177.561932104998,168.141,174.926,1,0,0,
"benchmark-submission/non-incremental/QF_UFNIA/20230314-Jaroslav-Bendik-Certora/93493_1fdb6cc8eb9c4363b5838af9eb8c7f1f_53_QF_UFNIA.smt2",0,843.014477561197,888.953,925.416,1,0,0,
"benchmark-submission/non-incremental/QF_UFNIA/20230314-Jaroslav-Bendik-Certora/93493_27ab26d56d60426da02e50231269b6ff_51_QF_UFNIA.smt2",0,13.5613017638037,16.906,17.618,1,0,0,
"benchmark-submission/non-incremental/QF_UFNIA/20230314-Jaroslav-Bendik-Certora/93493_4ea6163ed03941199c785278ccc42812_49_QF_UFNIA.smt2",,790.627362055934,1000,1000,0,0,0,
"benchmark-submission/non-incremental/QF_UFNIA/20230314-Jaroslav-Bendik-Certora/93493_5990a6bf5f2740164f77_50_QF_UFNIA.smt2",0,134.981082725061,132.594,137.901,1,0,0,
"benchmark-submission/non-incremental/QF_UFNIA/20230314-Jaroslav-Bendik-Certora/93493_798593962ee29ad45ac8_52_QF_UFNIA.smt2",,992.880873279544,1000,1000,0,0,0,
"benchmark-submission/non-incremental/QF_UFNIA/20230314-Jaroslav-Bendik-Certora/940_590f27b1c3c800d3243e_29_QF_UFNIA.smt2",0,21.4363083291521,20.422,21.325,1,0,0,
"benchmark-submission/non-incremental/QF_UFNIA/20230314-Jaroslav-Bendik-Certora/940_590f27b1c3c800d3243e_30_QF_UFNIA.smt2",0,30.2094379929886,32.953,34.279,1,0,0,
"benchmark-submission/non-incremental/QF_UFNIA/20230314-Jaroslav-Bendik-Certora/940_590f27b1c3c800d3243e_31_QF_UFNIA.smt2",0,8.21926781275891,9.484,9.923,1,0,0,
"benchmark-submission/non-incremental/QF_UFNIA/20230314-Jaroslav-Bendik-Certora/940_590f27b1c3c800d3243e_32_QF_UFNIA.smt2",,866.970576046415,1000,1000,0,0,0,
"benchmark-submission/non-incremental/QF_UFNIA/20230314-Jaroslav-Bendik-Certora/940_590f27b1c3c800d3243e_33_QF_UFNIA.smt2",0,197.890668282548,204.891,213.272,1,0,0,
"benchmark-submission/non-incremental/UFDTLIA/20230314-Jaroslav-Bendik-Certora/52759_b3ecd2335fd16ec2eee2_9_UFDTLIA.smt2",0,30.5156644238856,34.688,36.108,1,0,0,
"benchmark-submission/non-incremental/UFDTNIA/20230314-Jaroslav-Bendik-Certora/52759_b3ecd2335fd16ec2eee2_9_UFDTNIA.smt2",0,578.59627290738,558.406,581.178,1,0,0,
"benchmark-submission/non-incremental/UFLIA/20230314-Jaroslav-Bendik-Certora/52759_b3ecd2335fd16ec2eee2_9_UFLIA.smt2",0,17.2441328779198,18.703,19.513,1,0,0,
"benchmark-submission/non-incremental/UFNIA/20230314-Jaroslav-Bendik-Certora/52759_b3ecd2335fd16ec2eee2_9_UFNIA.smt2",,847.306601863102,1000,1000,0,0,0,
