,"smt.arith.gomory_polarity=false","-file:{0} smt.arith.gomory_polarity=false",,,,,,
,"RV 11713","T_norm 11713","T_cpu 11713","T_wc 11713","# SAT 11713","# UNSAT 11713","# UNKNOWN 11713",
"benchmark-submission/non-incremental/QF_UFDTLIA/20230314-Jaroslav-Bendik-Certora/11775_ad46e5b8db4748c51973_42_QF_UFDTLIA.smt2",0,1.30381862975129,1.328,1.506,1,0,0,
"benchmark-submission/non-incremental/QF_UFDTLIA/20230314-Jaroslav-Bendik-Certora/11775_ad46e5b8db4748c51973_43_QF_UFDTLIA.smt2",0,0.499761108456761,0.5,0.654,1,0,0,
"benchmark-submission/non-incremental/QF_UFDTLIA/20230314-Jaroslav-Bendik-Certora/17512_5c1021b0faa6b6e1791b_19_QF_UFDTLIA.smt2",0,49.5522621383031,48.297,50.266,0,1,0,
"benchmark-submission/non-incremental/QF_UFDTLIA/20230314-Jaroslav-Bendik-Certora/17512_5c1021b0faa6b6e1791b_20_QF_UFDTLIA.smt2",,994.296577946768,1000,1000,0,0,0,
"benchmark-submission/non-incremental/QF_UFDTLIA/20230314-Jaroslav-Bendik-Certora/17512_5c1021b0faa6b6e1791b_21_QF_UFDTLIA.smt2",0,3.52451097328244,3.531,3.728,0,1,0,
"benchmark-submission/non-incremental/QF_UFDTLIA/20230314-Jaroslav-Bendik-Certora/25959_5dee2e2f6ef44465a2bea4b085818948_65_QF_UFDTLIA.smt2",,990.999526290857,1000,1000,0,0,0,
"benchmark-submission/non-incremental/QF_UFDTLIA/20230314-Jaroslav-Bendik-Certora/25959_5dee2e2f6ef44465a2bea4b085818948_66_QF_UFDTLIA.smt2",,996.190476190476,1000,1000,0,0,0,
"benchmark-submission/non-incremental/QF_UFDTLIA/20230314-Jaroslav-Bendik-Certora/25959_5dee2e2f6ef44465a2bea4b085818948_67_QF_UFDTLIA.smt2",,991.469194312796,1000,1000,0,0,0,
"benchmark-submission/non-incremental/QF_UFDTLIA/20230314-Jaroslav-Bendik-Certora/25959_5dee2e2f6ef44465a2bea4b085818948_68_QF_UFDTLIA.smt2",,1014.54898157129,1000,1000,0,0,0,
"benchmark-submission/non-incremental/QF_UFDTLIA/20230314-Jaroslav-Bendik-Certora/25959_5dee2e2f6ef44465a2bea4b085818948_69_QF_UFDTLIA.smt2",,979.40074906367,1000,1000,0,0,0,
"benchmark-submission/non-incremental/QF_UFDTLIA/20230314-Jaroslav-Bendik-Certora/30078_f817a923328f75af7e60_27_QF_UFDTLIA.smt2",0,20.7118071864725,21.078,21.957,0,1,0,
"benchmark-submission/non-incremental/QF_UFDTLIA/20230314-Jaroslav-Bendik-Certora/30078_f817a923328f75af7e60_28_QF_UFDTLIA.smt2",0,35.7712264150943,36.25,37.713,0,1,0,
"benchmark-submission/non-incremental/QF_UFDTLIA/20230314-Jaroslav-Bendik-Certora/3106_1c933134166dbad31f79_38_QF_UFDTLIA.smt2",,983.082706766917,1000,1000,0,0,0,
"benchmark-submission/non-incremental/QF_UFDTLIA/20230314-Jaroslav-Bendik-Certora/3106_1c933134166dbad31f79_39_QF_UFDTLIA.smt2",0,16.6392559109875,17.156,17.907,1,0,0,
"benchmark-submission/non-incremental/QF_UFDTLIA/20230314-Jaroslav-Bendik-Certora/3106_1c933134166dbad31f79_40_QF_UFDTLIA.smt2",0,0.169046779501646,0.172,0.298,1,0,0,
"benchmark-submission/non-incremental/QF_UFDTLIA/20230314-Jaroslav-Bendik-Certora/3106_1c933134166dbad31f79_41_QF_UFDTLIA.smt2",0,1.97135953608247,1.828,2.006,1,0,0,
"benchmark-submission/non-incremental/QF_UFDTLIA/20230314-Jaroslav-Bendik-Certora/3106_afb7bc55417e43d7a22790c3576f04fc_37_QF_UFDTLIA.smt2",0,10.0837485053806,12.094,12.557,1,0,0,
"benchmark-submission/non-incremental/QF_UFDTLIA/20230314-Jaroslav-Bendik-Certora/38347_092cc73601c78e45f4f9_55_QF_UFDTLIA.smt2",0,467.670229244114,541.219,562.899,0,1,0,
"benchmark-submission/non-incremental/QF_UFDTLIA/20230314-Jaroslav-Bendik-Certora/38347_092cc73601c78e45f4f9_56_QF_UFDTLIA.smt2",0,54.9948031844317,59.438,61.813,1,0,0,
"benchmark-submission/non-incremental/QF_UFDTLIA/20230314-Jaroslav-Bendik-Certora/38347_092cc73601c78e45f4f9_57_QF_UFDTLIA.smt2",0,134.719523587109,137.875,143.44,0,1,0,
"benchmark-submission/non-incremental/QF_UFDTLIA/20230314-Jaroslav-Bendik-Certora/38347_092cc73601c78e45f4f9_58_QF_UFDTLIA.smt2",0,0.363194444444444,0.406,0.589,1,0,0,
"benchmark-submission/non-incremental/QF_UFDTLIA/20230314-Jaroslav-Bendik-Certora/38347_525a1ca0331f2bcbf520_54_QF_UFDTLIA.smt2",,873.121869782972,1000,1000,0,0,0,
"benchmark-submission/non-incremental/QF_UFDTLIA/20230314-Jaroslav-Bendik-Certora/39657_1c7158801cd59dc13f05_44_QF_UFDTLIA.smt2",0,2.18466267339218,2.484,2.633,1,0,0,
"benchmark-submission/non-incremental/QF_UFDTLIA/20230314-Jaroslav-Bendik-Certora/39657_1c7158801cd59dc13f05_45_QF_UFDTLIA.smt2",0,2.21087298466378,2.688,2.925,1,0,0,
"benchmark-submission/non-incremental/QF_UFDTLIA/20230314-Jaroslav-Bendik-Certora/39657_1c7158801cd59dc13f05_46_QF_UFDTLIA.smt2",0,1.93339598997494,1.844,1.986,1,0,0,
"benchmark-submission/non-incremental/QF_UFDTLIA/20230314-Jaroslav-Bendik-Certora/39657_2866defdd1f2434b69ab_47_QF_UFDTLIA.smt2",0,10.0251732101617,10.375,11.041,1,0,0,
"benchmark-submission/non-incremental/QF_UFDTLIA/20230314-Jaroslav-Bendik-Certora/39657_2866defdd1f2434b69ab_48_QF_UFDTLIA.smt2",0,3.36780303030303,3.719,3.919,1,0,0,
"benchmark-submission/non-incremental/QF_UFDTLIA/20230314-Jaroslav-Bendik-Certora/41958_32933c5a1384696720a2_61_QF_UFDTLIA.smt2",0,570.146399282419,531.719,553.207,1,0,0,
"benchmark-submission/non-incremental/QF_UFDTLIA/20230314-Jaroslav-Bendik-Certora/41958_32933c5a1384696720a2_62_QF_UFDTLIA.smt2",0,2.92973751600512,3.281,3.501,1,0,0,
"benchmark-submission/non-incremental/QF_UFDTLIA/20230314-Jaroslav-Bendik-Certora/41958_32933c5a1384696720a2_63_QF_UFDTLIA.smt2",0,1.84646946564885,2.313,2.48,1,0,0,
"benchmark-submission/non-incremental/QF_UFDTLIA/20230314-Jaroslav-Bendik-Certora/41958_45c688a4814eb926c254_59_QF_UFDTLIA.smt2",0,1.23536598609904,1.359,1.56,1,0,0,
"benchmark-submission/non-incremental/QF_UFDTLIA/20230314-Jaroslav-Bendik-Certora/41958_45c688a4814eb926c254_60_QF_UFDTLIA.smt2",0,0.827347912966252,0.891,1.059,1,0,0,
"benchmark-submission/non-incremental/QF_UFDTLIA/20230314-Jaroslav-Bendik-Certora/44289_4066055e0f64d96da11a_14_QF_UFDTLIA.smt2",0,2.07039114932886,2.359,2.547,1,0,0,
"benchmark-submission/non-incremental/QF_UFDTLIA/20230314-Jaroslav-Bendik-Certora/44289_4066055e0f64d96da11a_15_QF_UFDTLIA.smt2",0,4.9518315397351,5.719,5.899,1,0,0,
"benchmark-submission/non-incremental/QF_UFDTLIA/20230314-Jaroslav-Bendik-Certora/44289_b077fc096b3d41cba49f8628caff7fa5_16_QF_UFDTLIA.smt2",0,94.0648498271392,104.047,108.178,1,0,0,
"benchmark-submission/non-incremental/QF_UFDTLIA/20230314-Jaroslav-Bendik-Certora/44289_e5a2e5c780236919ee6a_17_QF_UFDTLIA.smt2",0,2.00442216981132,2.234,2.385,1,0,0,
"benchmark-submission/non-incremental/QF_UFDTLIA/20230314-Jaroslav-Bendik-Certora/44289_e5a2e5c780236919ee6a_18_QF_UFDTLIA.smt2",0,2.63315972222222,2.719,2.851,1,0,0,
"benchmark-submission/non-incremental/QF_UFDTLIA/20230314-Jaroslav-Bendik-Certora/44788_1965f0d6d94d5d8054ba_34_QF_UFDTLIA.smt2",0,0.17146518836433,0.172,0.256,1,0,0,
"benchmark-submission/non-incremental/QF_UFDTLIA/20230314-Jaroslav-Bendik-Certora/44788_1965f0d6d94d5d8054ba_35_QF_UFDTLIA.smt2",0,0.842099613568055,0.938,1.113,0,1,0,
"benchmark-submission/non-incremental/QF_UFDTLIA/20230314-Jaroslav-Bendik-Certora/44788_1965f0d6d94d5d8054ba_36_QF_UFDTLIA.smt2",0,23.05447544162,25.578,26.556,0,1,0,
"benchmark-submission/non-incremental/QF_UFDTLIA/20230314-Jaroslav-Bendik-Certora/52759_af0c476fe3b544b9a8507f3e42472c43_12_QF_UFDTLIA.smt2",0,0.55823055028463,0.703,0.889,1,0,0,
"benchmark-submission/non-incremental/QF_UFDTLIA/20230314-Jaroslav-Bendik-Certora/52759_af0c476fe3b544b9a8507f3e42472c43_13_QF_UFDTLIA.smt2",0,0.75159978308026,0.828,1.008,1,0,0,
"benchmark-submission/non-incremental/QF_UFDTLIA/20230314-Jaroslav-Bendik-Certora/52759_bec3a2272267494faeecb6bfaf253e3b_10_QF_UFDTLIA.smt2",0,24.2330962800875,26.469,27.56,0,1,0,
"benchmark-submission/non-incremental/QF_UFDTLIA/20230314-Jaroslav-Bendik-Certora/52759_bec3a2272267494faeecb6bfaf253e3b_11_QF_UFDTLIA.smt2",0,10.0408771734284,10.766,11.276,1,0,0,
"benchmark-submission/non-incremental/QF_UFDTLIA/20230314-Jaroslav-Bendik-Certora/63058_55d6bef5390186355f11_26_QF_UFDTLIA.smt2",0,2.51796618130578,2.563,2.771,1,0,0,
"benchmark-submission/non-incremental/QF_UFDTLIA/20230314-Jaroslav-Bendik-Certora/63058_64ab9a7ef7b6c3492507_22_QF_UFDTLIA.smt2",0,3.12055906713165,3.422,3.614,1,0,0,
"benchmark-submission/non-incremental/QF_UFDTLIA/20230314-Jaroslav-Bendik-Certora/63058_64ab9a7ef7b6c3492507_23_QF_UFDTLIA.smt2",0,2.425574204947,2.625,2.754,1,0,0,
"benchmark-submission/non-incremental/QF_UFDTLIA/20230314-Jaroslav-Bendik-Certora/63058_64ab9a7ef7b6c3492507_24_QF_UFDTLIA.smt2",0,3.38440409683426,4.344,4.598,1,0,0,
"benchmark-submission/non-incremental/QF_UFDTLIA/20230314-Jaroslav-Bendik-Certora/63058_aa742630eef64f949de269382c1f9035_25_UFDTLIA.smt2",0,0.197706653225806,0.188,0.271,0,1,0,
"benchmark-submission/non-incremental/QF_UFDTLIA/20230314-Jaroslav-Bendik-Certora/65782_cd31513fdcd15701933b_5_QF_UFDTLIA.smt2",,934.345690040196,1000,1000,0,0,0,
"benchmark-submission/non-incremental/QF_UFDTLIA/20230314-Jaroslav-Bendik-Certora/65782_cd31513fdcd15701933b_6_QF_UFDTLIA.smt2",0,0.0978249251817016,0.109,0.249,1,0,0,
"benchmark-submission/non-incremental/QF_UFDTLIA/20230314-Jaroslav-Bendik-Certora/65782_cd31513fdcd15701933b_7_QF_UFDTLIA.smt2",0,0.53771645021645,0.594,0.76,1,0,0,
"benchmark-submission/non-incremental/QF_UFDTLIA/20230314-Jaroslav-Bendik-Certora/65782_cd31513fdcd15701933b_8_QF_UFDTLIA.smt2",0,0.678001595532509,0.813,0.962,1,0,0,
"benchmark-submission/non-incremental/QF_UFDTLIA/20230314-Jaroslav-Bendik-Certora/66603_accdadf23a1cf70ae043_72_QF_UFDTLIA.smt2",0,6.15595880333497,6,6.25,0,1,0,
"benchmark-submission/non-incremental/QF_UFDTLIA/20230314-Jaroslav-Bendik-Certora/66603_accdadf23a1cf70ae043_73_QF_UFDTLIA.smt2",,916.739702015776,1000,1000,0,0,0,
"benchmark-submission/non-incremental/QF_UFDTLIA/20230314-Jaroslav-Bendik-Certora/66603_accdadf23a1cf70ae043_74_QF_UFDTLIA.smt2",0,90.9346781940442,90.5,94.178,1,0,0,
"benchmark-submission/non-incremental/QF_UFDTLIA/20230314-Jaroslav-Bendik-Certora/66603_accdadf23a1cf70ae043_75_QF_UFDTLIA.smt2",0,13.8532738095238,13.906,14.535,1,0,0,
"benchmark-submission/non-incremental/QF_UFDTLIA/20230314-Jaroslav-Bendik-Certora/66603_accdadf23a1cf70ae043_76_QF_UFDTLIA.smt2",0,19.6213384407391,20.813,21.671,0,1,0,
"benchmark-submission/non-incremental/QF_UFDTLIA/20230314-Jaroslav-Bendik-Certora/72658_63104dadde9c6026353f_70_QF_UFDTLIA.smt2",0,0.86334315318976,1.016,1.175,1,0,0,
"benchmark-submission/non-incremental/QF_UFDTLIA/20230314-Jaroslav-Bendik-Certora/72658_63104dadde9c6026353f_71_QF_UFDTLIA.smt2",,967.175219602404,1000,1000,0,0,0,
"benchmark-submission/non-incremental/QF_UFDTLIA/20230314-Jaroslav-Bendik-Certora/72771_f9d228efc97cf1458e38_64_QF_UFDTLIA.smt2",0,3.20405278039585,3.25,3.452,1,0,0,
"benchmark-submission/non-incremental/QF_UFDTLIA/20230314-Jaroslav-Bendik-Certora/83314_a702bf8b823398c9e37a_0_UFDTLIA.smt2",0,2.48023574561403,2.703,2.863,1,0,0,
"benchmark-submission/non-incremental/QF_UFDTLIA/20230314-Jaroslav-Bendik-Certora/83314_a702bf8b823398c9e37a_1_UFDTLIA.smt2",,824.921135646688,1000,1000,0,0,0,
"benchmark-submission/non-incremental/QF_UFDTLIA/20230314-Jaroslav-Bendik-Certora/83314_a702bf8b823398c9e37a_2_UFDTLIA.smt2",,941.494149414941,1000,1000,0,0,0,
"benchmark-submission/non-incremental/QF_UFDTLIA/20230314-Jaroslav-Bendik-Certora/83314_a702bf8b823398c9e37a_3_UFDTLIA.smt2",0,75.4044176706827,89.75,93.337,0,1,0,
"benchmark-submission/non-incremental/QF_UFDTLIA/20230314-Jaroslav-Bendik-Certora/83314_a702bf8b823398c9e37a_4_UFDTLIA.smt2",,850.406504065041,1000,1000,0,0,0,
"benchmark-submission/non-incremental/QF_UFDTLIA/20230314-Jaroslav-Bendik-Certora/93493_1fdb6cc8eb9c4363b5838af9eb8c7f1f_53_QF_UFDTLIA.smt2",0,13.8585644007156,14.813,15.461,1,0,0,
"benchmark-submission/non-incremental/QF_UFDTLIA/20230314-Jaroslav-Bendik-Certora/93493_27ab26d56d60426da02e50231269b6ff_51_QF_UFDTLIA.smt2",0,16.4351344086021,18.266,19.026,1,0,0,
"benchmark-submission/non-incremental/QF_UFDTLIA/20230314-Jaroslav-Bendik-Certora/93493_4ea6163ed03941199c785278ccc42812_49_QF_UFDTLIA.smt2",,871.303623490212,1000,1000,0,0,0,
"benchmark-submission/non-incremental/QF_UFDTLIA/20230314-Jaroslav-Bendik-Certora/93493_5990a6bf5f2740164f77_50_QF_UFDTLIA.smt2",0,36.3229569632495,35.906,37.319,1,0,0,
"benchmark-submission/non-incremental/QF_UFDTLIA/20230314-Jaroslav-Bendik-Certora/93493_798593962ee29ad45ac8_52_QF_UFDTLIA.smt2",,823.297914207005,1000,1000,0,0,0,
"benchmark-submission/non-incremental/QF_UFDTLIA/20230314-Jaroslav-Bendik-Certora/940_590f27b1c3c800d3243e_29_QF_UFDTLIA.smt2",0,261.359819688109,320.453,333.37,1,0,0,
"benchmark-submission/non-incremental/QF_UFDTLIA/20230314-Jaroslav-Bendik-Certora/940_590f27b1c3c800d3243e_30_QF_UFDTLIA.smt2",,845.594179466451,1000,1000,0,0,0,
"benchmark-submission/non-incremental/QF_UFDTLIA/20230314-Jaroslav-Bendik-Certora/940_590f27b1c3c800d3243e_31_QF_UFDTLIA.smt2",,901.724137931034,1000,1000,0,0,0,
"benchmark-submission/non-incremental/QF_UFDTLIA/20230314-Jaroslav-Bendik-Certora/940_590f27b1c3c800d3243e_32_QF_UFDTLIA.smt2",,898.625429553265,1000,1000,0,0,0,
"benchmark-submission/non-incremental/QF_UFDTLIA/20230314-Jaroslav-Bendik-Certora/940_590f27b1c3c800d3243e_33_QF_UFDTLIA.smt2",,872.03001250521,1000,1000,0,0,0,
"benchmark-submission/non-incremental/QF_UFDTNIA/20230314-Jaroslav-Bendik-Certora/11775_ad46e5b8db4748c51973_42_QF_UFDTNIA.smt2",0,0.922788270377734,1.109,1.279,1,0,0,
"benchmark-submission/non-incremental/QF_UFDTNIA/20230314-Jaroslav-Bendik-Certora/11775_ad46e5b8db4748c51973_43_QF_UFDTNIA.smt2",0,2.07221370143149,1.938,2.105,0,1,0,
"benchmark-submission/non-incremental/QF_UFDTNIA/20230314-Jaroslav-Bendik-Certora/17512_5c1021b0faa6b6e1791b_19_QF_UFDTNIA.smt2",0,1.12086323763955,1.344,1.577,0,1,0,
"benchmark-submission/non-incremental/QF_UFDTNIA/20230314-Jaroslav-Bendik-Certora/17512_5c1021b0faa6b6e1791b_20_QF_UFDTNIA.smt2",0,83.9745505023797,75.906,78.989,0,1,0,
"benchmark-submission/non-incremental/QF_UFDTNIA/20230314-Jaroslav-Bendik-Certora/17512_5c1021b0faa6b6e1791b_21_QF_UFDTNIA.smt2",0,4.98170072115385,4.953,5.206,0,1,0,
"benchmark-submission/non-incremental/QF_UFDTNIA/20230314-Jaroslav-Bendik-Certora/25959_5dee2e2f6ef44465a2bea4b085818948_65_QF_UFDTNIA.smt2",,963.611239060341,1000,1000,0,0,0,
"benchmark-submission/non-incremental/QF_UFDTNIA/20230314-Jaroslav-Bendik-Certora/25959_5dee2e2f6ef44465a2bea4b085818948_66_QF_UFDTNIA.smt2",,874.581939799331,1000,1000,0,0,0,
"benchmark-submission/non-incremental/QF_UFDTNIA/20230314-Jaroslav-Bendik-Certora/25959_5dee2e2f6ef44465a2bea4b085818948_67_QF_UFDTNIA.smt2",,917.543859649123,1000,1000,0,0,0,
"benchmark-submission/non-incremental/QF_UFDTNIA/20230314-Jaroslav-Bendik-Certora/25959_5dee2e2f6ef44465a2bea4b085818948_68_QF_UFDTNIA.smt2",,944.469525959368,1000,1000,0,0,0,
"benchmark-submission/non-incremental/QF_UFDTNIA/20230314-Jaroslav-Bendik-Certora/25959_5dee2e2f6ef44465a2bea4b085818948_69_QF_UFDTNIA.smt2",0,374.301788685524,430.125,447.604,1,0,0,
"benchmark-submission/non-incremental/QF_UFDTNIA/20230314-Jaroslav-Bendik-Certora/30078_f817a923328f75af7e60_27_QF_UFDTNIA.smt2",0,18.0129607015986,19.391,20.224,0,1,0,
"benchmark-submission/non-incremental/QF_UFDTNIA/20230314-Jaroslav-Bendik-Certora/30078_f817a923328f75af7e60_28_QF_UFDTNIA.smt2",0,27.888310926163,31.234,32.493,0,1,0,
"benchmark-submission/non-incremental/QF_UFDTNIA/20230314-Jaroslav-Bendik-Certora/3106_1c933134166dbad31f79_38_QF_UFDTNIA.smt2",,985.862393967955,1000,1000,0,0,0,
"benchmark-submission/non-incremental/QF_UFDTNIA/20230314-Jaroslav-Bendik-Certora/3106_1c933134166dbad31f79_39_QF_UFDTNIA.smt2",0,10.7893098230912,11.078,11.641,1,0,0,
"benchmark-submission/non-incremental/QF_UFDTNIA/20230314-Jaroslav-Bendik-Certora/3106_1c933134166dbad31f79_40_QF_UFDTNIA.smt2",0,0.156337186129932,0.188,0.367,1,0,0,
"benchmark-submission/non-incremental/QF_UFDTNIA/20230314-Jaroslav-Bendik-Certora/3106_1c933134166dbad31f79_41_QF_UFDTNIA.smt2",0,2.89176123205188,2.984,3.157,1,0,0,
"benchmark-submission/non-incremental/QF_UFDTNIA/20230314-Jaroslav-Bendik-Certora/3106_afb7bc55417e43d7a22790c3576f04fc_37_QF_UFDTNIA.smt2",0,15.1496203785211,16.453,17.091,1,0,0,
"benchmark-submission/non-incremental/QF_UFDTNIA/20230314-Jaroslav-Bendik-Certora/38347_092cc73601c78e45f4f9_55_QF_UFDTNIA.smt2",0,74.7969180102242,90.922,94.672,0,1,0,
"benchmark-submission/non-incremental/QF_UFDTNIA/20230314-Jaroslav-Bendik-Certora/38347_092cc73601c78e45f4f9_56_QF_UFDTNIA.smt2",0,2.07489013671875,2.031,2.155,1,0,0,
"benchmark-submission/non-incremental/QF_UFDTNIA/20230314-Jaroslav-Bendik-Certora/38347_092cc73601c78e45f4f9_57_QF_UFDTNIA.smt2",,919.156414762742,1000,1000,0,0,0,
"benchmark-submission/non-incremental/QF_UFDTNIA/20230314-Jaroslav-Bendik-Certora/38347_092cc73601c78e45f4f9_58_QF_UFDTNIA.smt2",0,1.09384506736202,1.203,1.507,1,0,0,
"benchmark-submission/non-incremental/QF_UFDTNIA/20230314-Jaroslav-Bendik-Certora/38347_525a1ca0331f2bcbf520_54_QF_UFDTNIA.smt2",,899.398108340499,1000,1000,0,0,0,
"benchmark-submission/non-incremental/QF_UFDTNIA/20230314-Jaroslav-Bendik-Certora/39657_1c7158801cd59dc13f05_44_QF_UFDTNIA.smt2",0,7.40319634703196,7.75,8.114,1,0,0,
"benchmark-submission/non-incremental/QF_UFDTNIA/20230314-Jaroslav-Bendik-Certora/39657_1c7158801cd59dc13f05_45_QF_UFDTNIA.smt2",0,5.09328549461817,4.75,4.986,1,0,0,
"benchmark-submission/non-incremental/QF_UFDTNIA/20230314-Jaroslav-Bendik-Certora/39657_1c7158801cd59dc13f05_46_QF_UFDTNIA.smt2",0,12.0861344537815,13.063,13.684,1,0,0,
"benchmark-submission/non-incremental/QF_UFDTNIA/20230314-Jaroslav-Bendik-Certora/39657_2866defdd1f2434b69ab_47_QF_UFDTNIA.smt2",0,0.324897363872083,0.359,0.505,1,0,0,
"benchmark-submission/non-incremental/QF_UFDTNIA/20230314-Jaroslav-Bendik-Certora/39657_2866defdd1f2434b69ab_48_QF_UFDTNIA.smt2",0,0.338239859271523,0.391,0.58,1,0,0,
"benchmark-submission/non-incremental/QF_UFDTNIA/20230314-Jaroslav-Bendik-Certora/41958_32933c5a1384696720a2_61_QF_UFDTNIA.smt2",,903.671706263499,1000,1000,0,0,0,
"benchmark-submission/non-incremental/QF_UFDTNIA/20230314-Jaroslav-Bendik-Certora/41958_32933c5a1384696720a2_62_QF_UFDTNIA.smt2",,899.784946236559,1000,1000,0,0,0,
"benchmark-submission/non-incremental/QF_UFDTNIA/20230314-Jaroslav-Bendik-Certora/41958_32933c5a1384696720a2_63_QF_UFDTNIA.smt2",,841.174105347809,1000,1000,0,0,0,
"benchmark-submission/non-incremental/QF_UFDTNIA/20230314-Jaroslav-Bendik-Certora/41958_45c688a4814eb926c254_59_QF_UFDTNIA.smt2",0,0.479891988255034,0.547,0.762,1,0,0,
"benchmark-submission/non-incremental/QF_UFDTNIA/20230314-Jaroslav-Bendik-Certora/41958_45c688a4814eb926c254_60_QF_UFDTNIA.smt2",0,0.368161705551086,0.438,0.604,1,0,0,
"benchmark-submission/non-incremental/QF_UFDTNIA/20230314-Jaroslav-Bendik-Certora/44289_4066055e0f64d96da11a_14_QF_UFDTNIA.smt2",0,1.85962540064103,2.219,2.401,1,0,0,
"benchmark-submission/non-incremental/QF_UFDTNIA/20230314-Jaroslav-Bendik-Certora/44289_4066055e0f64d96da11a_15_QF_UFDTNIA.smt2",0,6.45166849015317,7.047,7.342,1,0,0,
"benchmark-submission/non-incremental/QF_UFDTNIA/20230314-Jaroslav-Bendik-Certora/44289_b077fc096b3d41cba49f8628caff7fa5_16_QF_UFDTNIA.smt2",0,166.84567535545,185.109,192.52,1,0,0,
"benchmark-submission/non-incremental/QF_UFDTNIA/20230314-Jaroslav-Bendik-Certora/44289_e5a2e5c780236919ee6a_17_QF_UFDTNIA.smt2",0,2.63359004739336,2.922,3.128,1,0,0,
"benchmark-submission/non-incremental/QF_UFDTNIA/20230314-Jaroslav-Bendik-Certora/44289_e5a2e5c780236919ee6a_18_QF_UFDTNIA.smt2",0,3.18609808319739,3.734,3.94,1,0,0,
"benchmark-submission/non-incremental/QF_UFDTNIA/20230314-Jaroslav-Bendik-Certora/44788_1965f0d6d94d5d8054ba_34_QF_UFDTNIA.smt2",0,7.40298463356974,7.484,7.834,0,1,0,
"benchmark-submission/non-incremental/QF_UFDTNIA/20230314-Jaroslav-Bendik-Certora/44788_1965f0d6d94d5d8054ba_35_QF_UFDTNIA.smt2",,1115.13859275053,1000,1000,0,0,0,
"benchmark-submission/non-incremental/QF_UFDTNIA/20230314-Jaroslav-Bendik-Certora/44788_1965f0d6d94d5d8054ba_36_QF_UFDTNIA.smt2",,824.59597950335,1000,1000,0,0,0,
"benchmark-submission/non-incremental/QF_UFDTNIA/20230314-Jaroslav-Bendik-Certora/52759_af0c476fe3b544b9a8507f3e42472c43_12_QF_UFDTNIA.smt2",0,0.430098684210526,0.484,0.662,1,0,0,
"benchmark-submission/non-incremental/QF_UFDTNIA/20230314-Jaroslav-Bendik-Certora/52759_af0c476fe3b544b9a8507f3e42472c43_13_QF_UFDTNIA.smt2",0,0.853362656072645,0.719,0.863,1,0,0,
"benchmark-submission/non-incremental/QF_UFDTNIA/20230314-Jaroslav-Bendik-Certora/52759_bec3a2272267494faeecb6bfaf253e3b_10_QF_UFDTNIA.smt2",0,19.1674045651318,23.281,24.239,0,1,0,
"benchmark-submission/non-incremental/QF_UFDTNIA/20230314-Jaroslav-Bendik-Certora/52759_bec3a2272267494faeecb6bfaf253e3b_11_QF_UFDTNIA.smt2",0,2.11329764903443,2.406,2.595,1,0,0,
"benchmark-submission/non-incremental/QF_UFDTNIA/20230314-Jaroslav-Bendik-Certora/63058_55d6bef5390186355f11_26_QF_UFDTNIA.smt2",0,3.99746892542101,4.766,5.08,1,0,0,
"benchmark-submission/non-incremental/QF_UFDTNIA/20230314-Jaroslav-Bendik-Certora/63058_64ab9a7ef7b6c3492507_22_QF_UFDTNIA.smt2",0,3.70104408352668,3.813,4.013,1,0,0,
"benchmark-submission/non-incremental/QF_UFDTNIA/20230314-Jaroslav-Bendik-Certora/63058_64ab9a7ef7b6c3492507_23_QF_UFDTNIA.smt2",0,3.60533679283679,4.234,4.436,1,0,0,
"benchmark-submission/non-incremental/QF_UFDTNIA/20230314-Jaroslav-Bendik-Certora/63058_64ab9a7ef7b6c3492507_24_QF_UFDTNIA.smt2",0,4.95081635016211,5.109,5.387,1,0,0,
"benchmark-submission/non-incremental/QF_UFDTNIA/20230314-Jaroslav-Bendik-Certora/63058_aa742630eef64f949de269382c1f9035_25_UFDTNIA.smt2",0,0.137111996644295,0.156,0.275,0,1,0,
"benchmark-submission/non-incremental/QF_UFDTNIA/20230314-Jaroslav-Bendik-Certora/65782_cd31513fdcd15701933b_5_QF_UFDTNIA.smt2",,968.967114404817,1000,1000,0,0,0,
"benchmark-submission/non-incremental/QF_UFDTNIA/20230314-Jaroslav-Bendik-Certora/65782_cd31513fdcd15701933b_6_QF_UFDTNIA.smt2",0,0.0839216944801027,0.094,0.233,1,0,0,
"benchmark-submission/non-incremental/QF_UFDTNIA/20230314-Jaroslav-Bendik-Certora/65782_cd31513fdcd15701933b_7_QF_UFDTNIA.smt2",0,1.35745431893688,1.563,1.731,0,1,0,
"benchmark-submission/non-incremental/QF_UFDTNIA/20230314-Jaroslav-Bendik-Certora/65782_cd31513fdcd15701933b_8_QF_UFDTNIA.smt2",0,1.69005511022044,2.016,2.203,1,0,0,
"benchmark-submission/non-incremental/QF_UFDTNIA/20230314-Jaroslav-Bendik-Certora/66603_accdadf23a1cf70ae043_72_QF_UFDTNIA.smt2",0,6.10045264623955,6.281,6.585,0,1,0,
"benchmark-submission/non-incremental/QF_UFDTNIA/20230314-Jaroslav-Bendik-Certora/66603_accdadf23a1cf70ae043_73_QF_UFDTNIA.smt2",,980.318650421743,1000,1000,0,0,0,
"benchmark-submission/non-incremental/QF_UFDTNIA/20230314-Jaroslav-Bendik-Certora/66603_accdadf23a1cf70ae043_74_QF_UFDTNIA.smt2",,944.896115627823,1000,1000,0,0,0,
"benchmark-submission/non-incremental/QF_UFDTNIA/20230314-Jaroslav-Bendik-Certora/66603_accdadf23a1cf70ae043_75_QF_UFDTNIA.smt2",,990.530303030303,1000,1000,0,0,0,
"benchmark-submission/non-incremental/QF_UFDTNIA/20230314-Jaroslav-Bendik-Certora/66603_accdadf23a1cf70ae043_76_QF_UFDTNIA.smt2",0,16.834508644222,17.688,18.44,0,1,0,
"benchmark-submission/non-incremental/QF_UFDTNIA/20230314-Jaroslav-Bendik-Certora/72658_63104dadde9c6026353f_70_QF_UFDTNIA.smt2",0,1.42119565217391,1.609,1.793,1,0,0,
"benchmark-submission/non-incremental/QF_UFDTNIA/20230314-Jaroslav-Bendik-Certora/72658_63104dadde9c6026353f_71_QF_UFDTNIA.smt2",,1140.67611777535,1000,1000,0,0,0,
"benchmark-submission/non-incremental/QF_UFDTNIA/20230314-Jaroslav-Bendik-Certora/72771_f9d228efc97cf1458e38_64_QF_UFDTNIA.smt2",0,0.93267944716897,1,1.172,1,0,0,
"benchmark-submission/non-incremental/QF_UFDTNIA/20230314-Jaroslav-Bendik-Certora/83314_a702bf8b823398c9e37a_0_UFDTNIA.smt2",0,0.933928571428571,1.078,1.205,1,0,0,
"benchmark-submission/non-incremental/QF_UFDTNIA/20230314-Jaroslav-Bendik-Certora/83314_a702bf8b823398c9e37a_1_UFDTNIA.smt2",0,7.98549890350877,8.703,9.136,1,0,0,
"benchmark-submission/non-incremental/QF_UFDTNIA/20230314-Jaroslav-Bendik-Certora/83314_a702bf8b823398c9e37a_2_UFDTNIA.smt2",0,79.5289238621863,89.375,92.958,1,0,0,
"benchmark-submission/non-incremental/QF_UFDTNIA/20230314-Jaroslav-Bendik-Certora/83314_a702bf8b823398c9e37a_3_UFDTNIA.smt2",0,38.3302250308261,44.578,46.423,0,1,0,
"benchmark-submission/non-incremental/QF_UFDTNIA/20230314-Jaroslav-Bendik-Certora/83314_a702bf8b823398c9e37a_4_UFDTNIA.smt2",0,550.873315027459,527.438,548.753,1,0,0,
"benchmark-submission/non-incremental/QF_UFDTNIA/20230314-Jaroslav-Bendik-Certora/93493_1fdb6cc8eb9c4363b5838af9eb8c7f1f_53_QF_UFDTNIA.smt2",0,7.14939985451018,7.047,7.406,1,0,0,
"benchmark-submission/non-incremental/QF_UFDTNIA/20230314-Jaroslav-Bendik-Certora/93493_27ab26d56d60426da02e50231269b6ff_51_QF_UFDTNIA.smt2",0,4.40245378521127,4.781,5.015,1,0,0,
"benchmark-submission/non-incremental/QF_UFDTNIA/20230314-Jaroslav-Bendik-Certora/93493_4ea6163ed03941199c785278ccc42812_49_QF_UFDTNIA.smt2",,994.296577946768,1000,1000,0,0,0,
"benchmark-submission/non-incremental/QF_UFDTNIA/20230314-Jaroslav-Bendik-Certora/93493_5990a6bf5f2740164f77_50_QF_UFDTNIA.smt2",0,259.75121875,248.328,258.258,1,0,0,
"benchmark-submission/non-incremental/QF_UFDTNIA/20230314-Jaroslav-Bendik-Certora/93493_798593962ee29ad45ac8_52_QF_UFDTNIA.smt2",,996.190476190476,1000,1000,0,0,0,
"benchmark-submission/non-incremental/QF_UFDTNIA/20230314-Jaroslav-Bendik-Certora/940_590f27b1c3c800d3243e_29_QF_UFDTNIA.smt2",,1028.51524090462,1000,1000,0,0,0,
"benchmark-submission/non-incremental/QF_UFDTNIA/20230314-Jaroslav-Bendik-Certora/940_590f27b1c3c800d3243e_30_QF_UFDTNIA.smt2",0,606.005527862987,566.609,589.39,1,0,0,
"benchmark-submission/non-incremental/QF_UFDTNIA/20230314-Jaroslav-Bendik-Certora/940_590f27b1c3c800d3243e_31_QF_UFDTNIA.smt2",0,8.6557614874467,8.734,9.156,1,0,0,
"benchmark-submission/non-incremental/QF_UFDTNIA/20230314-Jaroslav-Bendik-Certora/940_590f27b1c3c800d3243e_32_QF_UFDTNIA.smt2",0,30.7086279275298,33.219,34.562,1,0,0,
"benchmark-submission/non-incremental/QF_UFDTNIA/20230314-Jaroslav-Bendik-Certora/940_590f27b1c3c800d3243e_33_QF_UFDTNIA.smt2",0,21.7810984481086,21.469,22.365,1,0,0,
"benchmark-submission/non-incremental/QF_UFLIA/20230314-Jaroslav-Bendik-Certora/11775_ad46e5b8db4748c51973_42_QF_UFLIA.smt2",0,1.83967169657423,2.156,2.333,1,0,0,
"benchmark-submission/non-incremental/QF_UFLIA/20230314-Jaroslav-Bendik-Certora/11775_ad46e5b8db4748c51973_43_QF_UFLIA.smt2",0,0.670310615199035,0.797,0.956,1,0,0,
"benchmark-submission/non-incremental/QF_UFLIA/20230314-Jaroslav-Bendik-Certora/17512_5c1021b0faa6b6e1791b_19_QF_UFLIA.smt2",0,25.3298457039129,30.016,31.304,0,1,0,
"benchmark-submission/non-incremental/QF_UFLIA/20230314-Jaroslav-Bendik-Certora/17512_5c1021b0faa6b6e1791b_20_QF_UFLIA.smt2",,898.239587805925,1000,1000,0,0,0,
"benchmark-submission/non-incremental/QF_UFLIA/20230314-Jaroslav-Bendik-Certora/17512_5c1021b0faa6b6e1791b_21_QF_UFLIA.smt2",0,6.5375,6.969,7.267,0,1,0,
"benchmark-submission/non-incremental/QF_UFLIA/20230314-Jaroslav-Bendik-Certora/25959_5dee2e2f6ef44465a2bea4b085818948_65_QF_UFLIA.smt2",,1187.28717366629,1000,1000,0,0,0,
"benchmark-submission/non-incremental/QF_UFLIA/20230314-Jaroslav-Bendik-Certora/25959_5dee2e2f6ef44465a2bea4b085818948_66_QF_UFLIA.smt2",,917.543859649123,1000,1000,0,0,0,
"benchmark-submission/non-incremental/QF_UFLIA/20230314-Jaroslav-Bendik-Certora/25959_5dee2e2f6ef44465a2bea4b085818948_67_QF_UFLIA.smt2",,881.956155143339,1000,1000,0,0,0,
"benchmark-submission/non-incremental/QF_UFLIA/20230314-Jaroslav-Bendik-Certora/25959_5dee2e2f6ef44465a2bea4b085818948_68_QF_UFLIA.smt2",,912.341910161361,1000,1000,0,0,0,
"benchmark-submission/non-incremental/QF_UFLIA/20230314-Jaroslav-Bendik-Certora/25959_5dee2e2f6ef44465a2bea4b085818948_69_QF_UFLIA.smt2",,909.169926119079,1000,1000,0,0,0,
"benchmark-submission/non-incremental/QF_UFLIA/20230314-Jaroslav-Bendik-Certora/30078_f817a923328f75af7e60_27_QF_UFLIA.smt2",0,43.5479572510822,38.469,40.005,0,1,0,
"benchmark-submission/non-incremental/QF_UFLIA/20230314-Jaroslav-Bendik-Certora/30078_f817a923328f75af7e60_28_QF_UFLIA.smt2",0,53.0923381841877,58.422,60.772,0,1,0,
"benchmark-submission/non-incremental/QF_UFLIA/20230314-Jaroslav-Bendik-Certora/3106_1c933134166dbad31f79_38_QF_UFLIA.smt2",,833.134209478295,1000,1000,0,0,0,
"benchmark-submission/non-incremental/QF_UFLIA/20230314-Jaroslav-Bendik-Certora/3106_1c933134166dbad31f79_39_QF_UFLIA.smt2",,928.952042628774,1000,1000,0,0,0,
"benchmark-submission/non-incremental/QF_UFLIA/20230314-Jaroslav-Bendik-Certora/3106_1c933134166dbad31f79_40_QF_UFLIA.smt2",0,0.202488938053097,0.219,0.371,1,0,0,
"benchmark-submission/non-incremental/QF_UFLIA/20230314-Jaroslav-Bendik-Certora/3106_1c933134166dbad31f79_41_QF_UFLIA.smt2",0,8.65661489957964,8.859,9.215,1,0,0,
"benchmark-submission/non-incremental/QF_UFLIA/20230314-Jaroslav-Bendik-Certora/3106_afb7bc55417e43d7a22790c3576f04fc_37_QF_UFLIA.smt2",,905.627705627706,1000,1000,0,0,0,
"benchmark-submission/non-incremental/QF_UFLIA/20230314-Jaroslav-Bendik-Certora/38347_092cc73601c78e45f4f9_55_QF_UFLIA.smt2",,868.770764119601,1000,1000,0,0,0,
"benchmark-submission/non-incremental/QF_UFLIA/20230314-Jaroslav-Bendik-Certora/38347_092cc73601c78e45f4f9_56_QF_UFLIA.smt2",,862.680412371134,1000,1000,0,0,0,
"benchmark-submission/non-incremental/QF_UFLIA/20230314-Jaroslav-Bendik-Certora/38347_092cc73601c78e45f4f9_57_QF_UFLIA.smt2",,913.138367525098,1000,1000,0,0,0,
"benchmark-submission/non-incremental/QF_UFLIA/20230314-Jaroslav-Bendik-Certora/38347_092cc73601c78e45f4f9_58_QF_UFLIA.smt2",0,0.755942184154176,0.844,0.99,1,0,0,
"benchmark-submission/non-incremental/QF_UFLIA/20230314-Jaroslav-Bendik-Certora/38347_525a1ca0331f2bcbf520_54_QF_UFLIA.smt2",,859.843814221126,1000,1000,0,0,0,
"benchmark-submission/non-incremental/QF_UFLIA/20230314-Jaroslav-Bendik-Certora/39657_1c7158801cd59dc13f05_44_QF_UFLIA.smt2",0,3.94104609929078,3.984,4.231,1,0,0,
"benchmark-submission/non-incremental/QF_UFLIA/20230314-Jaroslav-Bendik-Certora/39657_1c7158801cd59dc13f05_45_QF_UFLIA.smt2",0,3.79569863887707,4.266,4.48,1,0,0,
"benchmark-submission/non-incremental/QF_UFLIA/20230314-Jaroslav-Bendik-Certora/39657_1c7158801cd59dc13f05_46_QF_UFLIA.smt2",0,8.09715295095594,9.313,9.724,1,0,0,
"benchmark-submission/non-incremental/QF_UFLIA/20230314-Jaroslav-Bendik-Certora/39657_2866defdd1f2434b69ab_47_QF_UFLIA.smt2",0,20.4051982480406,21.156,22.006,1,0,0,
"benchmark-submission/non-incremental/QF_UFLIA/20230314-Jaroslav-Bendik-Certora/39657_2866defdd1f2434b69ab_48_QF_UFLIA.smt2",0,7.54430184804928,8.781,9.218,1,0,0,
"benchmark-submission/non-incremental/QF_UFLIA/20230314-Jaroslav-Bendik-Certora/41958_32933c5a1384696720a2_61_QF_UFLIA.smt2",0,32.073912116041,35.938,37.465,1,0,0,
"benchmark-submission/non-incremental/QF_UFLIA/20230314-Jaroslav-Bendik-Certora/41958_32933c5a1384696720a2_62_QF_UFLIA.smt2",0,7.26841749792186,8.359,8.732,1,0,0,
"benchmark-submission/non-incremental/QF_UFLIA/20230314-Jaroslav-Bendik-Certora/41958_32933c5a1384696720a2_63_QF_UFLIA.smt2",0,5.81749895309883,6.641,7.013,1,0,0,
"benchmark-submission/non-incremental/QF_UFLIA/20230314-Jaroslav-Bendik-Certora/41958_45c688a4814eb926c254_59_QF_UFLIA.smt2",0,5.01018013100437,5.484,5.739,1,0,0,
"benchmark-submission/non-incremental/QF_UFLIA/20230314-Jaroslav-Bendik-Certora/41958_45c688a4814eb926c254_60_QF_UFLIA.smt2",0,2.09795548654244,2.422,2.571,1,0,0,
"benchmark-submission/non-incremental/QF_UFLIA/20230314-Jaroslav-Bendik-Certora/44289_4066055e0f64d96da11a_14_QF_UFLIA.smt2",0,7.76205529361337,8.656,9.038,1,0,0,
"benchmark-submission/non-incremental/QF_UFLIA/20230314-Jaroslav-Bendik-Certora/44289_4066055e0f64d96da11a_15_QF_UFLIA.smt2",0,83.2523077758471,91.609,95.249,1,0,0,
"benchmark-submission/non-incremental/QF_UFLIA/20230314-Jaroslav-Bendik-Certora/44289_b077fc096b3d41cba49f8628caff7fa5_16_QF_UFLIA.smt2",,942.767012167643,1000,1000,0,0,0,
"benchmark-submission/non-incremental/QF_UFLIA/20230314-Jaroslav-Bendik-Certora/44289_e5a2e5c780236919ee6a_17_QF_UFLIA.smt2",0,8.70058076422058,9.578,9.992,1,0,0,
"benchmark-submission/non-incremental/QF_UFLIA/20230314-Jaroslav-Bendik-Certora/44289_e5a2e5c780236919ee6a_18_QF_UFLIA.smt2",0,7.11426350563544,8.75,9.126,1,0,0,
"benchmark-submission/non-incremental/QF_UFLIA/20230314-Jaroslav-Bendik-Certora/44788_1965f0d6d94d5d8054ba_34_QF_UFLIA.smt2",0,0.203501945525292,0.25,0.434,1,0,0,
"benchmark-submission/non-incremental/QF_UFLIA/20230314-Jaroslav-Bendik-Certora/44788_1965f0d6d94d5d8054ba_35_QF_UFLIA.smt2",0,0.821036106750393,1,1.153,0,1,0,
"benchmark-submission/non-incremental/QF_UFLIA/20230314-Jaroslav-Bendik-Certora/44788_1965f0d6d94d5d8054ba_36_QF_UFLIA.smt2",,898.625429553265,1000,1000,0,0,0,
"benchmark-submission/non-incremental/QF_UFLIA/20230314-Jaroslav-Bendik-Certora/52759_af0c476fe3b544b9a8507f3e42472c43_12_QF_UFLIA.smt2",0,19.963224248927,22.234,23.144,1,0,0,
"benchmark-submission/non-incremental/QF_UFLIA/20230314-Jaroslav-Bendik-Certora/52759_af0c476fe3b544b9a8507f3e42472c43_13_QF_UFLIA.smt2",0,8.79509425878321,9.813,10.195,1,0,0,
"benchmark-submission/non-incremental/QF_UFLIA/20230314-Jaroslav-Bendik-Certora/52759_bec3a2272267494faeecb6bfaf253e3b_10_QF_UFLIA.smt2",,938.958707360862,1000,1000,0,0,0,
"benchmark-submission/non-incremental/QF_UFLIA/20230314-Jaroslav-Bendik-Certora/52759_bec3a2272267494faeecb6bfaf253e3b_11_QF_UFLIA.smt2",0,25.2493672975352,27.422,28.551,1,0,0,
"benchmark-submission/non-incremental/QF_UFLIA/20230314-Jaroslav-Bendik-Certora/63058_55d6bef5390186355f11_26_QF_UFLIA.smt2",0,18.9317228939158,23.203,24.087,1,0,0,
"benchmark-submission/non-incremental/QF_UFLIA/20230314-Jaroslav-Bendik-Certora/63058_64ab9a7ef7b6c3492507_22_QF_UFLIA.smt2",0,14.8034648187633,16.594,17.276,1,0,0,
"benchmark-submission/non-incremental/QF_UFLIA/20230314-Jaroslav-Bendik-Certora/63058_64ab9a7ef7b6c3492507_23_QF_UFLIA.smt2",0,17.6726215423303,20.156,21.021,1,0,0,
"benchmark-submission/non-incremental/QF_UFLIA/20230314-Jaroslav-Bendik-Certora/63058_64ab9a7ef7b6c3492507_24_QF_UFLIA.smt2",0,21.7408702408702,26.75,27.847,1,0,0,
"benchmark-submission/non-incremental/QF_UFLIA/20230314-Jaroslav-Bendik-Certora/63058_aa742630eef64f949de269382c1f9035_25_UFLIA.smt2",0,0.184973726758286,0.219,0.289,0,1,0,
"benchmark-submission/non-incremental/QF_UFLIA/20230314-Jaroslav-Bendik-Certora/65782_cd31513fdcd15701933b_5_QF_UFLIA.smt2",,806.787504820671,1000,1000,0,0,0,
"benchmark-submission/non-incremental/QF_UFLIA/20230314-Jaroslav-Bendik-Certora/65782_cd31513fdcd15701933b_6_QF_UFLIA.smt2",0,0.153988222698073,0.172,0.262,1,0,0,
"benchmark-submission/non-incremental/QF_UFLIA/20230314-Jaroslav-Bendik-Certora/65782_cd31513fdcd15701933b_7_QF_UFLIA.smt2",0,0.229433319570603,0.266,0.444,1,0,0,
"benchmark-submission/non-incremental/QF_UFLIA/20230314-Jaroslav-Bendik-Certora/65782_cd31513fdcd15701933b_8_QF_UFLIA.smt2",0,0.885067691601652,0.922,1.096,1,0,0,
"benchmark-submission/non-incremental/QF_UFLIA/20230314-Jaroslav-Bendik-Certora/66603_accdadf23a1cf70ae043_72_QF_UFLIA.smt2",0,11.7225072553897,13.516,14.146,0,1,0,
"benchmark-submission/non-incremental/QF_UFLIA/20230314-Jaroslav-Bendik-Certora/66603_accdadf23a1cf70ae043_73_QF_UFLIA.smt2",,997.615641392465,1000,1000,0,0,0,
"benchmark-submission/non-incremental/QF_UFLIA/20230314-Jaroslav-Bendik-Certora/66603_accdadf23a1cf70ae043_74_QF_UFLIA.smt2",,936.436884512086,1000,1000,0,0,0,
"benchmark-submission/non-incremental/QF_UFLIA/20230314-Jaroslav-Bendik-Certora/66603_accdadf23a1cf70ae043_75_QF_UFLIA.smt2",,800,1000,1000,0,0,0,
"benchmark-submission/non-incremental/QF_UFLIA/20230314-Jaroslav-Bendik-Certora/66603_accdadf23a1cf70ae043_76_QF_UFLIA.smt2",0,54.3464023109244,61.828,64.413,0,1,0,
"benchmark-submission/non-incremental/QF_UFLIA/20230314-Jaroslav-Bendik-Certora/72658_63104dadde9c6026353f_70_QF_UFLIA.smt2",0,20.6966759718776,23.922,24.944,1,0,0,
"benchmark-submission/non-incremental/QF_UFLIA/20230314-Jaroslav-Bendik-Certora/72658_63104dadde9c6026353f_71_QF_UFLIA.smt2",,892.110874200426,1000,1000,0,0,0,
"benchmark-submission/non-incremental/QF_UFLIA/20230314-Jaroslav-Bendik-Certora/72771_f9d228efc97cf1458e38_64_QF_UFLIA.smt2",0,16.0809430682312,17.688,18.45,1,0,0,
"benchmark-submission/non-incremental/QF_UFLIA/20230314-Jaroslav-Bendik-Certora/83314_a702bf8b823398c9e37a_0_UFLIA.smt2",0,20.8516859052248,24.609,25.615,1,0,0,
"benchmark-submission/non-incremental/QF_UFLIA/20230314-Jaroslav-Bendik-Certora/83314_a702bf8b823398c9e37a_1_UFLIA.smt2",,844.911147011309,1000,1000,0,0,0,
"benchmark-submission/non-incremental/QF_UFLIA/20230314-Jaroslav-Bendik-Certora/83314_a702bf8b823398c9e37a_2_UFLIA.smt2",,876.781223805532,1000,1000,0,0,0,
"benchmark-submission/non-incremental/QF_UFLIA/20230314-Jaroslav-Bendik-Certora/83314_a702bf8b823398c9e37a_3_UFLIA.smt2",,920.774647887324,1000,1000,0,0,0,
"benchmark-submission/non-incremental/QF_UFLIA/20230314-Jaroslav-Bendik-Certora/83314_a702bf8b823398c9e37a_4_UFLIA.smt2",,879.361076082388,1000,1000,0,0,0,
"benchmark-submission/non-incremental/QF_UFLIA/20230314-Jaroslav-Bendik-Certora/93493_1fdb6cc8eb9c4363b5838af9eb8c7f1f_53_QF_UFLIA.smt2",,949.183303085299,1000,1000,0,0,0,
"benchmark-submission/non-incremental/QF_UFLIA/20230314-Jaroslav-Bendik-Certora/93493_27ab26d56d60426da02e50231269b6ff_51_QF_UFLIA.smt2",0,26.4770124001682,30.109,31.448,1,0,0,
"benchmark-submission/non-incremental/QF_UFLIA/20230314-Jaroslav-Bendik-Certora/93493_4ea6163ed03941199c785278ccc42812_49_QF_UFLIA.smt2",,864.820173625465,1000,1000,0,0,0,
"benchmark-submission/non-incremental/QF_UFLIA/20230314-Jaroslav-Bendik-Certora/93493_5990a6bf5f2740164f77_50_QF_UFLIA.smt2",,842.529198550141,1000,1000,0,0,0,
"benchmark-submission/non-incremental/QF_UFLIA/20230314-Jaroslav-Bendik-Certora/93493_798593962ee29ad45ac8_52_QF_UFLIA.smt2",,1005.76923076923,1000,1000,0,0,0,
"benchmark-submission/non-incremental/QF_UFLIA/20230314-Jaroslav-Bendik-Certora/940_590f27b1c3c800d3243e_29_QF_UFLIA.smt2",,834.130781499203,1000,1000,0,0,0,
"benchmark-submission/non-incremental/QF_UFLIA/20230314-Jaroslav-Bendik-Certora/940_590f27b1c3c800d3243e_30_QF_UFLIA.smt2",,904.062229904927,1000,1000,0,0,0,
"benchmark-submission/non-incremental/QF_UFLIA/20230314-Jaroslav-Bendik-Certora/940_590f27b1c3c800d3243e_31_QF_UFLIA.smt2",,860.55121349239,1000,1000,0,0,0,
"benchmark-submission/non-incremental/QF_UFLIA/20230314-Jaroslav-Bendik-Certora/940_590f27b1c3c800d3243e_32_QF_UFLIA.smt2",,881.213142375737,1000,1000,0,0,0,
"benchmark-submission/non-incremental/QF_UFLIA/20230314-Jaroslav-Bendik-Certora/940_590f27b1c3c800d3243e_33_QF_UFLIA.smt2",,872.030012505211,1000,1000,0,0,0,
"benchmark-submission/non-incremental/QF_UFNIA/20230314-Jaroslav-Bendik-Certora/11775_ad46e5b8db4748c51973_42_QF_UFNIA.smt2",0,1.70614125932063,1.969,2.124,1,0,0,
"benchmark-submission/non-incremental/QF_UFNIA/20230314-Jaroslav-Bendik-Certora/11775_ad46e5b8db4748c51973_43_QF_UFNIA.smt2",0,0.974627293577982,1.016,1.185,0,1,0,
"benchmark-submission/non-incremental/QF_UFNIA/20230314-Jaroslav-Bendik-Certora/17512_5c1021b0faa6b6e1791b_19_QF_UFNIA.smt2",0,2.3893544550173,2.641,2.802,0,1,0,
"benchmark-submission/non-incremental/QF_UFNIA/20230314-Jaroslav-Bendik-Certora/17512_5c1021b0faa6b6e1791b_20_QF_UFNIA.smt2",0,46.8529742436631,54.781,57.052,0,1,0,
"benchmark-submission/non-incremental/QF_UFNIA/20230314-Jaroslav-Bendik-Certora/17512_5c1021b0faa6b6e1791b_21_QF_UFNIA.smt2",0,23.6485128617363,24.609,25.573,0,1,0,
"benchmark-submission/non-incremental/QF_UFNIA/20230314-Jaroslav-Bendik-Certora/25959_5dee2e2f6ef44465a2bea4b085818948_65_QF_UFNIA.smt2",,867.689755288262,1000,1000,0,0,0,
"benchmark-submission/non-incremental/QF_UFNIA/20230314-Jaroslav-Bendik-Certora/25959_5dee2e2f6ef44465a2bea4b085818948_66_QF_UFNIA.smt2",0,2.5054885786802,2.359,2.534,1,0,0,
"benchmark-submission/non-incremental/QF_UFNIA/20230314-Jaroslav-Bendik-Certora/25959_5dee2e2f6ef44465a2bea4b085818948_67_QF_UFNIA.smt2",,971.667440780306,1000,1000,0,0,0,
"benchmark-submission/non-incremental/QF_UFNIA/20230314-Jaroslav-Bendik-Certora/25959_5dee2e2f6ef44465a2bea4b085818948_68_QF_UFNIA.smt2",,925.254312251216,1000,1000,0,0,0,
"benchmark-submission/non-incremental/QF_UFNIA/20230314-Jaroslav-Bendik-Certora/25959_5dee2e2f6ef44465a2bea4b085818948_69_QF_UFNIA.smt2",0,3.62191936119874,4.391,4.615,1,0,0,
"benchmark-submission/non-incremental/QF_UFNIA/20230314-Jaroslav-Bendik-Certora/30078_f817a923328f75af7e60_27_QF_UFNIA.smt2",0,49.0735256078634,45.344,47.141,0,1,0,
"benchmark-submission/non-incremental/QF_UFNIA/20230314-Jaroslav-Bendik-Certora/30078_f817a923328f75af7e60_28_QF_UFNIA.smt2",0,51.5586340206186,54.984,57.146,0,1,0,
"benchmark-submission/non-incremental/QF_UFNIA/20230314-Jaroslav-Bendik-Certora/3106_1c933134166dbad31f79_38_QF_UFNIA.smt2",,908.774978279757,1000,1000,0,0,0,
"benchmark-submission/non-incremental/QF_UFNIA/20230314-Jaroslav-Bendik-Certora/3106_1c933134166dbad31f79_39_QF_UFNIA.smt2",0,93.2821146245059,101.531,105.62,1,0,0,
"benchmark-submission/non-incremental/QF_UFNIA/20230314-Jaroslav-Bendik-Certora/3106_1c933134166dbad31f79_40_QF_UFNIA.smt2",0,0.986893104855161,1.156,1.342,1,0,0,
"benchmark-submission/non-incremental/QF_UFNIA/20230314-Jaroslav-Bendik-Certora/3106_1c933134166dbad31f79_41_QF_UFNIA.smt2",0,8.96038925438596,9.766,10.221,1,0,0,
"benchmark-submission/non-incremental/QF_UFNIA/20230314-Jaroslav-Bendik-Certora/3106_afb7bc55417e43d7a22790c3576f04fc_37_QF_UFNIA.smt2",0,48.3588133391078,53.375,55.575,1,0,0,
"benchmark-submission/non-incremental/QF_UFNIA/20230314-Jaroslav-Bendik-Certora/38347_092cc73601c78e45f4f9_55_QF_UFNIA.smt2",0,126.549740932642,116.75,121.412,0,1,0,
"benchmark-submission/non-incremental/QF_UFNIA/20230314-Jaroslav-Bendik-Certora/38347_092cc73601c78e45f4f9_56_QF_UFNIA.smt2",0,5.52022311212815,5.766,6.052,1,0,0,
"benchmark-submission/non-incremental/QF_UFNIA/20230314-Jaroslav-Bendik-Certora/38347_092cc73601c78e45f4f9_57_QF_UFNIA.smt2",,907.592190889371,1000,1000,0,0,0,
"benchmark-submission/non-incremental/QF_UFNIA/20230314-Jaroslav-Bendik-Certora/38347_092cc73601c78e45f4f9_58_QF_UFNIA.smt2",0,1.44773122014763,1.594,1.755,1,0,0,
"benchmark-submission/non-incremental/QF_UFNIA/20230314-Jaroslav-Bendik-Certora/38347_525a1ca0331f2bcbf520_54_QF_UFNIA.smt2",,916.338151554972,1000,1000,0,0,0,
"benchmark-submission/non-incremental/QF_UFNIA/20230314-Jaroslav-Bendik-Certora/39657_1c7158801cd59dc13f05_44_QF_UFNIA.smt2",0,10.3067419982699,11.391,11.879,1,0,0,
"benchmark-submission/non-incremental/QF_UFNIA/20230314-Jaroslav-Bendik-Certora/39657_1c7158801cd59dc13f05_45_QF_UFNIA.smt2",0,63.7044041157847,67.328,70.079,1,0,0,
"benchmark-submission/non-incremental/QF_UFNIA/20230314-Jaroslav-Bendik-Certora/39657_1c7158801cd59dc13f05_46_QF_UFNIA.smt2",0,24.9696180555556,28.359,29.589,1,0,0,
"benchmark-submission/non-incremental/QF_UFNIA/20230314-Jaroslav-Bendik-Certora/39657_2866defdd1f2434b69ab_47_QF_UFNIA.smt2",0,18.2981791733547,21.797,22.725,1,0,0,
"benchmark-submission/non-incremental/QF_UFNIA/20230314-Jaroslav-Bendik-Certora/39657_2866defdd1f2434b69ab_48_QF_UFNIA.smt2",0,12.1753440366972,12.688,13.229,1,0,0,
"benchmark-submission/non-incremental/QF_UFNIA/20230314-Jaroslav-Bendik-Certora/41958_32933c5a1384696720a2_61_QF_UFNIA.smt2",,913.93621668851,1000,1000,0,0,0,
"benchmark-submission/non-incremental/QF_UFNIA/20230314-Jaroslav-Bendik-Certora/41958_32933c5a1384696720a2_62_QF_UFNIA.smt2",0,147.007351321586,159.516,165.958,0,1,0,
"benchmark-submission/non-incremental/QF_UFNIA/20230314-Jaroslav-Bendik-Certora/41958_32933c5a1384696720a2_63_QF_UFNIA.smt2",0,150.745702952843,163.5,170.178,0,1,0,
"benchmark-submission/non-incremental/QF_UFNIA/20230314-Jaroslav-Bendik-Certora/41958_45c688a4814eb926c254_59_QF_UFNIA.smt2",0,1.60331970835175,1.734,1.839,1,0,0,
"benchmark-submission/non-incremental/QF_UFNIA/20230314-Jaroslav-Bendik-Certora/41958_45c688a4814eb926c254_60_QF_UFNIA.smt2",0,0.877685078634446,1.094,1.283,1,0,0,
"benchmark-submission/non-incremental/QF_UFNIA/20230314-Jaroslav-Bendik-Certora/44289_4066055e0f64d96da11a_14_QF_UFNIA.smt2",0,12.6687807331247,13.547,14.159,1,0,0,
"benchmark-submission/non-incremental/QF_UFNIA/20230314-Jaroslav-Bendik-Certora/44289_4066055e0f64d96da11a_15_QF_UFNIA.smt2",,868.770764119601,1000,1000,0,0,0,
"benchmark-submission/non-incremental/QF_UFNIA/20230314-Jaroslav-Bendik-Certora/44289_b077fc096b3d41cba49f8628caff7fa5_16_QF_UFNIA.smt2",0,9.68917249897077,11.25,11.719,1,0,0,
"benchmark-submission/non-incremental/QF_UFNIA/20230314-Jaroslav-Bendik-Certora/44289_e5a2e5c780236919ee6a_17_QF_UFNIA.smt2",0,23.7640311454849,27.172,28.223,1,0,0,
"benchmark-submission/non-incremental/QF_UFNIA/20230314-Jaroslav-Bendik-Certora/44289_e5a2e5c780236919ee6a_18_QF_UFNIA.smt2",0,8.38984650226472,7.969,8.332,1,0,0,
"benchmark-submission/non-incremental/QF_UFNIA/20230314-Jaroslav-Bendik-Certora/44788_1965f0d6d94d5d8054ba_34_QF_UFNIA.smt2",0,16.1732293338684,19.266,20.047,0,1,0,
"benchmark-submission/non-incremental/QF_UFNIA/20230314-Jaroslav-Bendik-Certora/44788_1965f0d6d94d5d8054ba_35_QF_UFNIA.smt2",,934.345690040197,1000,1000,0,0,0,
"benchmark-submission/non-incremental/QF_UFNIA/20230314-Jaroslav-Bendik-Certora/44788_1965f0d6d94d5d8054ba_36_QF_UFNIA.smt2",,928.12777284827,1000,1000,0,0,0,
"benchmark-submission/non-incremental/QF_UFNIA/20230314-Jaroslav-Bendik-Certora/52759_af0c476fe3b544b9a8507f3e42472c43_12_QF_UFNIA.smt2",0,25.3589326484018,26.547,27.642,1,0,0,
"benchmark-submission/non-incremental/QF_UFNIA/20230314-Jaroslav-Bendik-Certora/52759_af0c476fe3b544b9a8507f3e42472c43_13_QF_UFNIA.smt2",0,18.9463566350711,19.109,19.999,1,0,0,
"benchmark-submission/non-incremental/QF_UFNIA/20230314-Jaroslav-Bendik-Certora/52759_bec3a2272267494faeecb6bfaf253e3b_10_QF_UFNIA.smt2",0,266.22273211748,268.641,279.686,0,1,0,
"benchmark-submission/non-incremental/QF_UFNIA/20230314-Jaroslav-Bendik-Certora/52759_bec3a2272267494faeecb6bfaf253e3b_11_QF_UFNIA.smt2",0,165.744275525526,158.297,164.637,1,0,0,
"benchmark-submission/non-incremental/QF_UFNIA/20230314-Jaroslav-Bendik-Certora/63058_55d6bef5390186355f11_26_QF_UFNIA.smt2",0,30.7452409771127,33.391,34.749,1,0,0,
"benchmark-submission/non-incremental/QF_UFNIA/20230314-Jaroslav-Bendik-Certora/63058_64ab9a7ef7b6c3492507_22_QF_UFNIA.smt2",0,25.0508436501597,29.984,31.255,1,0,0,
"benchmark-submission/non-incremental/QF_UFNIA/20230314-Jaroslav-Bendik-Certora/63058_64ab9a7ef7b6c3492507_23_QF_UFNIA.smt2",,1036.66997026759,1000,1000,0,0,0,
"benchmark-submission/non-incremental/QF_UFNIA/20230314-Jaroslav-Bendik-Certora/63058_64ab9a7ef7b6c3492507_24_QF_UFNIA.smt2",0,72.8188352272727,76.578,79.677,1,0,0,
"benchmark-submission/non-incremental/QF_UFNIA/20230314-Jaroslav-Bendik-Certora/63058_aa742630eef64f949de269382c1f9035_25_UFNIA.smt2",0,0.241013824884793,0.25,0.419,0,1,0,
"benchmark-submission/non-incremental/QF_UFNIA/20230314-Jaroslav-Bendik-Certora/65782_cd31513fdcd15701933b_5_QF_UFNIA.smt2",,889.455782312925,1000,1000,0,0,0,
"benchmark-submission/non-incremental/QF_UFNIA/20230314-Jaroslav-Bendik-Certora/65782_cd31513fdcd15701933b_6_QF_UFNIA.smt2",0,0.138293269230769,0.172,0.291,1,0,0,
"benchmark-submission/non-incremental/QF_UFNIA/20230314-Jaroslav-Bendik-Certora/65782_cd31513fdcd15701933b_7_QF_UFNIA.smt2",0,3.24844720496894,3.75,4.973,0,1,0,
"benchmark-submission/non-incremental/QF_UFNIA/20230314-Jaroslav-Bendik-Certora/65782_cd31513fdcd15701933b_8_QF_UFNIA.smt2",0,0.789889836531628,1.063,1.27,1,0,0,
"benchmark-submission/non-incremental/QF_UFNIA/20230314-Jaroslav-Bendik-Certora/66603_accdadf23a1cf70ae043_72_QF_UFNIA.smt2",0,35.5309301900585,46.469,48.28,0,1,0,
"benchmark-submission/non-incremental/QF_UFNIA/20230314-Jaroslav-Bendik-Certora/66603_accdadf23a1cf70ae043_73_QF_UFNIA.smt2",,1006.25300625301,1000,1000,0,0,0,
"benchmark-submission/non-incremental/QF_UFNIA/20230314-Jaroslav-Bendik-Certora/66603_accdadf23a1cf70ae043_74_QF_UFNIA.smt2",,960.073428178063,1000,1000,0,0,0,
"benchmark-submission/non-incremental/QF_UFNIA/20230314-Jaroslav-Bendik-Certora/66603_accdadf23a1cf70ae043_75_QF_UFNIA.smt2",,826.224328593997,1000,1000,0,0,0,
"benchmark-submission/non-incremental/QF_UFNIA/20230314-Jaroslav-Bendik-Certora/66603_accdadf23a1cf70ae043_76_QF_UFNIA.smt2",0,495.081139956881,658.609,684.131,0,1,0,
"benchmark-submission/non-incremental/QF_UFNIA/20230314-Jaroslav-Bendik-Certora/72658_63104dadde9c6026353f_70_QF_UFNIA.smt2",0,139.279115437158,146.203,152.048,1,0,0,
"benchmark-submission/non-incremental/QF_UFNIA/20230314-Jaroslav-Bendik-Certora/72658_63104dadde9c6026353f_71_QF_UFNIA.smt2",,879.73086627418,1000,1000,0,0,0,
"benchmark-submission/non-incremental/QF_UFNIA/20230314-Jaroslav-Bendik-Certora/72771_f9d228efc97cf1458e38_64_QF_UFNIA.smt2",0,5.8214360367893,6.656,6.931,1,0,0,
"benchmark-submission/non-incremental/QF_UFNIA/20230314-Jaroslav-Bendik-Certora/83314_a702bf8b823398c9e37a_0_UFNIA.smt2",0,0.677461139896373,0.688,0.84,1,0,0,
"benchmark-submission/non-incremental/QF_UFNIA/20230314-Jaroslav-Bendik-Certora/83314_a702bf8b823398c9e37a_1_UFNIA.smt2",0,3.67275280898876,4.219,4.564,1,0,0,
"benchmark-submission/non-incremental/QF_UFNIA/20230314-Jaroslav-Bendik-Certora/83314_a702bf8b823398c9e37a_2_UFNIA.smt2",0,145.932789068666,176.766,183.769,1,0,0,
"benchmark-submission/non-incremental/QF_UFNIA/20230314-Jaroslav-Bendik-Certora/83314_a702bf8b823398c9e37a_3_UFNIA.smt2",0,37.5294720656076,35,36.416,0,1,0,
"benchmark-submission/non-incremental/QF_UFNIA/20230314-Jaroslav-Bendik-Certora/83314_a702bf8b823398c9e37a_4_UFNIA.smt2",,870.216306156406,1000,1000,0,0,0,
"benchmark-submission/non-incremental/QF_UFNIA/20230314-Jaroslav-Bendik-Certora/93493_1fdb6cc8eb9c4363b5838af9eb8c7f1f_53_QF_UFNIA.smt2",,877.51677852349,1000,1000,0,0,0,
"benchmark-submission/non-incremental/QF_UFNIA/20230314-Jaroslav-Bendik-Certora/93493_27ab26d56d60426da02e50231269b6ff_51_QF_UFNIA.smt2",0,9.3227266970618,8.797,9.219,1,0,0,
"benchmark-submission/non-incremental/QF_UFNIA/20230314-Jaroslav-Bendik-Certora/93493_4ea6163ed03941199c785278ccc42812_49_QF_UFNIA.smt2",,838.476953907816,1000,1000,0,0,0,
"benchmark-submission/non-incremental/QF_UFNIA/20230314-Jaroslav-Bendik-Certora/93493_5990a6bf5f2740164f77_50_QF_UFNIA.smt2",0,367.751550021017,418.203,434.655,1,0,0,
"benchmark-submission/non-incremental/QF_UFNIA/20230314-Jaroslav-Bendik-Certora/93493_798593962ee29ad45ac8_52_QF_UFNIA.smt2",,902.891670263271,1000,1000,0,0,0,
"benchmark-submission/non-incremental/QF_UFNIA/20230314-Jaroslav-Bendik-Certora/940_590f27b1c3c800d3243e_29_QF_UFNIA.smt2",0,28.5632459505541,32.031,33.404,1,0,0,
"benchmark-submission/non-incremental/QF_UFNIA/20230314-Jaroslav-Bendik-Certora/940_590f27b1c3c800d3243e_30_QF_UFNIA.smt2",,903.281519861831,1000,1000,0,0,0,
"benchmark-submission/non-incremental/QF_UFNIA/20230314-Jaroslav-Bendik-Certora/940_590f27b1c3c800d3243e_31_QF_UFNIA.smt2",0,5.61089995095634,5.469,5.741,1,0,0,
"benchmark-submission/non-incremental/QF_UFNIA/20230314-Jaroslav-Bendik-Certora/940_590f27b1c3c800d3243e_32_QF_UFNIA.smt2",0,14.4236727896649,17.078,17.762,1,0,0,
"benchmark-submission/non-incremental/QF_UFNIA/20230314-Jaroslav-Bendik-Certora/940_590f27b1c3c800d3243e_33_QF_UFNIA.smt2",0,73.9425337523278,75.922,78.992,1,0,0,
"benchmark-submission/non-incremental/UFDTLIA/20230314-Jaroslav-Bendik-Certora/52759_b3ecd2335fd16ec2eee2_9_UFDTLIA.smt2",0,32.4922536087606,31.203,32.458,1,0,0,
"benchmark-submission/non-incremental/UFDTNIA/20230314-Jaroslav-Bendik-Certora/52759_b3ecd2335fd16ec2eee2_9_UFDTNIA.smt2",0,614.801609417652,645.953,671.886,1,0,0,
"benchmark-submission/non-incremental/UFLIA/20230314-Jaroslav-Bendik-Certora/52759_b3ecd2335fd16ec2eee2_9_UFLIA.smt2",0,17.2613180666948,19.547,20.351,1,0,0,
"benchmark-submission/non-incremental/UFNIA/20230314-Jaroslav-Bendik-Certora/52759_b3ecd2335fd16ec2eee2_9_UFNIA.smt2",,819.107282693814,1000,1000,0,0,0,
