,"smt.arith.nl.bounded_nra=false","-file:{0} smt.arith.nl.bounded_nra=false",,,,,,
,"RV 11770","T_norm 11770","T_cpu 11770","T_wc 11770","# SAT 11770","# UNSAT 11770","# UNKNOWN 11770",
"benchmark-submission/non-incremental/QF_UFDTLIA/20230314-Jaroslav-Bendik-Certora/11775_ad46e5b8db4748c51973_42_QF_UFDTLIA.smt2",0,1.0857736013986,1.188,1.33,1,0,0,
"benchmark-submission/non-incremental/QF_UFDTLIA/20230314-Jaroslav-Bendik-Certora/11775_ad46e5b8db4748c51973_43_QF_UFDTLIA.smt2",0,0.520916334661355,0.563,0.671,1,0,0,
"benchmark-submission/non-incremental/QF_UFDTLIA/20230314-Jaroslav-Bendik-Certora/17512_5c1021b0faa6b6e1791b_19_QF_UFDTLIA.smt2",0,19.9936098654709,21.313,23.187,0,1,0,
"benchmark-submission/non-incremental/QF_UFDTLIA/20230314-Jaroslav-Bendik-Certora/17512_5c1021b0faa6b6e1791b_20_QF_UFDTLIA.smt2",,855.623721881391,1000,1000,0,0,0,
"benchmark-submission/non-incremental/QF_UFDTLIA/20230314-Jaroslav-Bendik-Certora/17512_5c1021b0faa6b6e1791b_21_QF_UFDTLIA.smt2",0,3.29144965277778,3.625,3.845,0,1,0,
"benchmark-submission/non-incremental/QF_UFDTLIA/20230314-Jaroslav-Bendik-Certora/25959_5dee2e2f6ef44465a2bea4b085818948_65_QF_UFDTLIA.smt2",,937.275985663082,1000,1000,0,0,0,
"benchmark-submission/non-incremental/QF_UFDTLIA/20230314-Jaroslav-Bendik-Certora/25959_5dee2e2f6ef44465a2bea4b085818948_66_QF_UFDTLIA.smt2",,904.844290657439,1000,1000,0,0,0,
"benchmark-submission/non-incremental/QF_UFDTLIA/20230314-Jaroslav-Bendik-Certora/25959_5dee2e2f6ef44465a2bea4b085818948_67_QF_UFDTLIA.smt2",,963.611239060341,1000,1000,0,0,0,
"benchmark-submission/non-incremental/QF_UFDTLIA/20230314-Jaroslav-Bendik-Certora/25959_5dee2e2f6ef44465a2bea4b085818948_68_QF_UFDTLIA.smt2",,1113.95101171459,1000,1000,0,0,0,
"benchmark-submission/non-incremental/QF_UFDTLIA/20230314-Jaroslav-Bendik-Certora/25959_5dee2e2f6ef44465a2bea4b085818948_69_QF_UFDTLIA.smt2",,954.379562043796,1000,1000,0,0,0,
"benchmark-submission/non-incremental/QF_UFDTLIA/20230314-Jaroslav-Bendik-Certora/30078_f817a923328f75af7e60_27_QF_UFDTLIA.smt2",0,18.3660827020202,20.859,22.737,0,1,0,
"benchmark-submission/non-incremental/QF_UFDTLIA/20230314-Jaroslav-Bendik-Certora/30078_f817a923328f75af7e60_28_QF_UFDTLIA.smt2",0,28.4702100300043,31.75,33.088,0,1,0,
"benchmark-submission/non-incremental/QF_UFDTLIA/20230314-Jaroslav-Bendik-Certora/3106_1c933134166dbad31f79_38_QF_UFDTLIA.smt2",,752.788772939906,1000,1000,0,0,0,
"benchmark-submission/non-incremental/QF_UFDTLIA/20230314-Jaroslav-Bendik-Certora/3106_1c933134166dbad31f79_39_QF_UFDTLIA.smt2",0,12.4917609853529,13.453,14.003,1,0,0,
"benchmark-submission/non-incremental/QF_UFDTLIA/20230314-Jaroslav-Bendik-Certora/3106_1c933134166dbad31f79_40_QF_UFDTLIA.smt2",0,0.150949832073887,0.172,0.293,1,0,0,
"benchmark-submission/non-incremental/QF_UFDTLIA/20230314-Jaroslav-Bendik-Certora/3106_1c933134166dbad31f79_41_QF_UFDTLIA.smt2",0,1.87371861924686,2.141,2.288,1,0,0,
"benchmark-submission/non-incremental/QF_UFDTLIA/20230314-Jaroslav-Bendik-Certora/3106_afb7bc55417e43d7a22790c3576f04fc_37_QF_UFDTLIA.smt2",0,8.47189138986014,9.266,9.629,1,0,0,
"benchmark-submission/non-incremental/QF_UFDTLIA/20230314-Jaroslav-Bendik-Certora/38347_092cc73601c78e45f4f9_55_QF_UFDTLIA.smt2",0,136.87890625,141.328,147.134,0,1,0,
"benchmark-submission/non-incremental/QF_UFDTLIA/20230314-Jaroslav-Bendik-Certora/38347_092cc73601c78e45f4f9_56_QF_UFDTLIA.smt2",0,49.9942890691717,55.969,58.278,1,0,0,
"benchmark-submission/non-incremental/QF_UFDTLIA/20230314-Jaroslav-Bendik-Certora/38347_092cc73601c78e45f4f9_57_QF_UFDTLIA.smt2",,887.945670628183,1000,1000,0,0,0,
"benchmark-submission/non-incremental/QF_UFDTLIA/20230314-Jaroslav-Bendik-Certora/38347_092cc73601c78e45f4f9_58_QF_UFDTLIA.smt2",0,0.350640643623361,0.422,0.605,1,0,0,
"benchmark-submission/non-incremental/QF_UFDTLIA/20230314-Jaroslav-Bendik-Certora/38347_525a1ca0331f2bcbf520_54_QF_UFDTLIA.smt2",,865.177832919768,1000,1000,0,0,0,
"benchmark-submission/non-incremental/QF_UFDTLIA/20230314-Jaroslav-Bendik-Certora/39657_1c7158801cd59dc13f05_44_QF_UFDTLIA.smt2",0,1.94668487574979,2.172,2.329,1,0,0,
"benchmark-submission/non-incremental/QF_UFDTLIA/20230314-Jaroslav-Bendik-Certora/39657_1c7158801cd59dc13f05_45_QF_UFDTLIA.smt2",0,2.01470125786164,2.297,2.469,1,0,0,
"benchmark-submission/non-incremental/QF_UFDTLIA/20230314-Jaroslav-Bendik-Certora/39657_1c7158801cd59dc13f05_46_QF_UFDTLIA.smt2",0,1.60803647158609,1.813,1.969,1,0,0,
"benchmark-submission/non-incremental/QF_UFDTLIA/20230314-Jaroslav-Bendik-Certora/39657_2866defdd1f2434b69ab_47_QF_UFDTLIA.smt2",0,10.2139740315028,11.469,12.02,1,0,0,
"benchmark-submission/non-incremental/QF_UFDTLIA/20230314-Jaroslav-Bendik-Certora/39657_2866defdd1f2434b69ab_48_QF_UFDTLIA.smt2",0,4.862265625,5.578,5.795,1,0,0,
"benchmark-submission/non-incremental/QF_UFDTLIA/20230314-Jaroslav-Bendik-Certora/41958_32933c5a1384696720a2_61_QF_UFDTLIA.smt2",0,337.030066695353,374.406,389.225,1,0,0,
"benchmark-submission/non-incremental/QF_UFDTLIA/20230314-Jaroslav-Bendik-Certora/41958_32933c5a1384696720a2_62_QF_UFDTLIA.smt2",0,3.07318376068376,3.438,3.661,1,0,0,
"benchmark-submission/non-incremental/QF_UFDTLIA/20230314-Jaroslav-Bendik-Certora/41958_32933c5a1384696720a2_63_QF_UFDTLIA.smt2",0,1.71470983064849,1.984,2.148,1,0,0,
"benchmark-submission/non-incremental/QF_UFDTLIA/20230314-Jaroslav-Bendik-Certora/41958_45c688a4814eb926c254_59_QF_UFDTLIA.smt2",0,1.39971662468514,1.594,1.771,1,0,0,
"benchmark-submission/non-incremental/QF_UFDTLIA/20230314-Jaroslav-Bendik-Certora/41958_45c688a4814eb926c254_60_QF_UFDTLIA.smt2",0,0.749972943722944,0.828,1.03,1,0,0,
"benchmark-submission/non-incremental/QF_UFDTLIA/20230314-Jaroslav-Bendik-Certora/44289_4066055e0f64d96da11a_14_QF_UFDTLIA.smt2",0,2.24430756655768,2.297,2.432,1,0,0,
"benchmark-submission/non-incremental/QF_UFDTLIA/20230314-Jaroslav-Bendik-Certora/44289_4066055e0f64d96da11a_15_QF_UFDTLIA.smt2",0,5.14059829059829,5.75,6.058,1,0,0,
"benchmark-submission/non-incremental/QF_UFDTLIA/20230314-Jaroslav-Bendik-Certora/44289_b077fc096b3d41cba49f8628caff7fa5_16_QF_UFDTLIA.smt2",0,9.80625,11.063,11.549,1,0,0,
"benchmark-submission/non-incremental/QF_UFDTLIA/20230314-Jaroslav-Bendik-Certora/44289_e5a2e5c780236919ee6a_17_QF_UFDTLIA.smt2",0,2.05940013404826,2.203,2.357,1,0,0,
"benchmark-submission/non-incremental/QF_UFDTLIA/20230314-Jaroslav-Bendik-Certora/44289_e5a2e5c780236919ee6a_18_QF_UFDTLIA.smt2",0,2.15209627329193,2.484,2.668,1,0,0,
"benchmark-submission/non-incremental/QF_UFDTLIA/20230314-Jaroslav-Bendik-Certora/44788_1965f0d6d94d5d8054ba_34_QF_UFDTLIA.smt2",0,0.150193191311612,0.172,0.283,1,0,0,
"benchmark-submission/non-incremental/QF_UFDTLIA/20230314-Jaroslav-Bendik-Certora/44788_1965f0d6d94d5d8054ba_35_QF_UFDTLIA.smt2",0,0.854859264184397,0.922,1.043,0,1,0,
"benchmark-submission/non-incremental/QF_UFDTLIA/20230314-Jaroslav-Bendik-Certora/44788_1965f0d6d94d5d8054ba_36_QF_UFDTLIA.smt2",0,20.9750831485588,22.609,23.695,0,1,0,
"benchmark-submission/non-incremental/QF_UFDTLIA/20230314-Jaroslav-Bendik-Certora/52759_af0c476fe3b544b9a8507f3e42472c43_12_QF_UFDTLIA.smt2",0,0.572530549898167,0.672,0.849,1,0,0,
"benchmark-submission/non-incremental/QF_UFDTLIA/20230314-Jaroslav-Bendik-Certora/52759_af0c476fe3b544b9a8507f3e42472c43_13_QF_UFDTLIA.smt2",0,0.774177631578947,0.844,1.029,1,0,0,
"benchmark-submission/non-incremental/QF_UFDTLIA/20230314-Jaroslav-Bendik-Certora/52759_bec3a2272267494faeecb6bfaf253e3b_10_QF_UFDTLIA.smt2",0,21.7585486322188,23.953,24.985,0,1,0,
"benchmark-submission/non-incremental/QF_UFDTLIA/20230314-Jaroslav-Bendik-Certora/52759_bec3a2272267494faeecb6bfaf253e3b_11_QF_UFDTLIA.smt2",0,8.34465544244323,10.188,10.625,1,0,0,
"benchmark-submission/non-incremental/QF_UFDTLIA/20230314-Jaroslav-Bendik-Certora/63058_55d6bef5390186355f11_26_QF_UFDTLIA.smt2",0,2.18939313139932,2.453,2.622,1,0,0,
"benchmark-submission/non-incremental/QF_UFDTLIA/20230314-Jaroslav-Bendik-Certora/63058_64ab9a7ef7b6c3492507_22_QF_UFDTLIA.smt2",0,2.96632912793271,3.203,3.368,1,0,0,
"benchmark-submission/non-incremental/QF_UFDTLIA/20230314-Jaroslav-Bendik-Certora/63058_64ab9a7ef7b6c3492507_23_QF_UFDTLIA.smt2",0,2.76677750906892,3.281,3.45,1,0,0,
"benchmark-submission/non-incremental/QF_UFDTLIA/20230314-Jaroslav-Bendik-Certora/63058_64ab9a7ef7b6c3492507_24_QF_UFDTLIA.smt2",0,2.83008658008658,3.125,3.295,1,0,0,
"benchmark-submission/non-incremental/QF_UFDTLIA/20230314-Jaroslav-Bendik-Certora/63058_aa742630eef64f949de269382c1f9035_25_UFDTLIA.smt2",0,0.181429232192414,0.188,0.267,0,1,0,
"benchmark-submission/non-incremental/QF_UFDTLIA/20230314-Jaroslav-Bendik-Certora/65782_cd31513fdcd15701933b_5_QF_UFDTLIA.smt2",0,89.7491498351195,104.078,108.193,1,0,0,
"benchmark-submission/non-incremental/QF_UFDTLIA/20230314-Jaroslav-Bendik-Certora/65782_cd31513fdcd15701933b_6_QF_UFDTLIA.smt2",0,0.0920774647887324,0.094,0.199,1,0,0,
"benchmark-submission/non-incremental/QF_UFDTLIA/20230314-Jaroslav-Bendik-Certora/65782_cd31513fdcd15701933b_7_QF_UFDTLIA.smt2",0,0.511447307869305,0.531,0.679,1,0,0,
"benchmark-submission/non-incremental/QF_UFDTLIA/20230314-Jaroslav-Bendik-Certora/65782_cd31513fdcd15701933b_8_QF_UFDTLIA.smt2",0,0.6164977929374,0.734,0.9,1,0,0,
"benchmark-submission/non-incremental/QF_UFDTLIA/20230314-Jaroslav-Bendik-Certora/66603_accdadf23a1cf70ae043_72_QF_UFDTLIA.smt2",0,5.41711070030448,5.953,6.27,0,1,0,
"benchmark-submission/non-incremental/QF_UFDTLIA/20230314-Jaroslav-Bendik-Certora/66603_accdadf23a1cf70ae043_73_QF_UFDTLIA.smt2",,792.724516862448,1000,1000,0,0,0,
"benchmark-submission/non-incremental/QF_UFDTLIA/20230314-Jaroslav-Bendik-Certora/66603_accdadf23a1cf70ae043_74_QF_UFDTLIA.smt2",0,26.8992294166322,31.078,32.323,1,0,0,
"benchmark-submission/non-incremental/QF_UFDTLIA/20230314-Jaroslav-Bendik-Certora/66603_accdadf23a1cf70ae043_75_QF_UFDTLIA.smt2",0,10.8263446003401,12.172,12.682,1,0,0,
"benchmark-submission/non-incremental/QF_UFDTLIA/20230314-Jaroslav-Bendik-Certora/66603_accdadf23a1cf70ae043_76_QF_UFDTLIA.smt2",0,17.8642696629213,19,19.779,0,1,0,
"benchmark-submission/non-incremental/QF_UFDTLIA/20230314-Jaroslav-Bendik-Certora/72658_63104dadde9c6026353f_70_QF_UFDTLIA.smt2",0,0.960589840470193,1.094,1.279,1,0,0,
"benchmark-submission/non-incremental/QF_UFDTLIA/20230314-Jaroslav-Bendik-Certora/72658_63104dadde9c6026353f_71_QF_UFDTLIA.smt2",,924.436588599205,1000,1000,0,0,0,
"benchmark-submission/non-incremental/QF_UFDTLIA/20230314-Jaroslav-Bendik-Certora/72771_f9d228efc97cf1458e38_64_QF_UFDTLIA.smt2",0,3.77397579143389,4.844,5.101,1,0,0,
"benchmark-submission/non-incremental/QF_UFDTLIA/20230314-Jaroslav-Bendik-Certora/83314_a702bf8b823398c9e37a_0_UFDTLIA.smt2",0,2.26618034225538,2.469,2.644,1,0,0,
"benchmark-submission/non-incremental/QF_UFDTLIA/20230314-Jaroslav-Bendik-Certora/83314_a702bf8b823398c9e37a_1_UFDTLIA.smt2",,933.51182507809,1000,1000,0,0,0,
"benchmark-submission/non-incremental/QF_UFDTLIA/20230314-Jaroslav-Bendik-Certora/83314_a702bf8b823398c9e37a_2_UFDTLIA.smt2",,878.253568429891,1000,1000,0,0,0,
"benchmark-submission/non-incremental/QF_UFDTLIA/20230314-Jaroslav-Bendik-Certora/83314_a702bf8b823398c9e37a_3_UFDTLIA.smt2",0,73.7738715277778,81.25,84.445,0,1,0,
"benchmark-submission/non-incremental/QF_UFDTLIA/20230314-Jaroslav-Bendik-Certora/83314_a702bf8b823398c9e37a_4_UFDTLIA.smt2",,900.172117039587,1000,1000,0,0,0,
"benchmark-submission/non-incremental/QF_UFDTLIA/20230314-Jaroslav-Bendik-Certora/93493_1fdb6cc8eb9c4363b5838af9eb8c7f1f_53_QF_UFDTLIA.smt2",0,8.61244565217391,9.469,9.844,1,0,0,
"benchmark-submission/non-incremental/QF_UFDTLIA/20230314-Jaroslav-Bendik-Certora/93493_27ab26d56d60426da02e50231269b6ff_51_QF_UFDTLIA.smt2",0,16.3865720524017,17.938,18.618,1,0,0,
"benchmark-submission/non-incremental/QF_UFDTLIA/20230314-Jaroslav-Bendik-Certora/93493_4ea6163ed03941199c785278ccc42812_49_QF_UFDTLIA.smt2",,953.509571558797,1000,1000,0,0,0,
"benchmark-submission/non-incremental/QF_UFDTLIA/20230314-Jaroslav-Bendik-Certora/93493_5990a6bf5f2740164f77_50_QF_UFDTLIA.smt2",0,37.4203315290934,39.656,41.324,1,0,0,
"benchmark-submission/non-incremental/QF_UFDTLIA/20230314-Jaroslav-Bendik-Certora/93493_798593962ee29ad45ac8_52_QF_UFDTLIA.smt2",,865.535788167149,1000,1000,0,0,0,
"benchmark-submission/non-incremental/QF_UFDTLIA/20230314-Jaroslav-Bendik-Certora/940_590f27b1c3c800d3243e_29_QF_UFDTLIA.smt2",0,41.209749891728,45.484,47.308,1,0,0,
"benchmark-submission/non-incremental/QF_UFDTLIA/20230314-Jaroslav-Bendik-Certora/940_590f27b1c3c800d3243e_30_QF_UFDTLIA.smt2",,956.124314442413,1000,1000,0,0,0,
"benchmark-submission/non-incremental/QF_UFDTLIA/20230314-Jaroslav-Bendik-Certora/940_590f27b1c3c800d3243e_31_QF_UFDTLIA.smt2",,930.19119608715,1000,1000,0,0,0,
"benchmark-submission/non-incremental/QF_UFDTLIA/20230314-Jaroslav-Bendik-Certora/940_590f27b1c3c800d3243e_32_QF_UFDTLIA.smt2",,928.539724811363,1000,1000,0,0,0,
"benchmark-submission/non-incremental/QF_UFDTLIA/20230314-Jaroslav-Bendik-Certora/940_590f27b1c3c800d3243e_33_QF_UFDTLIA.smt2",,934.763181411975,1000,1000,0,0,0,
"benchmark-submission/non-incremental/QF_UFDTNIA/20230314-Jaroslav-Bendik-Certora/11775_ad46e5b8db4748c51973_42_QF_UFDTNIA.smt2",0,22.47265625,24.406,25.438,1,0,0,
"benchmark-submission/non-incremental/QF_UFDTNIA/20230314-Jaroslav-Bendik-Certora/11775_ad46e5b8db4748c51973_43_QF_UFDTNIA.smt2",0,1.53017721801159,1.641,1.811,0,1,0,
"benchmark-submission/non-incremental/QF_UFDTNIA/20230314-Jaroslav-Bendik-Certora/17512_5c1021b0faa6b6e1791b_19_QF_UFDTNIA.smt2",0,1.06155103331927,1.203,1.369,0,1,0,
"benchmark-submission/non-incremental/QF_UFDTNIA/20230314-Jaroslav-Bendik-Certora/17512_5c1021b0faa6b6e1791b_20_QF_UFDTNIA.smt2",0,158.254820120638,175.578,182.792,0,1,0,
"benchmark-submission/non-incremental/QF_UFDTNIA/20230314-Jaroslav-Bendik-Certora/17512_5c1021b0faa6b6e1791b_21_QF_UFDTNIA.smt2",0,10.232364922813,11.406,11.918,0,1,0,
"benchmark-submission/non-incremental/QF_UFDTNIA/20230314-Jaroslav-Bendik-Certora/25959_5dee2e2f6ef44465a2bea4b085818948_65_QF_UFDTNIA.smt2",,934.763181411975,1000,1000,0,0,0,
"benchmark-submission/non-incremental/QF_UFDTNIA/20230314-Jaroslav-Bendik-Certora/25959_5dee2e2f6ef44465a2bea4b085818948_66_QF_UFDTNIA.smt2",0,82.1096831724717,93.531,97.378,1,0,0,
"benchmark-submission/non-incremental/QF_UFDTNIA/20230314-Jaroslav-Bendik-Certora/25959_5dee2e2f6ef44465a2bea4b085818948_67_QF_UFDTNIA.smt2",,930.19119608715,1000,1000,0,0,0,
"benchmark-submission/non-incremental/QF_UFDTNIA/20230314-Jaroslav-Bendik-Certora/25959_5dee2e2f6ef44465a2bea4b085818948_68_QF_UFDTNIA.smt2",,935.181046043809,1000,1000,0,0,0,
"benchmark-submission/non-incremental/QF_UFDTNIA/20230314-Jaroslav-Bendik-Certora/25959_5dee2e2f6ef44465a2bea4b085818948_69_QF_UFDTNIA.smt2",,907.986111111111,1000,1000,0,0,0,
"benchmark-submission/non-incremental/QF_UFDTNIA/20230314-Jaroslav-Bendik-Certora/30078_f817a923328f75af7e60_27_QF_UFDTNIA.smt2",0,17.3770189201661,18,18.781,0,1,0,
"benchmark-submission/non-incremental/QF_UFDTNIA/20230314-Jaroslav-Bendik-Certora/30078_f817a923328f75af7e60_28_QF_UFDTNIA.smt2",0,25.5211763431542,28.156,29.342,0,1,0,
"benchmark-submission/non-incremental/QF_UFDTNIA/20230314-Jaroslav-Bendik-Certora/3106_1c933134166dbad31f79_38_QF_UFDTNIA.smt2",,935.599284436494,1000,1000,0,0,0,
"benchmark-submission/non-incremental/QF_UFDTNIA/20230314-Jaroslav-Bendik-Certora/3106_1c933134166dbad31f79_39_QF_UFDTNIA.smt2",,902.891670263271,1000,1000,0,0,0,
"benchmark-submission/non-incremental/QF_UFDTNIA/20230314-Jaroslav-Bendik-Certora/3106_1c933134166dbad31f79_40_QF_UFDTNIA.smt2",0,0.202668290522586,0.219,0.36,1,0,0,
"benchmark-submission/non-incremental/QF_UFDTNIA/20230314-Jaroslav-Bendik-Certora/3106_1c933134166dbad31f79_41_QF_UFDTNIA.smt2",0,4.57088908070781,5.063,5.314,1,0,0,
"benchmark-submission/non-incremental/QF_UFDTNIA/20230314-Jaroslav-Bendik-Certora/3106_afb7bc55417e43d7a22790c3576f04fc_37_QF_UFDTNIA.smt2",0,11.711417157275,13.313,13.858,1,0,0,
"benchmark-submission/non-incremental/QF_UFDTNIA/20230314-Jaroslav-Bendik-Certora/38347_092cc73601c78e45f4f9_55_QF_UFDTNIA.smt2",0,162.394281914894,138.641,144.206,0,1,0,
"benchmark-submission/non-incremental/QF_UFDTNIA/20230314-Jaroslav-Bendik-Certora/38347_092cc73601c78e45f4f9_56_QF_UFDTNIA.smt2",0,4.70886707265855,5.359,5.623,1,0,0,
"benchmark-submission/non-incremental/QF_UFDTNIA/20230314-Jaroslav-Bendik-Certora/38347_092cc73601c78e45f4f9_57_QF_UFDTNIA.smt2",,907.198612315698,1000,1000,0,0,0,
"benchmark-submission/non-incremental/QF_UFDTNIA/20230314-Jaroslav-Bendik-Certora/38347_092cc73601c78e45f4f9_58_QF_UFDTNIA.smt2",0,0.898239587805925,1,1.146,1,0,0,
"benchmark-submission/non-incremental/QF_UFDTNIA/20230314-Jaroslav-Bendik-Certora/38347_525a1ca0331f2bcbf520_54_QF_UFDTNIA.smt2",,880.100967606226,1000,1000,0,0,0,
"benchmark-submission/non-incremental/QF_UFDTNIA/20230314-Jaroslav-Bendik-Certora/39657_1c7158801cd59dc13f05_44_QF_UFDTNIA.smt2",0,4.33726933216169,4.719,4.95,1,0,0,
"benchmark-submission/non-incremental/QF_UFDTNIA/20230314-Jaroslav-Bendik-Certora/39657_1c7158801cd59dc13f05_45_QF_UFDTNIA.smt2",0,6.91912165848336,6.063,6.324,1,0,0,
"benchmark-submission/non-incremental/QF_UFDTNIA/20230314-Jaroslav-Bendik-Certora/39657_1c7158801cd59dc13f05_46_QF_UFDTNIA.smt2",0,6.91851993865031,7.547,7.872,1,0,0,
"benchmark-submission/non-incremental/QF_UFDTNIA/20230314-Jaroslav-Bendik-Certora/39657_2866defdd1f2434b69ab_47_QF_UFDTNIA.smt2",0,0.341416827852998,0.422,0.595,1,0,0,
"benchmark-submission/non-incremental/QF_UFDTNIA/20230314-Jaroslav-Bendik-Certora/39657_2866defdd1f2434b69ab_48_QF_UFDTNIA.smt2",0,0.230502854264607,0.328,0.479,1,0,0,
"benchmark-submission/non-incremental/QF_UFDTNIA/20230314-Jaroslav-Bendik-Certora/41958_32933c5a1384696720a2_61_QF_UFDTNIA.smt2",0,3.09806932865292,3.375,3.611,1,0,0,
"benchmark-submission/non-incremental/QF_UFDTNIA/20230314-Jaroslav-Bendik-Certora/41958_32933c5a1384696720a2_62_QF_UFDTNIA.smt2",,890.591741166454,1000,1000,0,0,0,
"benchmark-submission/non-incremental/QF_UFDTNIA/20230314-Jaroslav-Bendik-Certora/41958_32933c5a1384696720a2_63_QF_UFDTNIA.smt2",,822.003929273085,1000,1000,0,0,0,
"benchmark-submission/non-incremental/QF_UFDTNIA/20230314-Jaroslav-Bendik-Certora/41958_45c688a4814eb926c254_59_QF_UFDTNIA.smt2",0,0.480110159118727,0.563,0.746,1,0,0,
"benchmark-submission/non-incremental/QF_UFDTNIA/20230314-Jaroslav-Bendik-Certora/41958_45c688a4814eb926c254_60_QF_UFDTNIA.smt2",0,0.358518121125417,0.359,0.506,1,0,0,
"benchmark-submission/non-incremental/QF_UFDTNIA/20230314-Jaroslav-Bendik-Certora/44289_4066055e0f64d96da11a_14_QF_UFDTNIA.smt2",0,1.6468300169348,1.859,2.004,1,0,0,
"benchmark-submission/non-incremental/QF_UFDTNIA/20230314-Jaroslav-Bendik-Certora/44289_4066055e0f64d96da11a_15_QF_UFDTNIA.smt2",0,5.4623673740053,5.906,6.089,1,0,0,
"benchmark-submission/non-incremental/QF_UFDTNIA/20230314-Jaroslav-Bendik-Certora/44289_b077fc096b3d41cba49f8628caff7fa5_16_QF_UFDTNIA.smt2",0,7.6488206566916,8.797,9.222,1,0,0,
"benchmark-submission/non-incremental/QF_UFDTNIA/20230314-Jaroslav-Bendik-Certora/44289_e5a2e5c780236919ee6a_17_QF_UFDTNIA.smt2",0,2.19712163920208,2.422,2.608,1,0,0,
"benchmark-submission/non-incremental/QF_UFDTNIA/20230314-Jaroslav-Bendik-Certora/44289_e5a2e5c780236919ee6a_18_QF_UFDTNIA.smt2",0,3.03536421791168,3.516,3.711,1,0,0,
"benchmark-submission/non-incremental/QF_UFDTNIA/20230314-Jaroslav-Bendik-Certora/44788_1965f0d6d94d5d8054ba_34_QF_UFDTNIA.smt2",0,7.93451763485477,9.141,9.524,0,1,0,
"benchmark-submission/non-incremental/QF_UFDTNIA/20230314-Jaroslav-Bendik-Certora/44788_1965f0d6d94d5d8054ba_35_QF_UFDTNIA.smt2",,900.947459086994,1000,1000,0,0,0,
"benchmark-submission/non-incremental/QF_UFDTNIA/20230314-Jaroslav-Bendik-Certora/44788_1965f0d6d94d5d8054ba_36_QF_UFDTNIA.smt2",,896.315338474722,1000,1000,0,0,0,
"benchmark-submission/non-incremental/QF_UFDTNIA/20230314-Jaroslav-Bendik-Certora/52759_af0c476fe3b544b9a8507f3e42472c43_12_QF_UFDTNIA.smt2",0,0.379270519982811,0.422,0.592,1,0,0,
"benchmark-submission/non-incremental/QF_UFDTNIA/20230314-Jaroslav-Bendik-Certora/52759_af0c476fe3b544b9a8507f3e42472c43_13_QF_UFDTNIA.smt2",0,0.772786188303608,0.891,1.035,1,0,0,
"benchmark-submission/non-incremental/QF_UFDTNIA/20230314-Jaroslav-Bendik-Certora/52759_bec3a2272267494faeecb6bfaf253e3b_10_QF_UFDTNIA.smt2",0,20.985091991342,23.172,24.086,0,1,0,
"benchmark-submission/non-incremental/QF_UFDTNIA/20230314-Jaroslav-Bendik-Certora/52759_bec3a2272267494faeecb6bfaf253e3b_11_QF_UFDTNIA.smt2",0,3.83570663811563,4.281,4.445,1,0,0,
"benchmark-submission/non-incremental/QF_UFDTNIA/20230314-Jaroslav-Bendik-Certora/63058_55d6bef5390186355f11_26_QF_UFDTNIA.smt2",0,4.0190618762475,4.813,5.083,1,0,0,
"benchmark-submission/non-incremental/QF_UFDTNIA/20230314-Jaroslav-Bendik-Certora/63058_64ab9a7ef7b6c3492507_22_QF_UFDTNIA.smt2",0,3.98903083225528,4.422,4.677,1,0,0,
"benchmark-submission/non-incremental/QF_UFDTNIA/20230314-Jaroslav-Bendik-Certora/63058_64ab9a7ef7b6c3492507_23_QF_UFDTNIA.smt2",0,4.03187686726419,4.516,4.736,1,0,0,
"benchmark-submission/non-incremental/QF_UFDTNIA/20230314-Jaroslav-Bendik-Certora/63058_64ab9a7ef7b6c3492507_24_QF_UFDTNIA.smt2",0,4.51228177019894,5.313,5.59,1,0,0,
"benchmark-submission/non-incremental/QF_UFDTNIA/20230314-Jaroslav-Bendik-Certora/63058_aa742630eef64f949de269382c1f9035_25_UFDTNIA.smt2",0,0.111609048228767,0.125,0.234,0,1,0,
"benchmark-submission/non-incremental/QF_UFDTNIA/20230314-Jaroslav-Bendik-Certora/65782_cd31513fdcd15701933b_5_QF_UFDTNIA.smt2",,809.284332688588,1000,1000,0,0,0,
"benchmark-submission/non-incremental/QF_UFDTNIA/20230314-Jaroslav-Bendik-Certora/65782_cd31513fdcd15701933b_6_QF_UFDTNIA.smt2",0,0.0990530303030303,0.109,0.236,1,0,0,
"benchmark-submission/non-incremental/QF_UFDTNIA/20230314-Jaroslav-Bendik-Certora/65782_cd31513fdcd15701933b_7_QF_UFDTNIA.smt2",0,378.06403322926,405.172,421.512,0,1,0,
"benchmark-submission/non-incremental/QF_UFDTNIA/20230314-Jaroslav-Bendik-Certora/65782_cd31513fdcd15701933b_8_QF_UFDTNIA.smt2",0,4.58796395051195,5.141,5.398,1,0,0,
"benchmark-submission/non-incremental/QF_UFDTNIA/20230314-Jaroslav-Bendik-Certora/66603_accdadf23a1cf70ae043_72_QF_UFDTNIA.smt2",0,5.87009860788863,6.047,6.298,0,1,0,
"benchmark-submission/non-incremental/QF_UFDTNIA/20230314-Jaroslav-Bendik-Certora/66603_accdadf23a1cf70ae043_73_QF_UFDTNIA.smt2",,926.483613817538,1000,1000,0,0,0,
"benchmark-submission/non-incremental/QF_UFDTNIA/20230314-Jaroslav-Bendik-Certora/66603_accdadf23a1cf70ae043_74_QF_UFDTNIA.smt2",,864.820173625465,1000,1000,0,0,0,
"benchmark-submission/non-incremental/QF_UFDTNIA/20230314-Jaroslav-Bendik-Certora/66603_accdadf23a1cf70ae043_75_QF_UFDTNIA.smt2",,904.062229904927,1000,1000,0,0,0,
"benchmark-submission/non-incremental/QF_UFDTNIA/20230314-Jaroslav-Bendik-Certora/66603_accdadf23a1cf70ae043_76_QF_UFDTNIA.smt2",0,13.4370340788072,12.063,12.541,0,1,0,
"benchmark-submission/non-incremental/QF_UFDTNIA/20230314-Jaroslav-Bendik-Certora/72658_63104dadde9c6026353f_70_QF_UFDTNIA.smt2",0,1.93755330490405,2.172,2.402,1,0,0,
"benchmark-submission/non-incremental/QF_UFDTNIA/20230314-Jaroslav-Bendik-Certora/72658_63104dadde9c6026353f_71_QF_UFDTNIA.smt2",,851.791530944625,1000,1000,0,0,0,
"benchmark-submission/non-incremental/QF_UFDTNIA/20230314-Jaroslav-Bendik-Certora/72771_f9d228efc97cf1458e38_64_QF_UFDTNIA.smt2",0,1.93209903214656,2.672,2.798,1,0,0,
"benchmark-submission/non-incremental/QF_UFDTNIA/20230314-Jaroslav-Bendik-Certora/83314_a702bf8b823398c9e37a_0_UFDTNIA.smt2",0,0.418533930857874,0.469,0.649,1,0,0,
"benchmark-submission/non-incremental/QF_UFDTNIA/20230314-Jaroslav-Bendik-Certora/83314_a702bf8b823398c9e37a_1_UFDTNIA.smt2",0,3.98484592892488,4.234,4.475,1,0,0,
"benchmark-submission/non-incremental/QF_UFDTNIA/20230314-Jaroslav-Bendik-Certora/83314_a702bf8b823398c9e37a_2_UFDTNIA.smt2",0,4.19070512820513,4.844,5.142,1,0,0,
"benchmark-submission/non-incremental/QF_UFDTNIA/20230314-Jaroslav-Bendik-Certora/83314_a702bf8b823398c9e37a_3_UFDTNIA.smt2",0,17.4522590984284,20.172,21.052,0,1,0,
"benchmark-submission/non-incremental/QF_UFDTNIA/20230314-Jaroslav-Bendik-Certora/83314_a702bf8b823398c9e37a_4_UFDTNIA.smt2",0,66.2714643880475,77.391,80.552,1,0,0,
"benchmark-submission/non-incremental/QF_UFDTNIA/20230314-Jaroslav-Bendik-Certora/93493_1fdb6cc8eb9c4363b5838af9eb8c7f1f_53_QF_UFDTNIA.smt2",0,154.338344666383,173.594,180.763,1,0,0,
"benchmark-submission/non-incremental/QF_UFDTNIA/20230314-Jaroslav-Bendik-Certora/93493_27ab26d56d60426da02e50231269b6ff_51_QF_UFDTNIA.smt2",0,3.77270549403748,4.234,4.415,1,0,0,
"benchmark-submission/non-incremental/QF_UFDTNIA/20230314-Jaroslav-Bendik-Certora/93493_4ea6163ed03941199c785278ccc42812_49_QF_UFDTNIA.smt2",,879.361076082388,1000,1000,0,0,0,
"benchmark-submission/non-incremental/QF_UFDTNIA/20230314-Jaroslav-Bendik-Certora/93493_5990a6bf5f2740164f77_50_QF_UFDTNIA.smt2",0,415.459340148699,480.797,499.818,1,0,0,
"benchmark-submission/non-incremental/QF_UFDTNIA/20230314-Jaroslav-Bendik-Certora/93493_798593962ee29ad45ac8_52_QF_UFDTNIA.smt2",,826.550770446464,1000,1000,0,0,0,
"benchmark-submission/non-incremental/QF_UFDTNIA/20230314-Jaroslav-Bendik-Certora/940_590f27b1c3c800d3243e_29_QF_UFDTNIA.smt2",,907.986111111111,1000,1000,0,0,0,
"benchmark-submission/non-incremental/QF_UFDTNIA/20230314-Jaroslav-Bendik-Certora/940_590f27b1c3c800d3243e_30_QF_UFDTNIA.smt2",0,19.9717654694937,22.063,23.003,1,0,0,
"benchmark-submission/non-incremental/QF_UFDTNIA/20230314-Jaroslav-Bendik-Certora/940_590f27b1c3c800d3243e_31_QF_UFDTNIA.smt2",0,5.67236267166042,6.516,6.872,1,0,0,
"benchmark-submission/non-incremental/QF_UFDTNIA/20230314-Jaroslav-Bendik-Certora/940_590f27b1c3c800d3243e_32_QF_UFDTNIA.smt2",0,806.887718818381,881.328,917.109,1,0,0,
"benchmark-submission/non-incremental/QF_UFDTNIA/20230314-Jaroslav-Bendik-Certora/940_590f27b1c3c800d3243e_33_QF_UFDTNIA.smt2",0,18.6719634433962,18.922,19.722,1,0,0,
"benchmark-submission/non-incremental/QF_UFLIA/20230314-Jaroslav-Bendik-Certora/11775_ad46e5b8db4748c51973_42_QF_UFLIA.smt2",0,1.69947589098532,1.938,2.132,1,0,0,
"benchmark-submission/non-incremental/QF_UFLIA/20230314-Jaroslav-Bendik-Certora/11775_ad46e5b8db4748c51973_43_QF_UFLIA.smt2",0,0.739930093209055,0.797,1.01,1,0,0,
"benchmark-submission/non-incremental/QF_UFLIA/20230314-Jaroslav-Bendik-Certora/17512_5c1021b0faa6b6e1791b_19_QF_UFLIA.smt2",0,22.8551,27.313,28.456,0,1,0,
"benchmark-submission/non-incremental/QF_UFLIA/20230314-Jaroslav-Bendik-Certora/17512_5c1021b0faa6b6e1791b_20_QF_UFLIA.smt2",,894.017094017094,1000,1000,0,0,0,
"benchmark-submission/non-incremental/QF_UFLIA/20230314-Jaroslav-Bendik-Certora/17512_5c1021b0faa6b6e1791b_21_QF_UFLIA.smt2",0,6.43801630434783,7.078,7.418,0,1,0,
"benchmark-submission/non-incremental/QF_UFLIA/20230314-Jaroslav-Bendik-Certora/25959_5dee2e2f6ef44465a2bea4b085818948_65_QF_UFLIA.smt2",,866.252587991718,1000,1000,0,0,0,
"benchmark-submission/non-incremental/QF_UFLIA/20230314-Jaroslav-Bendik-Certora/25959_5dee2e2f6ef44465a2bea4b085818948_66_QF_UFLIA.smt2",,967.175219602404,1000,1000,0,0,0,
"benchmark-submission/non-incremental/QF_UFLIA/20230314-Jaroslav-Bendik-Certora/25959_5dee2e2f6ef44465a2bea4b085818948_67_QF_UFLIA.smt2",,970.7656612529,1000,1000,0,0,0,
"benchmark-submission/non-incremental/QF_UFLIA/20230314-Jaroslav-Bendik-Certora/25959_5dee2e2f6ef44465a2bea4b085818948_68_QF_UFLIA.smt2",,949.183303085299,1000,1000,0,0,0,
"benchmark-submission/non-incremental/QF_UFLIA/20230314-Jaroslav-Bendik-Certora/25959_5dee2e2f6ef44465a2bea4b085818948_69_QF_UFLIA.smt2",,960.955443270556,1000,1000,0,0,0,
"benchmark-submission/non-incremental/QF_UFLIA/20230314-Jaroslav-Bendik-Certora/30078_f817a923328f75af7e60_27_QF_UFLIA.smt2",0,36.85515625,42.281,43.833,0,1,0,
"benchmark-submission/non-incremental/QF_UFLIA/20230314-Jaroslav-Bendik-Certora/30078_f817a923328f75af7e60_28_QF_UFLIA.smt2",0,57.0598756624541,66.906,69.588,0,1,0,
"benchmark-submission/non-incremental/QF_UFLIA/20230314-Jaroslav-Bendik-Certora/3106_1c933134166dbad31f79_38_QF_UFLIA.smt2",,912.341910161361,1000,1000,0,0,0,
"benchmark-submission/non-incremental/QF_UFLIA/20230314-Jaroslav-Bendik-Certora/3106_1c933134166dbad31f79_39_QF_UFLIA.smt2",0,36.8885343309859,40.063,41.758,1,0,0,
"benchmark-submission/non-incremental/QF_UFLIA/20230314-Jaroslav-Bendik-Certora/3106_1c933134166dbad31f79_40_QF_UFLIA.smt2",0,0.199749017896115,0.219,0.408,1,0,0,
"benchmark-submission/non-incremental/QF_UFLIA/20230314-Jaroslav-Bendik-Certora/3106_1c933134166dbad31f79_41_QF_UFLIA.smt2",0,4.458575,5.328,5.553,1,0,0,
"benchmark-submission/non-incremental/QF_UFLIA/20230314-Jaroslav-Bendik-Certora/3106_afb7bc55417e43d7a22790c3576f04fc_37_QF_UFLIA.smt2",,855.623721881391,1000,1000,0,0,0,
"benchmark-submission/non-incremental/QF_UFLIA/20230314-Jaroslav-Bendik-Certora/38347_092cc73601c78e45f4f9_55_QF_UFLIA.smt2",,900.559621179509,1000,1000,0,0,0,
"benchmark-submission/non-incremental/QF_UFLIA/20230314-Jaroslav-Bendik-Certora/38347_092cc73601c78e45f4f9_56_QF_UFLIA.smt2",0,110.009200507614,113.953,118.611,1,0,0,
"benchmark-submission/non-incremental/QF_UFLIA/20230314-Jaroslav-Bendik-Certora/38347_092cc73601c78e45f4f9_57_QF_UFLIA.smt2",,894.781864841745,1000,1000,0,0,0,
"benchmark-submission/non-incremental/QF_UFLIA/20230314-Jaroslav-Bendik-Certora/38347_092cc73601c78e45f4f9_58_QF_UFLIA.smt2",0,0.790118621307073,0.844,0.985,1,0,0,
"benchmark-submission/non-incremental/QF_UFLIA/20230314-Jaroslav-Bendik-Certora/38347_525a1ca0331f2bcbf520_54_QF_UFLIA.smt2",,828.843106180666,1000,1000,0,0,0,
"benchmark-submission/non-incremental/QF_UFLIA/20230314-Jaroslav-Bendik-Certora/39657_1c7158801cd59dc13f05_44_QF_UFLIA.smt2",0,4.24854466553768,4.797,4.994,1,0,0,
"benchmark-submission/non-incremental/QF_UFLIA/20230314-Jaroslav-Bendik-Certora/39657_1c7158801cd59dc13f05_45_QF_UFLIA.smt2",0,4.0859375,4.281,4.511,1,0,0,
"benchmark-submission/non-incremental/QF_UFLIA/20230314-Jaroslav-Bendik-Certora/39657_1c7158801cd59dc13f05_46_QF_UFLIA.smt2",0,6.99284825870647,7.391,7.774,1,0,0,
"benchmark-submission/non-incremental/QF_UFLIA/20230314-Jaroslav-Bendik-Certora/39657_2866defdd1f2434b69ab_47_QF_UFLIA.smt2",0,23.0816015952981,26.281,27.349,1,0,0,
"benchmark-submission/non-incremental/QF_UFLIA/20230314-Jaroslav-Bendik-Certora/39657_2866defdd1f2434b69ab_48_QF_UFLIA.smt2",0,6.99235630942092,7.734,8.13,1,0,0,
"benchmark-submission/non-incremental/QF_UFLIA/20230314-Jaroslav-Bendik-Certora/41958_32933c5a1384696720a2_61_QF_UFLIA.smt2",0,32.6743248690044,38.75,40.291,1,0,0,
"benchmark-submission/non-incremental/QF_UFLIA/20230314-Jaroslav-Bendik-Certora/41958_32933c5a1384696720a2_62_QF_UFLIA.smt2",0,12.8314016464471,14.156,14.801,1,0,0,
"benchmark-submission/non-incremental/QF_UFLIA/20230314-Jaroslav-Bendik-Certora/41958_32933c5a1384696720a2_63_QF_UFLIA.smt2",0,5.27587719298246,5.75,6.008,1,0,0,
"benchmark-submission/non-incremental/QF_UFLIA/20230314-Jaroslav-Bendik-Certora/41958_45c688a4814eb926c254_59_QF_UFLIA.smt2",0,4.96884666372073,5.375,5.617,1,0,0,
"benchmark-submission/non-incremental/QF_UFLIA/20230314-Jaroslav-Bendik-Certora/41958_45c688a4814eb926c254_60_QF_UFLIA.smt2",0,1.82681847269625,2.047,2.213,1,0,0,
"benchmark-submission/non-incremental/QF_UFLIA/20230314-Jaroslav-Bendik-Certora/44289_4066055e0f64d96da11a_14_QF_UFLIA.smt2",0,7.69443268416596,8.688,9.13,1,0,0,
"benchmark-submission/non-incremental/QF_UFLIA/20230314-Jaroslav-Bendik-Certora/44289_4066055e0f64d96da11a_15_QF_UFLIA.smt2",0,86.101589532872,95.156,98.947,1,0,0,
"benchmark-submission/non-incremental/QF_UFLIA/20230314-Jaroslav-Bendik-Certora/44289_b077fc096b3d41cba49f8628caff7fa5_16_QF_UFLIA.smt2",,882.700421940928,1000,1000,0,0,0,
"benchmark-submission/non-incremental/QF_UFLIA/20230314-Jaroslav-Bendik-Certora/44289_e5a2e5c780236919ee6a_17_QF_UFLIA.smt2",0,7.50089131374244,8.297,8.669,1,0,0,
"benchmark-submission/non-incremental/QF_UFLIA/20230314-Jaroslav-Bendik-Certora/44289_e5a2e5c780236919ee6a_18_QF_UFLIA.smt2",0,7.02758132956153,7.125,7.435,1,0,0,
"benchmark-submission/non-incremental/QF_UFLIA/20230314-Jaroslav-Bendik-Certora/44788_1965f0d6d94d5d8054ba_34_QF_UFLIA.smt2",0,0.214297421328671,0.234,0.402,1,0,0,
"benchmark-submission/non-incremental/QF_UFLIA/20230314-Jaroslav-Bendik-Certora/44788_1965f0d6d94d5d8054ba_35_QF_UFLIA.smt2",0,0.726699444206926,0.813,0.958,0,1,0,
"benchmark-submission/non-incremental/QF_UFLIA/20230314-Jaroslav-Bendik-Certora/44788_1965f0d6d94d5d8054ba_36_QF_UFLIA.smt2",,894.399315946986,1000,1000,0,0,0,
"benchmark-submission/non-incremental/QF_UFLIA/20230314-Jaroslav-Bendik-Certora/52759_af0c476fe3b544b9a8507f3e42472c43_12_QF_UFLIA.smt2",0,20.0602338854073,21.422,22.331,1,0,0,
"benchmark-submission/non-incremental/QF_UFLIA/20230314-Jaroslav-Bendik-Certora/52759_af0c476fe3b544b9a8507f3e42472c43_13_QF_UFLIA.smt2",0,8.86106927710843,10.547,11.048,1,0,0,
"benchmark-submission/non-incremental/QF_UFLIA/20230314-Jaroslav-Bendik-Certora/52759_bec3a2272267494faeecb6bfaf253e3b_10_QF_UFLIA.smt2",,881.956155143339,1000,1000,0,0,0,
"benchmark-submission/non-incremental/QF_UFLIA/20230314-Jaroslav-Bendik-Certora/52759_bec3a2272267494faeecb6bfaf253e3b_11_QF_UFLIA.smt2",0,21.2157170710572,23.406,24.374,1,0,0,
"benchmark-submission/non-incremental/QF_UFLIA/20230314-Jaroslav-Bendik-Certora/63058_55d6bef5390186355f11_26_QF_UFLIA.smt2",0,17.2870446172738,20.188,21.006,1,0,0,
"benchmark-submission/non-incremental/QF_UFLIA/20230314-Jaroslav-Bendik-Certora/63058_64ab9a7ef7b6c3492507_22_QF_UFLIA.smt2",0,13.75970605939,16.391,17.05,1,0,0,
"benchmark-submission/non-incremental/QF_UFLIA/20230314-Jaroslav-Bendik-Certora/63058_64ab9a7ef7b6c3492507_23_QF_UFLIA.smt2",0,19.337925,23.109,24.071,1,0,0,
"benchmark-submission/non-incremental/QF_UFLIA/20230314-Jaroslav-Bendik-Certora/63058_64ab9a7ef7b6c3492507_24_QF_UFLIA.smt2",0,22.6502676659529,25.281,26.259,1,0,0,
"benchmark-submission/non-incremental/QF_UFLIA/20230314-Jaroslav-Bendik-Certora/63058_aa742630eef64f949de269382c1f9035_25_UFLIA.smt2",0,0.158101571946796,0.188,0.287,0,1,0,
"benchmark-submission/non-incremental/QF_UFLIA/20230314-Jaroslav-Bendik-Certora/65782_cd31513fdcd15701933b_5_QF_UFLIA.smt2",,836.8,1000,1000,0,0,0,
"benchmark-submission/non-incremental/QF_UFLIA/20230314-Jaroslav-Bendik-Certora/65782_cd31513fdcd15701933b_6_QF_UFLIA.smt2",0,0.135128152128979,0.156,0.226,1,0,0,
"benchmark-submission/non-incremental/QF_UFLIA/20230314-Jaroslav-Bendik-Certora/65782_cd31513fdcd15701933b_7_QF_UFLIA.smt2",0,0.213295269168026,0.25,0.424,1,0,0,
"benchmark-submission/non-incremental/QF_UFLIA/20230314-Jaroslav-Bendik-Certora/65782_cd31513fdcd15701933b_8_QF_UFLIA.smt2",0,0.809284332688588,1,1.185,1,0,0,
"benchmark-submission/non-incremental/QF_UFLIA/20230314-Jaroslav-Bendik-Certora/66603_accdadf23a1cf70ae043_72_QF_UFLIA.smt2",0,10.133125,12.109,12.56,0,1,0,
"benchmark-submission/non-incremental/QF_UFLIA/20230314-Jaroslav-Bendik-Certora/66603_accdadf23a1cf70ae043_73_QF_UFLIA.smt2",,752.788772939906,1000,1000,0,0,0,
"benchmark-submission/non-incremental/QF_UFLIA/20230314-Jaroslav-Bendik-Certora/66603_accdadf23a1cf70ae043_74_QF_UFLIA.smt2",,934.763181411975,1000,1000,0,0,0,
"benchmark-submission/non-incremental/QF_UFLIA/20230314-Jaroslav-Bendik-Certora/66603_accdadf23a1cf70ae043_75_QF_UFLIA.smt2",,836.8,1000,1000,0,0,0,
"benchmark-submission/non-incremental/QF_UFLIA/20230314-Jaroslav-Bendik-Certora/66603_accdadf23a1cf70ae043_76_QF_UFLIA.smt2",0,46.9411079040853,50.531,52.633,0,1,0,
"benchmark-submission/non-incremental/QF_UFLIA/20230314-Jaroslav-Bendik-Certora/72658_63104dadde9c6026353f_70_QF_UFLIA.smt2",0,19.0368710691824,21.703,22.63,1,0,0,
"benchmark-submission/non-incremental/QF_UFLIA/20230314-Jaroslav-Bendik-Certora/72658_63104dadde9c6026353f_71_QF_UFLIA.smt2",,976.201586560896,1000,1000,0,0,0,
"benchmark-submission/non-incremental/QF_UFLIA/20230314-Jaroslav-Bendik-Certora/72771_f9d228efc97cf1458e38_64_QF_UFLIA.smt2",0,18.5229166666667,19.125,19.891,1,0,0,
"benchmark-submission/non-incremental/QF_UFLIA/20230314-Jaroslav-Bendik-Certora/83314_a702bf8b823398c9e37a_0_UFLIA.smt2",0,26.8974664356864,29.688,30.948,1,0,0,
"benchmark-submission/non-incremental/QF_UFLIA/20230314-Jaroslav-Bendik-Certora/83314_a702bf8b823398c9e37a_1_UFLIA.smt2",,1044.43334997504,1000,1000,0,0,0,
"benchmark-submission/non-incremental/QF_UFLIA/20230314-Jaroslav-Bendik-Certora/83314_a702bf8b823398c9e37a_2_UFLIA.smt2",,920.774647887324,1000,1000,0,0,0,
"benchmark-submission/non-incremental/QF_UFLIA/20230314-Jaroslav-Bendik-Certora/83314_a702bf8b823398c9e37a_3_UFLIA.smt2",,877.148846960168,1000,1000,0,0,0,
"benchmark-submission/non-incremental/QF_UFLIA/20230314-Jaroslav-Bendik-Certora/83314_a702bf8b823398c9e37a_4_UFLIA.smt2",,887.945670628183,1000,1000,0,0,0,
"benchmark-submission/non-incremental/QF_UFLIA/20230314-Jaroslav-Bendik-Certora/93493_1fdb6cc8eb9c4363b5838af9eb8c7f1f_53_QF_UFLIA.smt2",,920.369555653322,1000,1000,0,0,0,
"benchmark-submission/non-incremental/QF_UFLIA/20230314-Jaroslav-Bendik-Certora/93493_27ab26d56d60426da02e50231269b6ff_51_QF_UFLIA.smt2",0,24.7480530474041,26.203,27.276,1,0,0,
"benchmark-submission/non-incremental/QF_UFLIA/20230314-Jaroslav-Bendik-Certora/93493_4ea6163ed03941199c785278ccc42812_49_QF_UFLIA.smt2",,882.328131590046,1000,1000,0,0,0,
"benchmark-submission/non-incremental/QF_UFLIA/20230314-Jaroslav-Bendik-Certora/93493_5990a6bf5f2740164f77_50_QF_UFLIA.smt2",,893.253629376601,1000,1000,0,0,0,
"benchmark-submission/non-incremental/QF_UFLIA/20230314-Jaroslav-Bendik-Certora/93493_798593962ee29ad45ac8_52_QF_UFLIA.smt2",,914.335664335664,1000,1000,0,0,0,
"benchmark-submission/non-incremental/QF_UFLIA/20230314-Jaroslav-Bendik-Certora/940_590f27b1c3c800d3243e_29_QF_UFLIA.smt2",,997.615641392465,1000,1000,0,0,0,
"benchmark-submission/non-incremental/QF_UFLIA/20230314-Jaroslav-Bendik-Certora/940_590f27b1c3c800d3243e_30_QF_UFLIA.smt2",,866.252587991718,1000,1000,0,0,0,
"benchmark-submission/non-incremental/QF_UFLIA/20230314-Jaroslav-Bendik-Certora/940_590f27b1c3c800d3243e_31_QF_UFLIA.smt2",,934.345690040196,1000,1000,0,0,0,
"benchmark-submission/non-incremental/QF_UFLIA/20230314-Jaroslav-Bendik-Certora/940_590f27b1c3c800d3243e_32_QF_UFLIA.smt2",,862.680412371134,1000,1000,0,0,0,
"benchmark-submission/non-incremental/QF_UFLIA/20230314-Jaroslav-Bendik-Certora/940_590f27b1c3c800d3243e_33_QF_UFLIA.smt2",,910.35683202785,1000,1000,0,0,0,
"benchmark-submission/non-incremental/QF_UFNIA/20230314-Jaroslav-Bendik-Certora/11775_ad46e5b8db4748c51973_42_QF_UFNIA.smt2",0,3.01730769230769,3.281,3.483,1,0,0,
"benchmark-submission/non-incremental/QF_UFNIA/20230314-Jaroslav-Bendik-Certora/11775_ad46e5b8db4748c51973_43_QF_UFNIA.smt2",0,0.617934992283951,0.766,0.976,0,1,0,
"benchmark-submission/non-incremental/QF_UFNIA/20230314-Jaroslav-Bendik-Certora/17512_5c1021b0faa6b6e1791b_19_QF_UFNIA.smt2",0,1.5127608892922,1.594,1.781,0,1,0,
"benchmark-submission/non-incremental/QF_UFNIA/20230314-Jaroslav-Bendik-Certora/17512_5c1021b0faa6b6e1791b_20_QF_UFNIA.smt2",0,12.1375367956266,13.797,14.388,0,1,0,
"benchmark-submission/non-incremental/QF_UFNIA/20230314-Jaroslav-Bendik-Certora/17512_5c1021b0faa6b6e1791b_21_QF_UFNIA.smt2",0,57.2902142539964,61.672,64.225,0,1,0,
"benchmark-submission/non-incremental/QF_UFNIA/20230314-Jaroslav-Bendik-Certora/25959_5dee2e2f6ef44465a2bea4b085818948_65_QF_UFNIA.smt2",0,7.35889258147513,8.203,8.504,1,0,0,
"benchmark-submission/non-incremental/QF_UFNIA/20230314-Jaroslav-Bendik-Certora/25959_5dee2e2f6ef44465a2bea4b085818948_66_QF_UFNIA.smt2",0,2.57242198100407,2.719,3.004,1,0,0,
"benchmark-submission/non-incremental/QF_UFNIA/20230314-Jaroslav-Bendik-Certora/25959_5dee2e2f6ef44465a2bea4b085818948_67_QF_UFNIA.smt2",,935.599284436494,1000,1000,0,0,0,
"benchmark-submission/non-incremental/QF_UFNIA/20230314-Jaroslav-Bendik-Certora/25959_5dee2e2f6ef44465a2bea4b085818948_68_QF_UFNIA.smt2",,822.003929273085,1000,1000,0,0,0,
"benchmark-submission/non-incremental/QF_UFNIA/20230314-Jaroslav-Bendik-Certora/25959_5dee2e2f6ef44465a2bea4b085818948_69_QF_UFNIA.smt2",0,35.4824978623343,39.672,41.299,1,0,0,
"benchmark-submission/non-incremental/QF_UFNIA/20230314-Jaroslav-Bendik-Certora/30078_f817a923328f75af7e60_27_QF_UFNIA.smt2",0,40.8511122345804,38.625,40.148,0,1,0,
"benchmark-submission/non-incremental/QF_UFNIA/20230314-Jaroslav-Bendik-Certora/30078_f817a923328f75af7e60_28_QF_UFNIA.smt2",0,46.069914797239,51.047,53.091,0,1,0,
"benchmark-submission/non-incremental/QF_UFNIA/20230314-Jaroslav-Bendik-Certora/3106_1c933134166dbad31f79_38_QF_UFNIA.smt2",,899.784946236559,1000,1000,0,0,0,
"benchmark-submission/non-incremental/QF_UFNIA/20230314-Jaroslav-Bendik-Certora/3106_1c933134166dbad31f79_39_QF_UFNIA.smt2",0,467.957492643968,532.156,553.827,1,0,0,
"benchmark-submission/non-incremental/QF_UFNIA/20230314-Jaroslav-Bendik-Certora/3106_1c933134166dbad31f79_40_QF_UFNIA.smt2",0,0.287212343096234,0.328,0.494,1,0,0,
"benchmark-submission/non-incremental/QF_UFNIA/20230314-Jaroslav-Bendik-Certora/3106_1c933134166dbad31f79_41_QF_UFNIA.smt2",0,8.71046074043938,10.234,10.684,1,0,0,
"benchmark-submission/non-incremental/QF_UFNIA/20230314-Jaroslav-Bendik-Certora/3106_afb7bc55417e43d7a22790c3576f04fc_37_QF_UFNIA.smt2",0,40.140196479738,46.875,48.901,1,0,0,
"benchmark-submission/non-incremental/QF_UFNIA/20230314-Jaroslav-Bendik-Certora/38347_092cc73601c78e45f4f9_55_QF_UFNIA.smt2",0,84.4585453003876,83.328,86.749,0,1,0,
"benchmark-submission/non-incremental/QF_UFNIA/20230314-Jaroslav-Bendik-Certora/38347_092cc73601c78e45f4f9_56_QF_UFNIA.smt2",0,6.55378268991283,7.547,7.893,1,0,0,
"benchmark-submission/non-incremental/QF_UFNIA/20230314-Jaroslav-Bendik-Certora/38347_092cc73601c78e45f4f9_57_QF_UFNIA.smt2",,1057.63397371082,1000,1000,0,0,0,
"benchmark-submission/non-incremental/QF_UFNIA/20230314-Jaroslav-Bendik-Certora/38347_092cc73601c78e45f4f9_58_QF_UFNIA.smt2",0,1.24091435185185,1.281,1.514,1,0,0,
"benchmark-submission/non-incremental/QF_UFNIA/20230314-Jaroslav-Bendik-Certora/38347_525a1ca0331f2bcbf520_54_QF_UFNIA.smt2",,843.208383716243,1000,1000,0,0,0,
"benchmark-submission/non-incremental/QF_UFNIA/20230314-Jaroslav-Bendik-Certora/39657_1c7158801cd59dc13f05_44_QF_UFNIA.smt2",0,18.9658146300914,21.813,22.719,1,0,0,
"benchmark-submission/non-incremental/QF_UFNIA/20230314-Jaroslav-Bendik-Certora/39657_1c7158801cd59dc13f05_45_QF_UFNIA.smt2",0,17.5659782608696,19.313,20.135,1,0,0,
"benchmark-submission/non-incremental/QF_UFNIA/20230314-Jaroslav-Bendik-Certora/39657_1c7158801cd59dc13f05_46_QF_UFNIA.smt2",0,22.6462418300654,23.188,24.168,1,0,0,
"benchmark-submission/non-incremental/QF_UFNIA/20230314-Jaroslav-Bendik-Certora/39657_2866defdd1f2434b69ab_47_QF_UFNIA.smt2",0,4.73290643522439,5.344,5.609,1,0,0,
"benchmark-submission/non-incremental/QF_UFNIA/20230314-Jaroslav-Bendik-Certora/39657_2866defdd1f2434b69ab_48_QF_UFNIA.smt2",0,6.41478242320819,7.188,7.56,1,0,0,
"benchmark-submission/non-incremental/QF_UFNIA/20230314-Jaroslav-Bendik-Certora/41958_32933c5a1384696720a2_61_QF_UFNIA.smt2",,890.212765957447,1000,1000,0,0,0,
"benchmark-submission/non-incremental/QF_UFNIA/20230314-Jaroslav-Bendik-Certora/41958_32933c5a1384696720a2_62_QF_UFNIA.smt2",,859.843814221126,1000,1000,0,0,0,
"benchmark-submission/non-incremental/QF_UFNIA/20230314-Jaroslav-Bendik-Certora/41958_32933c5a1384696720a2_63_QF_UFNIA.smt2",,868.04979253112,1000,1000,0,0,0,
"benchmark-submission/non-incremental/QF_UFNIA/20230314-Jaroslav-Bendik-Certora/41958_45c688a4814eb926c254_59_QF_UFNIA.smt2",0,1.41936263972485,1.578,1.726,1,0,0,
"benchmark-submission/non-incremental/QF_UFNIA/20230314-Jaroslav-Bendik-Certora/41958_45c688a4814eb926c254_60_QF_UFNIA.smt2",0,0.935985682819383,1.016,1.179,1,0,0,
"benchmark-submission/non-incremental/QF_UFNIA/20230314-Jaroslav-Bendik-Certora/44289_4066055e0f64d96da11a_14_QF_UFNIA.smt2",0,11.1643926056338,12.125,12.664,1,0,0,
"benchmark-submission/non-incremental/QF_UFNIA/20230314-Jaroslav-Bendik-Certora/44289_4066055e0f64d96da11a_15_QF_UFNIA.smt2",,870.578443612152,1000,1000,0,0,0,
"benchmark-submission/non-incremental/QF_UFNIA/20230314-Jaroslav-Bendik-Certora/44289_b077fc096b3d41cba49f8628caff7fa5_16_QF_UFNIA.smt2",0,11.4186378923767,12.172,12.729,1,0,0,
"benchmark-submission/non-incremental/QF_UFNIA/20230314-Jaroslav-Bendik-Certora/44289_e5a2e5c780236919ee6a_17_QF_UFNIA.smt2",0,40.8903943483762,46.344,48.24,1,0,0,
"benchmark-submission/non-incremental/QF_UFNIA/20230314-Jaroslav-Bendik-Certora/44289_e5a2e5c780236919ee6a_18_QF_UFNIA.smt2",0,7.90517782426778,9.031,9.473,1,0,0,
"benchmark-submission/non-incremental/QF_UFNIA/20230314-Jaroslav-Bendik-Certora/44788_1965f0d6d94d5d8054ba_34_QF_UFNIA.smt2",0,35.5408546488023,41.844,43.532,0,1,0,
"benchmark-submission/non-incremental/QF_UFNIA/20230314-Jaroslav-Bendik-Certora/44788_1965f0d6d94d5d8054ba_35_QF_UFNIA.smt2",,905.627705627706,1000,1000,0,0,0,
"benchmark-submission/non-incremental/QF_UFNIA/20230314-Jaroslav-Bendik-Certora/44788_1965f0d6d94d5d8054ba_36_QF_UFNIA.smt2",,865.535788167149,1000,1000,0,0,0,
"benchmark-submission/non-incremental/QF_UFNIA/20230314-Jaroslav-Bendik-Certora/52759_af0c476fe3b544b9a8507f3e42472c43_12_QF_UFNIA.smt2",0,20.4384971970677,22.656,23.623,1,0,0,
"benchmark-submission/non-incremental/QF_UFNIA/20230314-Jaroslav-Bendik-Certora/52759_af0c476fe3b544b9a8507f3e42472c43_13_QF_UFNIA.smt2",0,21.1376383567476,23.734,24.704,1,0,0,
"benchmark-submission/non-incremental/QF_UFNIA/20230314-Jaroslav-Bendik-Certora/52759_bec3a2272267494faeecb6bfaf253e3b_10_QF_UFNIA.smt2",0,326.412697587354,375.094,390.438,0,1,0,
"benchmark-submission/non-incremental/QF_UFNIA/20230314-Jaroslav-Bendik-Certora/52759_bec3a2272267494faeecb6bfaf253e3b_11_QF_UFNIA.smt2",0,41.2874100359856,49.359,51.349,1,0,0,
"benchmark-submission/non-incremental/QF_UFNIA/20230314-Jaroslav-Bendik-Certora/63058_55d6bef5390186355f11_26_QF_UFNIA.smt2",0,34.5736170720076,34.656,36.166,1,0,0,
"benchmark-submission/non-incremental/QF_UFNIA/20230314-Jaroslav-Bendik-Certora/63058_64ab9a7ef7b6c3492507_22_QF_UFNIA.smt2",0,34.9094149178832,36.578,38.104,1,0,0,
"benchmark-submission/non-incremental/QF_UFNIA/20230314-Jaroslav-Bendik-Certora/63058_64ab9a7ef7b6c3492507_23_QF_UFNIA.smt2",0,33.2089630562553,37.813,39.385,1,0,0,
"benchmark-submission/non-incremental/QF_UFNIA/20230314-Jaroslav-Bendik-Certora/63058_64ab9a7ef7b6c3492507_24_QF_UFNIA.smt2",0,68.9426622418879,78.203,81.38,1,0,0,
"benchmark-submission/non-incremental/QF_UFNIA/20230314-Jaroslav-Bendik-Certora/63058_aa742630eef64f949de269382c1f9035_25_UFNIA.smt2",0,0.31006615077384,0.297,0.478,0,1,0,
"benchmark-submission/non-incremental/QF_UFNIA/20230314-Jaroslav-Bendik-Certora/65782_cd31513fdcd15701933b_5_QF_UFNIA.smt2",,868.410128684101,1000,1000,0,0,0,
"benchmark-submission/non-incremental/QF_UFNIA/20230314-Jaroslav-Bendik-Certora/65782_cd31513fdcd15701933b_6_QF_UFNIA.smt2",0,0.183037797480168,0.188,0.367,1,0,0,
"benchmark-submission/non-incremental/QF_UFNIA/20230314-Jaroslav-Bendik-Certora/65782_cd31513fdcd15701933b_7_QF_UFNIA.smt2",,976.201586560896,1000,1000,0,0,0,
"benchmark-submission/non-incremental/QF_UFNIA/20230314-Jaroslav-Bendik-Certora/65782_cd31513fdcd15701933b_8_QF_UFNIA.smt2",0,17.990475440806,20.484,21.368,1,0,0,
"benchmark-submission/non-incremental/QF_UFNIA/20230314-Jaroslav-Bendik-Certora/66603_accdadf23a1cf70ae043_72_QF_UFNIA.smt2",0,42.0071745216986,43.031,44.769,0,1,0,
"benchmark-submission/non-incremental/QF_UFNIA/20230314-Jaroslav-Bendik-Certora/66603_accdadf23a1cf70ae043_73_QF_UFNIA.smt2",0,483.396253148615,550.406,572.622,1,0,0,
"benchmark-submission/non-incremental/QF_UFNIA/20230314-Jaroslav-Bendik-Certora/66603_accdadf23a1cf70ae043_74_QF_UFNIA.smt2",,952.207555757852,1000,1000,0,0,0,
"benchmark-submission/non-incremental/QF_UFNIA/20230314-Jaroslav-Bendik-Certora/66603_accdadf23a1cf70ae043_75_QF_UFNIA.smt2",,924.436588599205,1000,1000,0,0,0,
"benchmark-submission/non-incremental/QF_UFNIA/20230314-Jaroslav-Bendik-Certora/66603_accdadf23a1cf70ae043_76_QF_UFNIA.smt2",0,399.954604975993,438,455.959,0,1,0,
"benchmark-submission/non-incremental/QF_UFNIA/20230314-Jaroslav-Bendik-Certora/72658_63104dadde9c6026353f_70_QF_UFNIA.smt2",0,7.40223419840938,8.453,8.851,1,0,0,
"benchmark-submission/non-incremental/QF_UFNIA/20230314-Jaroslav-Bendik-Certora/72658_63104dadde9c6026353f_71_QF_UFNIA.smt2",,879.73086627418,1000,1000,0,0,0,
"benchmark-submission/non-incremental/QF_UFNIA/20230314-Jaroslav-Bendik-Certora/72771_f9d228efc97cf1458e38_64_QF_UFNIA.smt2",0,8.02738212180747,9.766,10.262,1,0,0,
"benchmark-submission/non-incremental/QF_UFNIA/20230314-Jaroslav-Bendik-Certora/83314_a702bf8b823398c9e37a_0_UFNIA.smt2",0,0.322477578475336,0.344,0.616,1,0,0,
"benchmark-submission/non-incremental/QF_UFNIA/20230314-Jaroslav-Bendik-Certora/83314_a702bf8b823398c9e37a_1_UFNIA.smt2",0,16.3730661434978,17.453,18.258,1,0,0,
"benchmark-submission/non-incremental/QF_UFNIA/20230314-Jaroslav-Bendik-Certora/83314_a702bf8b823398c9e37a_2_UFNIA.smt2",0,114.879175531915,129.047,134.232,1,0,0,
"benchmark-submission/non-incremental/QF_UFNIA/20230314-Jaroslav-Bendik-Certora/83314_a702bf8b823398c9e37a_3_UFNIA.smt2",0,40.3278133130963,44.453,46.334,0,1,0,
"benchmark-submission/non-incremental/QF_UFNIA/20230314-Jaroslav-Bendik-Certora/83314_a702bf8b823398c9e37a_4_UFNIA.smt2",0,103.765303891561,113.438,118.048,1,0,0,
"benchmark-submission/non-incremental/QF_UFNIA/20230314-Jaroslav-Bendik-Certora/93493_1fdb6cc8eb9c4363b5838af9eb8c7f1f_53_QF_UFNIA.smt2",0,420.970505330053,490.797,510.754,1,0,0,
"benchmark-submission/non-incremental/QF_UFNIA/20230314-Jaroslav-Bendik-Certora/93493_27ab26d56d60426da02e50231269b6ff_51_QF_UFNIA.smt2",0,42.6978444003964,61.781,64.296,1,0,0,
"benchmark-submission/non-incremental/QF_UFNIA/20230314-Jaroslav-Bendik-Certora/93493_4ea6163ed03941199c785278ccc42812_49_QF_UFNIA.smt2",,882.700421940928,1000,1000,0,0,0,
"benchmark-submission/non-incremental/QF_UFNIA/20230314-Jaroslav-Bendik-Certora/93493_5990a6bf5f2740164f77_50_QF_UFNIA.smt2",,889.455782312925,1000,1000,0,0,0,
"benchmark-submission/non-incremental/QF_UFNIA/20230314-Jaroslav-Bendik-Certora/93493_798593962ee29ad45ac8_52_QF_UFNIA.smt2",,879.361076082388,1000,1000,0,0,0,
"benchmark-submission/non-incremental/QF_UFNIA/20230314-Jaroslav-Bendik-Certora/940_590f27b1c3c800d3243e_29_QF_UFNIA.smt2",,855.273916598528,1000,1000,0,0,0,
"benchmark-submission/non-incremental/QF_UFNIA/20230314-Jaroslav-Bendik-Certora/940_590f27b1c3c800d3243e_30_QF_UFNIA.smt2",0,30.9022269180754,34.078,35.474,1,0,0,
"benchmark-submission/non-incremental/QF_UFNIA/20230314-Jaroslav-Bendik-Certora/940_590f27b1c3c800d3243e_31_QF_UFNIA.smt2",0,234.730442556996,251,261.203,1,0,0,
"benchmark-submission/non-incremental/QF_UFNIA/20230314-Jaroslav-Bendik-Certora/940_590f27b1c3c800d3243e_32_QF_UFNIA.smt2",,920.774647887324,1000,1000,0,0,0,
"benchmark-submission/non-incremental/QF_UFNIA/20230314-Jaroslav-Bendik-Certora/940_590f27b1c3c800d3243e_33_QF_UFNIA.smt2",0,114.552987387773,128.078,133.303,1,0,0,
"benchmark-submission/non-incremental/UFDTLIA/20230314-Jaroslav-Bendik-Certora/52759_b3ecd2335fd16ec2eee2_9_UFDTLIA.smt2",0,28.1656819167389,31.047,32.343,1,0,0,
"benchmark-submission/non-incremental/UFDTNIA/20230314-Jaroslav-Bendik-Certora/52759_b3ecd2335fd16ec2eee2_9_UFDTNIA.smt2",0,569.682893374741,657.641,684.182,1,0,0,
"benchmark-submission/non-incremental/UFLIA/20230314-Jaroslav-Bendik-Certora/52759_b3ecd2335fd16ec2eee2_9_UFLIA.smt2",0,15.7690555317324,17.578,18.301,1,0,0,
"benchmark-submission/non-incremental/UFNIA/20230314-Jaroslav-Bendik-Certora/52759_b3ecd2335fd16ec2eee2_9_UFNIA.smt2",,922.398589065256,1000,1000,0,0,0,
