,"smt.arith.nl.propagate=false","-file:{0} smt.arith.nl.propagate=false",,,,,,
,"RV 11761","T_norm 11761","T_cpu 11761","T_wc 11761","# SAT 11761","# UNSAT 11761","# UNKNOWN 11761",
"benchmark-submission/non-incremental/QF_UFDTLIA/20230314-Jaroslav-Bendik-Certora/11775_ad46e5b8db4748c51973_42_QF_UFDTLIA.smt2",0,1.18943733153639,1.266,1.433,1,0,0,
"benchmark-submission/non-incremental/QF_UFDTLIA/20230314-Jaroslav-Bendik-Certora/11775_ad46e5b8db4748c51973_43_QF_UFDTLIA.smt2",0,0.501523014440433,0.531,0.704,1,0,0,
"benchmark-submission/non-incremental/QF_UFDTLIA/20230314-Jaroslav-Bendik-Certora/17512_5c1021b0faa6b6e1791b_19_QF_UFDTLIA.smt2",0,20.6526815701092,23.516,24.479,0,1,0,
"benchmark-submission/non-incremental/QF_UFDTLIA/20230314-Jaroslav-Bendik-Certora/17512_5c1021b0faa6b6e1791b_20_QF_UFDTLIA.smt2",,853.529171766626,1000,1000,0,0,0,
"benchmark-submission/non-incremental/QF_UFDTLIA/20230314-Jaroslav-Bendik-Certora/17512_5c1021b0faa6b6e1791b_21_QF_UFDTLIA.smt2",0,3.3567720219078,3.516,3.71,0,1,0,
"benchmark-submission/non-incremental/QF_UFDTLIA/20230314-Jaroslav-Bendik-Certora/25959_5dee2e2f6ef44465a2bea4b085818948_65_QF_UFDTLIA.smt2",,893.253629376601,1000,1000,0,0,0,
"benchmark-submission/non-incremental/QF_UFDTLIA/20230314-Jaroslav-Bendik-Certora/25959_5dee2e2f6ef44465a2bea4b085818948_66_QF_UFDTLIA.smt2",,892.872385830132,1000,1000,0,0,0,
"benchmark-submission/non-incremental/QF_UFDTLIA/20230314-Jaroslav-Bendik-Certora/25959_5dee2e2f6ef44465a2bea4b085818948_67_QF_UFDTLIA.smt2",,939.802336028751,1000,1000,0,0,0,
"benchmark-submission/non-incremental/QF_UFDTLIA/20230314-Jaroslav-Bendik-Certora/25959_5dee2e2f6ef44465a2bea4b085818948_68_QF_UFDTLIA.smt2",,897.468897468897,1000,1000,0,0,0,
"benchmark-submission/non-incremental/QF_UFDTLIA/20230314-Jaroslav-Bendik-Certora/25959_5dee2e2f6ef44465a2bea4b085818948_69_QF_UFDTLIA.smt2",,837.469975980785,1000,1000,0,0,0,
"benchmark-submission/non-incremental/QF_UFDTLIA/20230314-Jaroslav-Bendik-Certora/30078_f817a923328f75af7e60_27_QF_UFDTLIA.smt2",0,18.1314522736583,21.156,21.981,0,1,0,
"benchmark-submission/non-incremental/QF_UFDTLIA/20230314-Jaroslav-Bendik-Certora/30078_f817a923328f75af7e60_28_QF_UFDTLIA.smt2",0,29.7495951417004,35.125,36.552,0,1,0,
"benchmark-submission/non-incremental/QF_UFDTLIA/20230314-Jaroslav-Bendik-Certora/3106_1c933134166dbad31f79_38_QF_UFDTLIA.smt2",,894.781864841745,1000,1000,0,0,0,
"benchmark-submission/non-incremental/QF_UFDTLIA/20230314-Jaroslav-Bendik-Certora/3106_1c933134166dbad31f79_39_QF_UFDTLIA.smt2",0,12.2936890243902,12.047,12.555,1,0,0,
"benchmark-submission/non-incremental/QF_UFDTLIA/20230314-Jaroslav-Bendik-Certora/3106_1c933134166dbad31f79_40_QF_UFDTLIA.smt2",0,0.156740409764603,0.172,0.278,1,0,0,
"benchmark-submission/non-incremental/QF_UFDTLIA/20230314-Jaroslav-Bendik-Certora/3106_1c933134166dbad31f79_41_QF_UFDTLIA.smt2",0,2.02399380804954,1.875,2.029,1,0,0,
"benchmark-submission/non-incremental/QF_UFDTLIA/20230314-Jaroslav-Bendik-Certora/3106_afb7bc55417e43d7a22790c3576f04fc_37_QF_UFDTLIA.smt2",0,8.55070364238411,9.875,10.336,1,0,0,
"benchmark-submission/non-incremental/QF_UFDTLIA/20230314-Jaroslav-Bendik-Certora/38347_092cc73601c78e45f4f9_55_QF_UFDTLIA.smt2",0,139.677493578767,155.969,162.19,0,1,0,
"benchmark-submission/non-incremental/QF_UFDTLIA/20230314-Jaroslav-Bendik-Certora/38347_092cc73601c78e45f4f9_56_QF_UFDTLIA.smt2",0,49.7111286704731,58.266,60.658,1,0,0,
"benchmark-submission/non-incremental/QF_UFDTLIA/20230314-Jaroslav-Bendik-Certora/38347_092cc73601c78e45f4f9_57_QF_UFDTLIA.smt2",,926.894107221976,1000,1000,0,0,0,
"benchmark-submission/non-incremental/QF_UFDTLIA/20230314-Jaroslav-Bendik-Certora/38347_092cc73601c78e45f4f9_58_QF_UFDTLIA.smt2",0,0.357162368881119,0.391,0.536,1,0,0,
"benchmark-submission/non-incremental/QF_UFDTLIA/20230314-Jaroslav-Bendik-Certora/38347_525a1ca0331f2bcbf520_54_QF_UFDTLIA.smt2",,912.341910161361,1000,1000,0,0,0,
"benchmark-submission/non-incremental/QF_UFDTLIA/20230314-Jaroslav-Bendik-Certora/39657_1c7158801cd59dc13f05_44_QF_UFDTLIA.smt2",0,1.8479114321608,2.109,2.297,1,0,0,
"benchmark-submission/non-incremental/QF_UFDTLIA/20230314-Jaroslav-Bendik-Certora/39657_1c7158801cd59dc13f05_45_QF_UFDTLIA.smt2",0,2.09314692982456,2.281,2.427,1,0,0,
"benchmark-submission/non-incremental/QF_UFDTLIA/20230314-Jaroslav-Bendik-Certora/39657_1c7158801cd59dc13f05_46_QF_UFDTLIA.smt2",0,1.65143528183716,1.891,2.04,1,0,0,
"benchmark-submission/non-incremental/QF_UFDTLIA/20230314-Jaroslav-Bendik-Certora/39657_2866defdd1f2434b69ab_47_QF_UFDTLIA.smt2",0,10.5881436877076,12.188,12.725,1,0,0,
"benchmark-submission/non-incremental/QF_UFDTLIA/20230314-Jaroslav-Bendik-Certora/39657_2866defdd1f2434b69ab_48_QF_UFDTLIA.smt2",0,5.00813426688633,5.813,6.08,1,0,0,
"benchmark-submission/non-incremental/QF_UFDTLIA/20230314-Jaroslav-Bendik-Certora/41958_32933c5a1384696720a2_61_QF_UFDTLIA.smt2",0,315.575956686291,358.719,373.201,1,0,0,
"benchmark-submission/non-incremental/QF_UFDTLIA/20230314-Jaroslav-Bendik-Certora/41958_32933c5a1384696720a2_62_QF_UFDTLIA.smt2",0,2.84109103385178,2.969,3.099,1,0,0,
"benchmark-submission/non-incremental/QF_UFDTLIA/20230314-Jaroslav-Bendik-Certora/41958_32933c5a1384696720a2_63_QF_UFDTLIA.smt2",0,1.99199256238004,1.984,2.132,1,0,0,
"benchmark-submission/non-incremental/QF_UFDTLIA/20230314-Jaroslav-Bendik-Certora/41958_45c688a4814eb926c254_59_QF_UFDTLIA.smt2",0,1.34482577665827,1.531,1.764,1,0,0,
"benchmark-submission/non-incremental/QF_UFDTLIA/20230314-Jaroslav-Bendik-Certora/41958_45c688a4814eb926c254_60_QF_UFDTLIA.smt2",0,0.786297250859106,0.766,0.916,1,0,0,
"benchmark-submission/non-incremental/QF_UFDTLIA/20230314-Jaroslav-Bendik-Certora/44289_4066055e0f64d96da11a_14_QF_UFDTLIA.smt2",0,2.23112435717625,2.281,2.457,1,0,0,
"benchmark-submission/non-incremental/QF_UFDTLIA/20230314-Jaroslav-Bendik-Certora/44289_4066055e0f64d96da11a_15_QF_UFDTLIA.smt2",0,4.40073967434472,5.297,6.724,1,0,0,
"benchmark-submission/non-incremental/QF_UFDTLIA/20230314-Jaroslav-Bendik-Certora/44289_b077fc096b3d41cba49f8628caff7fa5_16_QF_UFDTLIA.smt2",0,9.85261524822695,10.625,11.092,1,0,0,
"benchmark-submission/non-incremental/QF_UFDTLIA/20230314-Jaroslav-Bendik-Certora/44289_e5a2e5c780236919ee6a_17_QF_UFDTLIA.smt2",0,2.47320302648171,2.813,2.992,1,0,0,
"benchmark-submission/non-incremental/QF_UFDTLIA/20230314-Jaroslav-Bendik-Certora/44289_e5a2e5c780236919ee6a_18_QF_UFDTLIA.smt2",0,2.48722962533797,3.078,3.288,1,0,0,
"benchmark-submission/non-incremental/QF_UFDTLIA/20230314-Jaroslav-Bendik-Certora/44788_1965f0d6d94d5d8054ba_34_QF_UFDTLIA.smt2",0,0.14913417669017,0.172,0.279,1,0,0,
"benchmark-submission/non-incremental/QF_UFDTLIA/20230314-Jaroslav-Bendik-Certora/44788_1965f0d6d94d5d8054ba_35_QF_UFDTLIA.smt2",0,0.86681993156544,0.969,1.11,0,1,0,
"benchmark-submission/non-incremental/QF_UFDTLIA/20230314-Jaroslav-Bendik-Certora/44788_1965f0d6d94d5d8054ba_36_QF_UFDTLIA.smt2",0,23.0974817439863,25.703,26.747,0,1,0,
"benchmark-submission/non-incremental/QF_UFDTLIA/20230314-Jaroslav-Bendik-Certora/52759_af0c476fe3b544b9a8507f3e42472c43_12_QF_UFDTLIA.smt2",0,0.547988264878458,0.625,0.785,1,0,0,
"benchmark-submission/non-incremental/QF_UFDTLIA/20230314-Jaroslav-Bendik-Certora/52759_af0c476fe3b544b9a8507f3e42472c43_13_QF_UFDTLIA.smt2",0,0.677753779697624,0.75,1.394,1,0,0,
"benchmark-submission/non-incremental/QF_UFDTLIA/20230314-Jaroslav-Bendik-Certora/52759_bec3a2272267494faeecb6bfaf253e3b_10_QF_UFDTLIA.smt2",0,22.0140306122449,23.719,24.709,0,1,0,
"benchmark-submission/non-incremental/QF_UFDTLIA/20230314-Jaroslav-Bendik-Certora/52759_bec3a2272267494faeecb6bfaf253e3b_11_QF_UFDTLIA.smt2",0,7.1756772536198,7.344,7.652,1,0,0,
"benchmark-submission/non-incremental/QF_UFDTLIA/20230314-Jaroslav-Bendik-Certora/63058_55d6bef5390186355f11_26_QF_UFDTLIA.smt2",0,2.13390207715134,2.406,2.575,1,0,0,
"benchmark-submission/non-incremental/QF_UFDTLIA/20230314-Jaroslav-Bendik-Certora/63058_64ab9a7ef7b6c3492507_22_QF_UFDTLIA.smt2",0,2.9140019379845,3.234,3.447,1,0,0,
"benchmark-submission/non-incremental/QF_UFDTLIA/20230314-Jaroslav-Bendik-Certora/63058_64ab9a7ef7b6c3492507_23_QF_UFDTLIA.smt2",0,2.46801593959732,2.813,2.97,1,0,0,
"benchmark-submission/non-incremental/QF_UFDTLIA/20230314-Jaroslav-Bendik-Certora/63058_64ab9a7ef7b6c3492507_24_QF_UFDTLIA.smt2",0,2.88682102383744,3.531,3.78,1,0,0,
"benchmark-submission/non-incremental/QF_UFDTLIA/20230314-Jaroslav-Bendik-Certora/63058_aa742630eef64f949de269382c1f9035_25_UFDTLIA.smt2",0,0.160806127012522,0.172,0.279,0,1,0,
"benchmark-submission/non-incremental/QF_UFDTLIA/20230314-Jaroslav-Bendik-Certora/65782_cd31513fdcd15701933b_5_QF_UFDTLIA.smt2",0,89.9814639839929,96.734,100.679,1,0,0,
"benchmark-submission/non-incremental/QF_UFDTLIA/20230314-Jaroslav-Bendik-Certora/65782_cd31513fdcd15701933b_6_QF_UFDTLIA.smt2",0,0.0846095772217429,0.094,0.217,1,0,0,
"benchmark-submission/non-incremental/QF_UFDTLIA/20230314-Jaroslav-Bendik-Certora/65782_cd31513fdcd15701933b_7_QF_UFDTLIA.smt2",0,0.524474197745013,0.578,0.725,1,0,0,
"benchmark-submission/non-incremental/QF_UFDTLIA/20230314-Jaroslav-Bendik-Certora/65782_cd31513fdcd15701933b_8_QF_UFDTLIA.smt2",0,0.630258545135846,0.688,0.854,1,0,0,
"benchmark-submission/non-incremental/QF_UFDTLIA/20230314-Jaroslav-Bendik-Certora/66603_accdadf23a1cf70ae043_72_QF_UFDTLIA.smt2",0,5.27482232441472,6.031,6.318,0,1,0,
"benchmark-submission/non-incremental/QF_UFDTLIA/20230314-Jaroslav-Bendik-Certora/66603_accdadf23a1cf70ae043_73_QF_UFDTLIA.smt2",,899.398108340499,1000,1000,0,0,0,
"benchmark-submission/non-incremental/QF_UFDTLIA/20230314-Jaroslav-Bendik-Certora/66603_accdadf23a1cf70ae043_74_QF_UFDTLIA.smt2",0,26.6362829084831,30.469,31.681,1,0,0,
"benchmark-submission/non-incremental/QF_UFDTLIA/20230314-Jaroslav-Bendik-Certora/66603_accdadf23a1cf70ae043_75_QF_UFDTLIA.smt2",0,10.9492204899777,11.75,12.265,1,0,0,
"benchmark-submission/non-incremental/QF_UFDTLIA/20230314-Jaroslav-Bendik-Certora/66603_accdadf23a1cf70ae043_76_QF_UFDTLIA.smt2",0,16.9244204939341,18.672,19.39,0,1,0,
"benchmark-submission/non-incremental/QF_UFDTLIA/20230314-Jaroslav-Bendik-Certora/72658_63104dadde9c6026353f_70_QF_UFDTLIA.smt2",0,0.883445945945946,1.016,1.158,1,0,0,
"benchmark-submission/non-incremental/QF_UFDTLIA/20230314-Jaroslav-Bendik-Certora/72658_63104dadde9c6026353f_71_QF_UFDTLIA.smt2",,878.991596638655,1000,1000,0,0,0,
"benchmark-submission/non-incremental/QF_UFDTLIA/20230314-Jaroslav-Bendik-Certora/72771_f9d228efc97cf1458e38_64_QF_UFDTLIA.smt2",0,2.84603072983355,3.188,3.32,1,0,0,
"benchmark-submission/non-incremental/QF_UFDTLIA/20230314-Jaroslav-Bendik-Certora/83314_a702bf8b823398c9e37a_0_UFDTLIA.smt2",0,2.43892174704277,2.563,2.713,1,0,0,
"benchmark-submission/non-incremental/QF_UFDTLIA/20230314-Jaroslav-Bendik-Certora/83314_a702bf8b823398c9e37a_1_UFDTLIA.smt2",,935.599284436494,1000,1000,0,0,0,
"benchmark-submission/non-incremental/QF_UFDTLIA/20230314-Jaroslav-Bendik-Certora/83314_a702bf8b823398c9e37a_2_UFDTLIA.smt2",,908.774978279757,1000,1000,0,0,0,
"benchmark-submission/non-incremental/QF_UFDTLIA/20230314-Jaroslav-Bendik-Certora/83314_a702bf8b823398c9e37a_3_UFDTLIA.smt2",0,74.5692657497782,80.344,83.759,0,1,0,
"benchmark-submission/non-incremental/QF_UFDTLIA/20230314-Jaroslav-Bendik-Certora/83314_a702bf8b823398c9e37a_4_UFDTLIA.smt2",,872.393661384487,1000,1000,0,0,0,
"benchmark-submission/non-incremental/QF_UFDTLIA/20230314-Jaroslav-Bendik-Certora/93493_1fdb6cc8eb9c4363b5838af9eb8c7f1f_53_QF_UFDTLIA.smt2",0,8.56556731202161,9.094,9.495,1,0,0,
"benchmark-submission/non-incremental/QF_UFDTLIA/20230314-Jaroslav-Bendik-Certora/93493_27ab26d56d60426da02e50231269b6ff_51_QF_UFDTLIA.smt2",0,16.7323998748436,19.172,21.04,1,0,0,
"benchmark-submission/non-incremental/QF_UFDTLIA/20230314-Jaroslav-Bendik-Certora/93493_4ea6163ed03941199c785278ccc42812_49_QF_UFDTLIA.smt2",,932.263814616756,1000,1000,0,0,0,
"benchmark-submission/non-incremental/QF_UFDTLIA/20230314-Jaroslav-Bendik-Certora/93493_5990a6bf5f2740164f77_50_QF_UFDTLIA.smt2",0,31.9228091347939,41.094,42.788,1,0,0,
"benchmark-submission/non-incremental/QF_UFDTLIA/20230314-Jaroslav-Bendik-Certora/93493_798593962ee29ad45ac8_52_QF_UFDTLIA.smt2",,863.748967795211,1000,1000,0,0,0,
"benchmark-submission/non-incremental/QF_UFDTLIA/20230314-Jaroslav-Bendik-Certora/940_590f27b1c3c800d3243e_29_QF_UFDTLIA.smt2",0,40.3651356669428,46.578,48.46,1,0,0,
"benchmark-submission/non-incremental/QF_UFDTLIA/20230314-Jaroslav-Bendik-Certora/940_590f27b1c3c800d3243e_30_QF_UFDTLIA.smt2",,888.700084961767,1000,1000,0,0,0,
"benchmark-submission/non-incremental/QF_UFDTLIA/20230314-Jaroslav-Bendik-Certora/940_590f27b1c3c800d3243e_31_QF_UFDTLIA.smt2",,908.774978279757,1000,1000,0,0,0,
"benchmark-submission/non-incremental/QF_UFDTLIA/20230314-Jaroslav-Bendik-Certora/940_590f27b1c3c800d3243e_32_QF_UFDTLIA.smt2",,816.86841077704,1000,1000,0,0,0,
"benchmark-submission/non-incremental/QF_UFDTLIA/20230314-Jaroslav-Bendik-Certora/940_590f27b1c3c800d3243e_33_QF_UFDTLIA.smt2",,888.700084961767,1000,1000,0,0,0,
"benchmark-submission/non-incremental/QF_UFDTNIA/20230314-Jaroslav-Bendik-Certora/11775_ad46e5b8db4748c51973_42_QF_UFDTNIA.smt2",-1073741819,10000,0.688,2.635,0,0,0,
"benchmark-submission/non-incremental/QF_UFDTNIA/20230314-Jaroslav-Bendik-Certora/11775_ad46e5b8db4748c51973_43_QF_UFDTNIA.smt2",-1073741819,10000,0.344,2.915,0,0,0,
"benchmark-submission/non-incremental/QF_UFDTNIA/20230314-Jaroslav-Bendik-Certora/17512_5c1021b0faa6b6e1791b_19_QF_UFDTNIA.smt2",0,0.89359647385103,1.078,1.278,0,1,0,
"benchmark-submission/non-incremental/QF_UFDTNIA/20230314-Jaroslav-Bendik-Certora/17512_5c1021b0faa6b6e1791b_20_QF_UFDTNIA.smt2",0,160.01161216977,176.609,183.875,0,1,0,
"benchmark-submission/non-incremental/QF_UFDTNIA/20230314-Jaroslav-Bendik-Certora/17512_5c1021b0faa6b6e1791b_21_QF_UFDTNIA.smt2",0,5.7358914644714,6.328,6.661,0,1,0,
"benchmark-submission/non-incremental/QF_UFDTNIA/20230314-Jaroslav-Bendik-Certora/25959_5dee2e2f6ef44465a2bea4b085818948_65_QF_UFDTNIA.smt2",-1073741819,10000,10.453,14.237,0,0,0,
"benchmark-submission/non-incremental/QF_UFDTNIA/20230314-Jaroslav-Bendik-Certora/25959_5dee2e2f6ef44465a2bea4b085818948_66_QF_UFDTNIA.smt2",-1073741819,10000,1.75,5.786,0,0,0,
"benchmark-submission/non-incremental/QF_UFDTNIA/20230314-Jaroslav-Bendik-Certora/25959_5dee2e2f6ef44465a2bea4b085818948_67_QF_UFDTNIA.smt2",-1073741819,10000,4.984,7.812,0,0,0,
"benchmark-submission/non-incremental/QF_UFDTNIA/20230314-Jaroslav-Bendik-Certora/25959_5dee2e2f6ef44465a2bea4b085818948_68_QF_UFDTNIA.smt2",-1073741819,10000,2.313,4.626,0,0,0,
"benchmark-submission/non-incremental/QF_UFDTNIA/20230314-Jaroslav-Bendik-Certora/25959_5dee2e2f6ef44465a2bea4b085818948_69_QF_UFDTNIA.smt2",-1073741819,10000,1.922,4.138,0,0,0,
"benchmark-submission/non-incremental/QF_UFDTNIA/20230314-Jaroslav-Bendik-Certora/30078_f817a923328f75af7e60_27_QF_UFDTNIA.smt2",0,17.1152207167832,18.719,19.478,0,1,0,
"benchmark-submission/non-incremental/QF_UFDTNIA/20230314-Jaroslav-Bendik-Certora/30078_f817a923328f75af7e60_28_QF_UFDTNIA.smt2",0,24.6166905918728,26.641,27.736,0,1,0,
"benchmark-submission/non-incremental/QF_UFDTNIA/20230314-Jaroslav-Bendik-Certora/3106_1c933134166dbad31f79_38_QF_UFDTNIA.smt2",,966.728280961183,1000,1000,0,0,0,
"benchmark-submission/non-incremental/QF_UFDTNIA/20230314-Jaroslav-Bendik-Certora/3106_1c933134166dbad31f79_39_QF_UFDTNIA.smt2",0,11.8763666947014,13.5,14.11,1,0,0,
"benchmark-submission/non-incremental/QF_UFDTNIA/20230314-Jaroslav-Bendik-Certora/3106_1c933134166dbad31f79_40_QF_UFDTNIA.smt2",0,0.194238115449915,0.219,0.234,1,0,0,
"benchmark-submission/non-incremental/QF_UFDTNIA/20230314-Jaroslav-Bendik-Certora/3106_1c933134166dbad31f79_41_QF_UFDTNIA.smt2",0,4.57421701466015,4.922,5.104,1,0,0,
"benchmark-submission/non-incremental/QF_UFDTNIA/20230314-Jaroslav-Bendik-Certora/3106_afb7bc55417e43d7a22790c3576f04fc_37_QF_UFDTNIA.smt2",0,10.3732066381156,11.578,12.074,1,0,0,
"benchmark-submission/non-incremental/QF_UFDTNIA/20230314-Jaroslav-Bendik-Certora/38347_092cc73601c78e45f4f9_55_QF_UFDTNIA.smt2",0,146.676083996649,167.359,174.197,0,1,0,
"benchmark-submission/non-incremental/QF_UFDTNIA/20230314-Jaroslav-Bendik-Certora/38347_092cc73601c78e45f4f9_56_QF_UFDTNIA.smt2",-1073741819,10000,1.531,4.219,0,0,0,
"benchmark-submission/non-incremental/QF_UFDTNIA/20230314-Jaroslav-Bendik-Certora/38347_092cc73601c78e45f4f9_57_QF_UFDTNIA.smt2",,1023.98433675967,1000,1000,0,0,0,
"benchmark-submission/non-incremental/QF_UFDTNIA/20230314-Jaroslav-Bendik-Certora/38347_092cc73601c78e45f4f9_58_QF_UFDTNIA.smt2",0,0.844806163021869,1.016,1.203,1,0,0,
"benchmark-submission/non-incremental/QF_UFDTNIA/20230314-Jaroslav-Bendik-Certora/38347_525a1ca0331f2bcbf520_54_QF_UFDTNIA.smt2",,843.548387096774,1000,1000,0,0,0,
"benchmark-submission/non-incremental/QF_UFDTNIA/20230314-Jaroslav-Bendik-Certora/39657_1c7158801cd59dc13f05_44_QF_UFDTNIA.smt2",0,4.29844080338266,4.859,5.235,1,0,0,
"benchmark-submission/non-incremental/QF_UFDTNIA/20230314-Jaroslav-Bendik-Certora/39657_1c7158801cd59dc13f05_45_QF_UFDTNIA.smt2",0,7.25946508323183,8.547,8.917,1,0,0,
"benchmark-submission/non-incremental/QF_UFDTNIA/20230314-Jaroslav-Bendik-Certora/39657_1c7158801cd59dc13f05_46_QF_UFDTNIA.smt2",0,6.83401727861771,7.563,8.112,1,0,0,
"benchmark-submission/non-incremental/QF_UFDTNIA/20230314-Jaroslav-Bendik-Certora/39657_2866defdd1f2434b69ab_47_QF_UFDTNIA.smt2",0,0.322308956450288,0.375,0.531,1,0,0,
"benchmark-submission/non-incremental/QF_UFDTNIA/20230314-Jaroslav-Bendik-Certora/39657_2866defdd1f2434b69ab_48_QF_UFDTNIA.smt2",0,0.272395833333333,0.313,0.442,1,0,0,
"benchmark-submission/non-incremental/QF_UFDTNIA/20230314-Jaroslav-Bendik-Certora/41958_32933c5a1384696720a2_61_QF_UFDTNIA.smt2",0,2.96912588137702,3.422,3.637,1,0,0,
"benchmark-submission/non-incremental/QF_UFDTNIA/20230314-Jaroslav-Bendik-Certora/41958_32933c5a1384696720a2_62_QF_UFDTNIA.smt2",-1073741819,10000,1.953,4.43,0,0,0,
"benchmark-submission/non-incremental/QF_UFDTNIA/20230314-Jaroslav-Bendik-Certora/41958_32933c5a1384696720a2_63_QF_UFDTNIA.smt2",-1073741819,10000,1.516,4.009,0,0,0,
"benchmark-submission/non-incremental/QF_UFDTNIA/20230314-Jaroslav-Bendik-Certora/41958_45c688a4814eb926c254_59_QF_UFDTNIA.smt2",0,0.439043544194107,0.484,0.602,1,0,0,
"benchmark-submission/non-incremental/QF_UFDTNIA/20230314-Jaroslav-Bendik-Certora/41958_45c688a4814eb926c254_60_QF_UFDTNIA.smt2",0,0.315357592281879,0.359,0.531,1,0,0,
"benchmark-submission/non-incremental/QF_UFDTNIA/20230314-Jaroslav-Bendik-Certora/44289_4066055e0f64d96da11a_14_QF_UFDTNIA.smt2",0,1.86440808370948,2.172,2.341,1,0,0,
"benchmark-submission/non-incremental/QF_UFDTNIA/20230314-Jaroslav-Bendik-Certora/44289_4066055e0f64d96da11a_15_QF_UFDTNIA.smt2",0,5.37648986889154,6.469,8.714,1,0,0,
"benchmark-submission/non-incremental/QF_UFDTNIA/20230314-Jaroslav-Bendik-Certora/44289_b077fc096b3d41cba49f8628caff7fa5_16_QF_UFDTNIA.smt2",-1073741819,10000,2.125,4.182,0,0,0,
"benchmark-submission/non-incremental/QF_UFDTNIA/20230314-Jaroslav-Bendik-Certora/44289_e5a2e5c780236919ee6a_17_QF_UFDTNIA.smt2",0,2.20842355998268,2.438,2.609,1,0,0,
"benchmark-submission/non-incremental/QF_UFDTNIA/20230314-Jaroslav-Bendik-Certora/44289_e5a2e5c780236919ee6a_18_QF_UFDTNIA.smt2",0,2.98005698005698,3.5,3.686,1,0,0,
"benchmark-submission/non-incremental/QF_UFDTNIA/20230314-Jaroslav-Bendik-Certora/44788_1965f0d6d94d5d8054ba_34_QF_UFDTNIA.smt2",-1073741819,10000,0.281,2.417,0,0,0,
"benchmark-submission/non-incremental/QF_UFDTNIA/20230314-Jaroslav-Bendik-Certora/44788_1965f0d6d94d5d8054ba_35_QF_UFDTNIA.smt2",-1073741819,10000,1.609,4.621,0,0,0,
"benchmark-submission/non-incremental/QF_UFDTNIA/20230314-Jaroslav-Bendik-Certora/44788_1965f0d6d94d5d8054ba_36_QF_UFDTNIA.smt2",-1073741819,10000,1.094,3.275,0,0,0,
"benchmark-submission/non-incremental/QF_UFDTNIA/20230314-Jaroslav-Bendik-Certora/52759_af0c476fe3b544b9a8507f3e42472c43_12_QF_UFDTNIA.smt2",0,0.311174816096928,0.344,0.496,1,0,0,
"benchmark-submission/non-incremental/QF_UFDTNIA/20230314-Jaroslav-Bendik-Certora/52759_af0c476fe3b544b9a8507f3e42472c43_13_QF_UFDTNIA.smt2",0,0.810061955025241,0.844,1.265,1,0,0,
"benchmark-submission/non-incremental/QF_UFDTNIA/20230314-Jaroslav-Bendik-Certora/52759_bec3a2272267494faeecb6bfaf253e3b_10_QF_UFDTNIA.smt2",-1073741819,10000,3.563,5.216,0,0,0,
"benchmark-submission/non-incremental/QF_UFDTNIA/20230314-Jaroslav-Bendik-Certora/52759_bec3a2272267494faeecb6bfaf253e3b_11_QF_UFDTNIA.smt2",0,2.1345777100566,2.344,2.617,1,0,0,
"benchmark-submission/non-incremental/QF_UFDTNIA/20230314-Jaroslav-Bendik-Certora/63058_55d6bef5390186355f11_26_QF_UFDTNIA.smt2",0,4.04882328654005,4.688,4.868,1,0,0,
"benchmark-submission/non-incremental/QF_UFDTNIA/20230314-Jaroslav-Bendik-Certora/63058_64ab9a7ef7b6c3492507_22_QF_UFDTNIA.smt2",0,3.9020046221865,4.641,5.043,1,0,0,
"benchmark-submission/non-incremental/QF_UFDTNIA/20230314-Jaroslav-Bendik-Certora/63058_64ab9a7ef7b6c3492507_23_QF_UFDTNIA.smt2",0,4.74867771509168,4.828,5.055,1,0,0,
"benchmark-submission/non-incremental/QF_UFDTNIA/20230314-Jaroslav-Bendik-Certora/63058_64ab9a7ef7b6c3492507_24_QF_UFDTNIA.smt2",0,4.37213098535813,5.281,5.565,1,0,0,
"benchmark-submission/non-incremental/QF_UFDTNIA/20230314-Jaroslav-Bendik-Certora/63058_aa742630eef64f949de269382c1f9035_25_UFDTNIA.smt2",0,0.191555043951444,0.219,0.381,0,1,0,
"benchmark-submission/non-incremental/QF_UFDTNIA/20230314-Jaroslav-Bendik-Certora/65782_cd31513fdcd15701933b_5_QF_UFDTNIA.smt2",-1073741819,10000,0.703,3.005,0,0,0,
"benchmark-submission/non-incremental/QF_UFDTNIA/20230314-Jaroslav-Bendik-Certora/65782_cd31513fdcd15701933b_6_QF_UFDTNIA.smt2",0,0.0858690893169877,0.094,0.188,1,0,0,
"benchmark-submission/non-incremental/QF_UFDTNIA/20230314-Jaroslav-Bendik-Certora/65782_cd31513fdcd15701933b_7_QF_UFDTNIA.smt2",-1073741819,10000,0.906,5.051,0,0,0,
"benchmark-submission/non-incremental/QF_UFDTNIA/20230314-Jaroslav-Bendik-Certora/65782_cd31513fdcd15701933b_8_QF_UFDTNIA.smt2",-1073741819,10000,1.266,3.725,0,0,0,
"benchmark-submission/non-incremental/QF_UFDTNIA/20230314-Jaroslav-Bendik-Certora/66603_accdadf23a1cf70ae043_72_QF_UFDTNIA.smt2",0,5.03194273399015,5.859,6.121,0,1,0,
"benchmark-submission/non-incremental/QF_UFDTNIA/20230314-Jaroslav-Bendik-Certora/66603_accdadf23a1cf70ae043_73_QF_UFDTNIA.smt2",-1073741819,10000,7.609,9.904,0,0,0,
"benchmark-submission/non-incremental/QF_UFDTNIA/20230314-Jaroslav-Bendik-Certora/66603_accdadf23a1cf70ae043_74_QF_UFDTNIA.smt2",-1073741819,10000,13.203,15.366,0,0,0,
"benchmark-submission/non-incremental/QF_UFDTNIA/20230314-Jaroslav-Bendik-Certora/66603_accdadf23a1cf70ae043_75_QF_UFDTNIA.smt2",-1073741819,10000,10.313,13.624,0,0,0,
"benchmark-submission/non-incremental/QF_UFDTNIA/20230314-Jaroslav-Bendik-Certora/66603_accdadf23a1cf70ae043_76_QF_UFDTNIA.smt2",0,13.9573619631902,16.313,17.014,0,1,0,
"benchmark-submission/non-incremental/QF_UFDTNIA/20230314-Jaroslav-Bendik-Certora/72658_63104dadde9c6026353f_70_QF_UFDTNIA.smt2",-1073741819,10000,0.078,2.047,0,0,0,
"benchmark-submission/non-incremental/QF_UFDTNIA/20230314-Jaroslav-Bendik-Certora/72658_63104dadde9c6026353f_71_QF_UFDTNIA.smt2",-1073741819,10000,0.563,2.694,0,0,0,
"benchmark-submission/non-incremental/QF_UFDTNIA/20230314-Jaroslav-Bendik-Certora/72771_f9d228efc97cf1458e38_64_QF_UFDTNIA.smt2",0,2.26288015206082,2.703,2.869,1,0,0,
"benchmark-submission/non-incremental/QF_UFDTNIA/20230314-Jaroslav-Bendik-Certora/83314_a702bf8b823398c9e37a_0_UFDTNIA.smt2",-1073741819,10000,0.406,3.42,0,0,0,
"benchmark-submission/non-incremental/QF_UFDTNIA/20230314-Jaroslav-Bendik-Certora/83314_a702bf8b823398c9e37a_1_UFDTNIA.smt2",-1073741819,10000,1.5,35.298,0,0,0,
"benchmark-submission/non-incremental/QF_UFDTNIA/20230314-Jaroslav-Bendik-Certora/83314_a702bf8b823398c9e37a_2_UFDTNIA.smt2",0,4.09581486704271,4.859,5.185,1,0,0,
"benchmark-submission/non-incremental/QF_UFDTNIA/20230314-Jaroslav-Bendik-Certora/83314_a702bf8b823398c9e37a_3_UFDTNIA.smt2",-1073741819,10000,0.703,1.945,0,0,0,
"benchmark-submission/non-incremental/QF_UFDTNIA/20230314-Jaroslav-Bendik-Certora/83314_a702bf8b823398c9e37a_4_UFDTNIA.smt2",-1073741819,10000,12.578,15.315,0,0,0,
"benchmark-submission/non-incremental/QF_UFDTNIA/20230314-Jaroslav-Bendik-Certora/93493_1fdb6cc8eb9c4363b5838af9eb8c7f1f_53_QF_UFDTNIA.smt2",-1073741819,10000,8.922,10.825,0,0,0,
"benchmark-submission/non-incremental/QF_UFDTNIA/20230314-Jaroslav-Bendik-Certora/93493_27ab26d56d60426da02e50231269b6ff_51_QF_UFDTNIA.smt2",0,3.81928976162564,4.672,4.949,1,0,0,
"benchmark-submission/non-incremental/QF_UFDTNIA/20230314-Jaroslav-Bendik-Certora/93493_4ea6163ed03941199c785278ccc42812_49_QF_UFDTNIA.smt2",-1073741819,10000,77.766,83.13,0,0,0,
"benchmark-submission/non-incremental/QF_UFDTNIA/20230314-Jaroslav-Bendik-Certora/93493_5990a6bf5f2740164f77_50_QF_UFDTNIA.smt2",-1073741819,10000,240.156,252.041,0,0,0,
"benchmark-submission/non-incremental/QF_UFDTNIA/20230314-Jaroslav-Bendik-Certora/93493_798593962ee29ad45ac8_52_QF_UFDTNIA.smt2",-1073741819,10000,4.156,6.462,0,0,0,
"benchmark-submission/non-incremental/QF_UFDTNIA/20230314-Jaroslav-Bendik-Certora/940_590f27b1c3c800d3243e_29_QF_UFDTNIA.smt2",-1073741819,10000,11.313,14.182,0,0,0,
"benchmark-submission/non-incremental/QF_UFDTNIA/20230314-Jaroslav-Bendik-Certora/940_590f27b1c3c800d3243e_30_QF_UFDTNIA.smt2",-1073741819,10000,12.953,16.082,0,0,0,
"benchmark-submission/non-incremental/QF_UFDTNIA/20230314-Jaroslav-Bendik-Certora/940_590f27b1c3c800d3243e_31_QF_UFDTNIA.smt2",-1073741819,10000,4.422,6.74,0,0,0,
"benchmark-submission/non-incremental/QF_UFDTNIA/20230314-Jaroslav-Bendik-Certora/940_590f27b1c3c800d3243e_32_QF_UFDTNIA.smt2",-1073741819,10000,152.484,160.883,0,0,0,
"benchmark-submission/non-incremental/QF_UFDTNIA/20230314-Jaroslav-Bendik-Certora/940_590f27b1c3c800d3243e_33_QF_UFDTNIA.smt2",-1073741819,10000,17.641,20.902,0,0,0,
"benchmark-submission/non-incremental/QF_UFLIA/20230314-Jaroslav-Bendik-Certora/11775_ad46e5b8db4748c51973_42_QF_UFLIA.smt2",0,1.83836951159349,1.781,1.988,1,0,0,
"benchmark-submission/non-incremental/QF_UFLIA/20230314-Jaroslav-Bendik-Certora/11775_ad46e5b8db4748c51973_43_QF_UFLIA.smt2",0,0.77399577167019,0.875,0.989,1,0,0,
"benchmark-submission/non-incremental/QF_UFLIA/20230314-Jaroslav-Bendik-Certora/17512_5c1021b0faa6b6e1791b_19_QF_UFLIA.smt2",0,22.8177105831533,25.25,26.293,0,1,0,
"benchmark-submission/non-incremental/QF_UFLIA/20230314-Jaroslav-Bendik-Certora/17512_5c1021b0faa6b6e1791b_20_QF_UFLIA.smt2",,1006.73724735322,1000,1000,0,0,0,
"benchmark-submission/non-incremental/QF_UFLIA/20230314-Jaroslav-Bendik-Certora/17512_5c1021b0faa6b6e1791b_21_QF_UFLIA.smt2",0,5.85824069872958,6.172,6.453,0,1,0,
"benchmark-submission/non-incremental/QF_UFLIA/20230314-Jaroslav-Bendik-Certora/25959_5dee2e2f6ef44465a2bea4b085818948_65_QF_UFLIA.smt2",,884.940778341794,1000,1000,0,0,0,
"benchmark-submission/non-incremental/QF_UFLIA/20230314-Jaroslav-Bendik-Certora/25959_5dee2e2f6ef44465a2bea4b085818948_66_QF_UFLIA.smt2",,974.382859804378,1000,1000,0,0,0,
"benchmark-submission/non-incremental/QF_UFLIA/20230314-Jaroslav-Bendik-Certora/25959_5dee2e2f6ef44465a2bea4b085818948_67_QF_UFLIA.smt2",,854.575163398693,1000,1000,0,0,0,
"benchmark-submission/non-incremental/QF_UFLIA/20230314-Jaroslav-Bendik-Certora/25959_5dee2e2f6ef44465a2bea4b085818948_68_QF_UFLIA.smt2",,884.566596194503,1000,1000,0,0,0,
"benchmark-submission/non-incremental/QF_UFLIA/20230314-Jaroslav-Bendik-Certora/25959_5dee2e2f6ef44465a2bea4b085818948_69_QF_UFLIA.smt2",,933.095450490633,1000,1000,0,0,0,
"benchmark-submission/non-incremental/QF_UFLIA/20230314-Jaroslav-Bendik-Certora/30078_f817a923328f75af7e60_27_QF_UFLIA.smt2",0,40.71875,40.719,42.307,0,1,0,
"benchmark-submission/non-incremental/QF_UFLIA/20230314-Jaroslav-Bendik-Certora/30078_f817a923328f75af7e60_28_QF_UFLIA.smt2",0,50.6313374125874,55.375,57.627,0,1,0,
"benchmark-submission/non-incremental/QF_UFLIA/20230314-Jaroslav-Bendik-Certora/3106_1c933134166dbad31f79_38_QF_UFLIA.smt2",,936.017897091723,1000,1000,0,0,0,
"benchmark-submission/non-incremental/QF_UFLIA/20230314-Jaroslav-Bendik-Certora/3106_1c933134166dbad31f79_39_QF_UFLIA.smt2",0,36.7538192928852,40.25,41.943,1,0,0,
"benchmark-submission/non-incremental/QF_UFLIA/20230314-Jaroslav-Bendik-Certora/3106_1c933134166dbad31f79_40_QF_UFLIA.smt2",0,0.188275365529464,0.203,0.371,1,0,0,
"benchmark-submission/non-incremental/QF_UFLIA/20230314-Jaroslav-Bendik-Certora/3106_1c933134166dbad31f79_41_QF_UFLIA.smt2",0,4.25808791917455,4.734,4.957,1,0,0,
"benchmark-submission/non-incremental/QF_UFLIA/20230314-Jaroslav-Bendik-Certora/3106_afb7bc55417e43d7a22790c3576f04fc_37_QF_UFLIA.smt2",,914.735461303017,1000,1000,0,0,0,
"benchmark-submission/non-incremental/QF_UFLIA/20230314-Jaroslav-Bendik-Certora/38347_092cc73601c78e45f4f9_55_QF_UFLIA.smt2",,898.239587805925,1000,1000,0,0,0,
"benchmark-submission/non-incremental/QF_UFLIA/20230314-Jaroslav-Bendik-Certora/38347_092cc73601c78e45f4f9_56_QF_UFLIA.smt2",0,108.68283817952,123.281,128.278,1,0,0,
"benchmark-submission/non-incremental/QF_UFLIA/20230314-Jaroslav-Bendik-Certora/38347_092cc73601c78e45f4f9_57_QF_UFLIA.smt2",,900.947459086994,1000,1000,0,0,0,
"benchmark-submission/non-incremental/QF_UFLIA/20230314-Jaroslav-Bendik-Certora/38347_092cc73601c78e45f4f9_58_QF_UFLIA.smt2",0,0.810549380076956,0.906,1.084,1,0,0,
"benchmark-submission/non-incremental/QF_UFLIA/20230314-Jaroslav-Bendik-Certora/38347_525a1ca0331f2bcbf520_54_QF_UFLIA.smt2",,917.141604559404,1000,1000,0,0,0,
"benchmark-submission/non-incremental/QF_UFLIA/20230314-Jaroslav-Bendik-Certora/39657_1c7158801cd59dc13f05_44_QF_UFLIA.smt2",0,3.79923590185105,4.219,4.433,1,0,0,
"benchmark-submission/non-incremental/QF_UFLIA/20230314-Jaroslav-Bendik-Certora/39657_1c7158801cd59dc13f05_45_QF_UFLIA.smt2",0,3.46152604390874,3.844,4.059,1,0,0,
"benchmark-submission/non-incremental/QF_UFLIA/20230314-Jaroslav-Bendik-Certora/39657_1c7158801cd59dc13f05_46_QF_UFLIA.smt2",0,7.31133709422011,8.828,9.279,1,0,0,
"benchmark-submission/non-incremental/QF_UFLIA/20230314-Jaroslav-Bendik-Certora/39657_2866defdd1f2434b69ab_47_QF_UFLIA.smt2",0,23.9422942001871,24.469,25.517,1,0,0,
"benchmark-submission/non-incremental/QF_UFLIA/20230314-Jaroslav-Bendik-Certora/39657_2866defdd1f2434b69ab_48_QF_UFLIA.smt2",0,7.5077296819788,8.125,8.463,1,0,0,
"benchmark-submission/non-incremental/QF_UFLIA/20230314-Jaroslav-Bendik-Certora/41958_32933c5a1384696720a2_61_QF_UFLIA.smt2",0,30.0750994035785,36.156,37.651,1,0,0,
"benchmark-submission/non-incremental/QF_UFLIA/20230314-Jaroslav-Bendik-Certora/41958_32933c5a1384696720a2_62_QF_UFLIA.smt2",0,12.13256006628,14,14.63,1,0,0,
"benchmark-submission/non-incremental/QF_UFLIA/20230314-Jaroslav-Bendik-Certora/41958_32933c5a1384696720a2_63_QF_UFLIA.smt2",0,5.86738308927728,5.938,6.212,1,0,0,
"benchmark-submission/non-incremental/QF_UFLIA/20230314-Jaroslav-Bendik-Certora/41958_45c688a4814eb926c254_59_QF_UFLIA.smt2",0,4.72556672369547,5.281,5.535,1,0,0,
"benchmark-submission/non-incremental/QF_UFLIA/20230314-Jaroslav-Bendik-Certora/41958_45c688a4814eb926c254_60_QF_UFLIA.smt2",0,1.8941201533873,2.125,2.279,1,0,0,
"benchmark-submission/non-incremental/QF_UFLIA/20230314-Jaroslav-Bendik-Certora/44289_4066055e0f64d96da11a_14_QF_UFLIA.smt2",0,7.57464349376114,8.125,8.493,1,0,0,
"benchmark-submission/non-incremental/QF_UFLIA/20230314-Jaroslav-Bendik-Certora/44289_4066055e0f64d96da11a_15_QF_UFLIA.smt2",0,83.4987623762376,92.719,96.364,1,0,0,
"benchmark-submission/non-incremental/QF_UFLIA/20230314-Jaroslav-Bendik-Certora/44289_b077fc096b3d41cba49f8628caff7fa5_16_QF_UFLIA.smt2",,918.752744839701,1000,1000,0,0,0,
"benchmark-submission/non-incremental/QF_UFLIA/20230314-Jaroslav-Bendik-Certora/44289_e5a2e5c780236919ee6a_17_QF_UFLIA.smt2",0,7.7072533444816,8.813,9.177,1,0,0,
"benchmark-submission/non-incremental/QF_UFLIA/20230314-Jaroslav-Bendik-Certora/44289_e5a2e5c780236919ee6a_18_QF_UFLIA.smt2",0,6.56170300287947,7.625,7.989,1,0,0,
"benchmark-submission/non-incremental/QF_UFLIA/20230314-Jaroslav-Bendik-Certora/44788_1965f0d6d94d5d8054ba_34_QF_UFLIA.smt2",0,0.18917941298057,0.219,0.376,1,0,0,
"benchmark-submission/non-incremental/QF_UFLIA/20230314-Jaroslav-Bendik-Certora/44788_1965f0d6d94d5d8054ba_35_QF_UFLIA.smt2",0,0.767871607938437,0.906,1.023,0,1,0,
"benchmark-submission/non-incremental/QF_UFLIA/20230314-Jaroslav-Bendik-Certora/44788_1965f0d6d94d5d8054ba_36_QF_UFLIA.smt2",,887.568943572338,1000,1000,0,0,0,
"benchmark-submission/non-incremental/QF_UFLIA/20230314-Jaroslav-Bendik-Certora/52759_af0c476fe3b544b9a8507f3e42472c43_12_QF_UFLIA.smt2",0,20.1544689119171,22.313,23.203,1,0,0,
"benchmark-submission/non-incremental/QF_UFLIA/20230314-Jaroslav-Bendik-Certora/52759_af0c476fe3b544b9a8507f3e42472c43_13_QF_UFLIA.smt2",0,8.89066502988898,9.953,10.406,1,0,0,
"benchmark-submission/non-incremental/QF_UFLIA/20230314-Jaroslav-Bendik-Certora/52759_bec3a2272267494faeecb6bfaf253e3b_10_QF_UFLIA.smt2",,891.730605285592,1000,1000,0,0,0,
"benchmark-submission/non-incremental/QF_UFLIA/20230314-Jaroslav-Bendik-Certora/52759_bec3a2272267494faeecb6bfaf253e3b_11_QF_UFLIA.smt2",0,24.2947635135135,25.781,26.881,1,0,0,
"benchmark-submission/non-incremental/QF_UFLIA/20230314-Jaroslav-Bendik-Certora/63058_55d6bef5390186355f11_26_QF_UFLIA.smt2",0,17.4147872340426,19.563,20.396,1,0,0,
"benchmark-submission/non-incremental/QF_UFLIA/20230314-Jaroslav-Bendik-Certora/63058_64ab9a7ef7b6c3492507_22_QF_UFLIA.smt2",0,13.2426964576547,15.547,16.267,1,0,0,
"benchmark-submission/non-incremental/QF_UFLIA/20230314-Jaroslav-Bendik-Certora/63058_64ab9a7ef7b6c3492507_23_QF_UFLIA.smt2",0,19.3426704800359,20.609,21.491,1,0,0,
"benchmark-submission/non-incremental/QF_UFLIA/20230314-Jaroslav-Bendik-Certora/63058_64ab9a7ef7b6c3492507_24_QF_UFLIA.smt2",0,19.6152205576363,22.531,23.454,1,0,0,
"benchmark-submission/non-incremental/QF_UFLIA/20230314-Jaroslav-Bendik-Certora/63058_aa742630eef64f949de269382c1f9035_25_UFLIA.smt2",0,0.165996614473127,0.188,0.284,0,1,0,
"benchmark-submission/non-incremental/QF_UFLIA/20230314-Jaroslav-Bendik-Certora/65782_cd31513fdcd15701933b_5_QF_UFLIA.smt2",,891.730605285592,1000,1000,0,0,0,
"benchmark-submission/non-incremental/QF_UFLIA/20230314-Jaroslav-Bendik-Certora/65782_cd31513fdcd15701933b_6_QF_UFLIA.smt2",0,0.109277058086084,0.125,0.239,1,0,0,
"benchmark-submission/non-incremental/QF_UFLIA/20230314-Jaroslav-Bendik-Certora/65782_cd31513fdcd15701933b_7_QF_UFLIA.smt2",0,0.254013292433538,0.297,0.417,1,0,0,
"benchmark-submission/non-incremental/QF_UFLIA/20230314-Jaroslav-Bendik-Certora/65782_cd31513fdcd15701933b_8_QF_UFLIA.smt2",0,0.931770030816641,1.156,1.324,1,0,0,
"benchmark-submission/non-incremental/QF_UFLIA/20230314-Jaroslav-Bendik-Certora/66603_accdadf23a1cf70ae043_72_QF_UFLIA.smt2",0,11.7393256185156,14.063,14.569,0,1,0,
"benchmark-submission/non-incremental/QF_UFLIA/20230314-Jaroslav-Bendik-Certora/66603_accdadf23a1cf70ae043_73_QF_UFLIA.smt2",,880.47138047138,1000,1000,0,0,0,
"benchmark-submission/non-incremental/QF_UFLIA/20230314-Jaroslav-Bendik-Certora/66603_accdadf23a1cf70ae043_74_QF_UFLIA.smt2",,876.046901172529,1000,1000,0,0,0,
"benchmark-submission/non-incremental/QF_UFLIA/20230314-Jaroslav-Bendik-Certora/66603_accdadf23a1cf70ae043_75_QF_UFLIA.smt2",,926.483613817538,1000,1000,0,0,0,
"benchmark-submission/non-incremental/QF_UFLIA/20230314-Jaroslav-Bendik-Certora/66603_accdadf23a1cf70ae043_76_QF_UFLIA.smt2",0,46.093047752809,50.984,53.031,0,1,0,
"benchmark-submission/non-incremental/QF_UFLIA/20230314-Jaroslav-Bendik-Certora/72658_63104dadde9c6026353f_70_QF_UFLIA.smt2",0,18.7198409191339,20.25,21.089,1,0,0,
"benchmark-submission/non-incremental/QF_UFLIA/20230314-Jaroslav-Bendik-Certora/72658_63104dadde9c6026353f_71_QF_UFLIA.smt2",,1004.80307396734,1000,1000,0,0,0,
"benchmark-submission/non-incremental/QF_UFLIA/20230314-Jaroslav-Bendik-Certora/72771_f9d228efc97cf1458e38_64_QF_UFLIA.smt2",0,19.1762889948007,21.156,22.043,1,0,0,
"benchmark-submission/non-incremental/QF_UFLIA/20230314-Jaroslav-Bendik-Certora/83314_a702bf8b823398c9e37a_0_UFLIA.smt2",0,26.8760821368243,30.422,31.705,1,0,0,
"benchmark-submission/non-incremental/QF_UFLIA/20230314-Jaroslav-Bendik-Certora/83314_a702bf8b823398c9e37a_1_UFLIA.smt2",,876.413908671973,1000,1000,0,0,0,
"benchmark-submission/non-incremental/QF_UFLIA/20230314-Jaroslav-Bendik-Certora/83314_a702bf8b823398c9e37a_2_UFLIA.smt2",,837.469975980785,1000,1000,0,0,0,
"benchmark-submission/non-incremental/QF_UFLIA/20230314-Jaroslav-Bendik-Certora/83314_a702bf8b823398c9e37a_3_UFLIA.smt2",,908.774978279757,1000,1000,0,0,0,
"benchmark-submission/non-incremental/QF_UFLIA/20230314-Jaroslav-Bendik-Certora/83314_a702bf8b823398c9e37a_4_UFLIA.smt2",,874.581939799331,1000,1000,0,0,0,
"benchmark-submission/non-incremental/QF_UFLIA/20230314-Jaroslav-Bendik-Certora/93493_1fdb6cc8eb9c4363b5838af9eb8c7f1f_53_QF_UFLIA.smt2",,886.816447647308,1000,1000,0,0,0,
"benchmark-submission/non-incremental/QF_UFLIA/20230314-Jaroslav-Bendik-Certora/93493_27ab26d56d60426da02e50231269b6ff_51_QF_UFLIA.smt2",0,24.6210232158212,27.375,28.566,1,0,0,
"benchmark-submission/non-incremental/QF_UFLIA/20230314-Jaroslav-Bendik-Certora/93493_4ea6163ed03941199c785278ccc42812_49_QF_UFLIA.smt2",,898.625429553265,1000,1000,0,0,0,
"benchmark-submission/non-incremental/QF_UFLIA/20230314-Jaroslav-Bendik-Certora/93493_5990a6bf5f2740164f77_50_QF_UFLIA.smt2",,869.85446985447,1000,1000,0,0,0,
"benchmark-submission/non-incremental/QF_UFLIA/20230314-Jaroslav-Bendik-Certora/93493_798593962ee29ad45ac8_52_QF_UFLIA.smt2",,830.818109610802,1000,1000,0,0,0,
"benchmark-submission/non-incremental/QF_UFLIA/20230314-Jaroslav-Bendik-Certora/940_590f27b1c3c800d3243e_29_QF_UFLIA.smt2",,912.739965095986,1000,1000,0,0,0,
"benchmark-submission/non-incremental/QF_UFLIA/20230314-Jaroslav-Bendik-Certora/940_590f27b1c3c800d3243e_30_QF_UFLIA.smt2",,961.83908045977,1000,1000,0,0,0,
"benchmark-submission/non-incremental/QF_UFLIA/20230314-Jaroslav-Bendik-Certora/940_590f27b1c3c800d3243e_31_QF_UFLIA.smt2",,900.947459086994,1000,1000,0,0,0,
"benchmark-submission/non-incremental/QF_UFLIA/20230314-Jaroslav-Bendik-Certora/940_590f27b1c3c800d3243e_32_QF_UFLIA.smt2",,881.584492203961,1000,1000,0,0,0,
"benchmark-submission/non-incremental/QF_UFLIA/20230314-Jaroslav-Bendik-Certora/940_590f27b1c3c800d3243e_33_QF_UFLIA.smt2",,890.591741166454,1000,1000,0,0,0,
"benchmark-submission/non-incremental/QF_UFNIA/20230314-Jaroslav-Bendik-Certora/11775_ad46e5b8db4748c51973_42_QF_UFNIA.smt2",-1073741819,10000,0.75,2.687,0,0,0,
"benchmark-submission/non-incremental/QF_UFNIA/20230314-Jaroslav-Bendik-Certora/11775_ad46e5b8db4748c51973_43_QF_UFNIA.smt2",-1073741819,10000,0.313,2.09,0,0,0,
"benchmark-submission/non-incremental/QF_UFNIA/20230314-Jaroslav-Bendik-Certora/17512_5c1021b0faa6b6e1791b_19_QF_UFNIA.smt2",0,0.936051136363636,0.984,1.133,0,1,0,
"benchmark-submission/non-incremental/QF_UFNIA/20230314-Jaroslav-Bendik-Certora/17512_5c1021b0faa6b6e1791b_20_QF_UFNIA.smt2",0,13.5812223451327,14.672,15.277,0,1,0,
"benchmark-submission/non-incremental/QF_UFNIA/20230314-Jaroslav-Bendik-Certora/17512_5c1021b0faa6b6e1791b_21_QF_UFNIA.smt2",0,5.84919891801914,6.719,7.032,0,1,0,
"benchmark-submission/non-incremental/QF_UFNIA/20230314-Jaroslav-Bendik-Certora/25959_5dee2e2f6ef44465a2bea4b085818948_65_QF_UFNIA.smt2",-1073741819,10000,6.594,8.593,0,0,0,
"benchmark-submission/non-incremental/QF_UFNIA/20230314-Jaroslav-Bendik-Certora/25959_5dee2e2f6ef44465a2bea4b085818948_66_QF_UFNIA.smt2",-1073741819,10000,1.766,3.194,0,0,0,
"benchmark-submission/non-incremental/QF_UFNIA/20230314-Jaroslav-Bendik-Certora/25959_5dee2e2f6ef44465a2bea4b085818948_67_QF_UFNIA.smt2",-1073741819,10000,3.141,5.78,0,0,0,
"benchmark-submission/non-incremental/QF_UFNIA/20230314-Jaroslav-Bendik-Certora/25959_5dee2e2f6ef44465a2bea4b085818948_68_QF_UFNIA.smt2",-1073741819,10000,1.344,3.457,0,0,0,
"benchmark-submission/non-incremental/QF_UFNIA/20230314-Jaroslav-Bendik-Certora/25959_5dee2e2f6ef44465a2bea4b085818948_69_QF_UFNIA.smt2",-1073741819,10000,3.047,5.501,0,0,0,
"benchmark-submission/non-incremental/QF_UFNIA/20230314-Jaroslav-Bendik-Certora/30078_f817a923328f75af7e60_27_QF_UFNIA.smt2",0,30.9989507102884,34.422,35.816,0,1,0,
"benchmark-submission/non-incremental/QF_UFNIA/20230314-Jaroslav-Bendik-Certora/30078_f817a923328f75af7e60_28_QF_UFNIA.smt2",0,44.0401312886143,47.703,49.64,0,1,0,
"benchmark-submission/non-incremental/QF_UFNIA/20230314-Jaroslav-Bendik-Certora/3106_1c933134166dbad31f79_38_QF_UFNIA.smt2",,882.328131590046,1000,1000,0,0,0,
"benchmark-submission/non-incremental/QF_UFNIA/20230314-Jaroslav-Bendik-Certora/3106_1c933134166dbad31f79_39_QF_UFNIA.smt2",-1073741819,10000,86.047,91.611,0,0,0,
"benchmark-submission/non-incremental/QF_UFNIA/20230314-Jaroslav-Bendik-Certora/3106_1c933134166dbad31f79_40_QF_UFNIA.smt2",0,0.310369011653,0.344,0.521,1,0,0,
"benchmark-submission/non-incremental/QF_UFNIA/20230314-Jaroslav-Bendik-Certora/3106_1c933134166dbad31f79_41_QF_UFNIA.smt2",0,7.96233974358974,9.5,9.979,1,0,0,
"benchmark-submission/non-incremental/QF_UFNIA/20230314-Jaroslav-Bendik-Certora/3106_afb7bc55417e43d7a22790c3576f04fc_37_QF_UFNIA.smt2",-1073741819,10000,75.281,80.124,0,0,0,
"benchmark-submission/non-incremental/QF_UFNIA/20230314-Jaroslav-Bendik-Certora/38347_092cc73601c78e45f4f9_55_QF_UFNIA.smt2",0,79.9932696368243,90.547,94.312,0,1,0,
"benchmark-submission/non-incremental/QF_UFNIA/20230314-Jaroslav-Bendik-Certora/38347_092cc73601c78e45f4f9_56_QF_UFNIA.smt2",-1073741819,10000,3.453,6.254,0,0,0,
"benchmark-submission/non-incremental/QF_UFNIA/20230314-Jaroslav-Bendik-Certora/38347_092cc73601c78e45f4f9_57_QF_UFNIA.smt2",,924.436588599205,1000,1000,0,0,0,
"benchmark-submission/non-incremental/QF_UFNIA/20230314-Jaroslav-Bendik-Certora/38347_092cc73601c78e45f4f9_58_QF_UFNIA.smt2",0,1.19570846187748,1.297,1.453,1,0,0,
"benchmark-submission/non-incremental/QF_UFNIA/20230314-Jaroslav-Bendik-Certora/38347_525a1ca0331f2bcbf520_54_QF_UFNIA.smt2",,868.770764119601,1000,1000,0,0,0,
"benchmark-submission/non-incremental/QF_UFNIA/20230314-Jaroslav-Bendik-Certora/39657_1c7158801cd59dc13f05_44_QF_UFNIA.smt2",0,20.1669974825716,24.891,25.93,1,0,0,
"benchmark-submission/non-incremental/QF_UFNIA/20230314-Jaroslav-Bendik-Certora/39657_1c7158801cd59dc13f05_45_QF_UFNIA.smt2",0,16.0766952614379,18.813,19.642,1,0,0,
"benchmark-submission/non-incremental/QF_UFNIA/20230314-Jaroslav-Bendik-Certora/39657_1c7158801cd59dc13f05_46_QF_UFNIA.smt2",0,24.7978828547649,28.484,29.676,1,0,0,
"benchmark-submission/non-incremental/QF_UFNIA/20230314-Jaroslav-Bendik-Certora/39657_2866defdd1f2434b69ab_47_QF_UFNIA.smt2",0,4.39378210616438,4.906,5.11,1,0,0,
"benchmark-submission/non-incremental/QF_UFNIA/20230314-Jaroslav-Bendik-Certora/39657_2866defdd1f2434b69ab_48_QF_UFNIA.smt2",0,6.71332518337408,7.875,8.197,1,0,0,
"benchmark-submission/non-incremental/QF_UFNIA/20230314-Jaroslav-Bendik-Certora/41958_32933c5a1384696720a2_61_QF_UFNIA.smt2",-1073741819,10000,3.156,7.248,0,0,0,
"benchmark-submission/non-incremental/QF_UFNIA/20230314-Jaroslav-Bendik-Certora/41958_32933c5a1384696720a2_62_QF_UFNIA.smt2",-1073741819,10000,0.938,6.509,0,0,0,
"benchmark-submission/non-incremental/QF_UFNIA/20230314-Jaroslav-Bendik-Certora/41958_32933c5a1384696720a2_63_QF_UFNIA.smt2",-1073741819,10000,1.031,3.034,0,0,0,
"benchmark-submission/non-incremental/QF_UFNIA/20230314-Jaroslav-Bendik-Certora/41958_45c688a4814eb926c254_59_QF_UFNIA.smt2",0,1.39466666666667,1.5,1.662,1,0,0,
"benchmark-submission/non-incremental/QF_UFNIA/20230314-Jaroslav-Bendik-Certora/41958_45c688a4814eb926c254_60_QF_UFNIA.smt2",0,0.807786536003409,0.906,1.065,1,0,0,
"benchmark-submission/non-incremental/QF_UFNIA/20230314-Jaroslav-Bendik-Certora/44289_4066055e0f64d96da11a_14_QF_UFNIA.smt2",0,11.1328023053502,12.234,12.821,1,0,0,
"benchmark-submission/non-incremental/QF_UFNIA/20230314-Jaroslav-Bendik-Certora/44289_4066055e0f64d96da11a_15_QF_UFNIA.smt2",,898.239587805925,1000,1000,0,0,0,
"benchmark-submission/non-incremental/QF_UFNIA/20230314-Jaroslav-Bendik-Certora/44289_b077fc096b3d41cba49f8628caff7fa5_16_QF_UFNIA.smt2",-1073741819,10000,10.375,12.471,0,0,0,
"benchmark-submission/non-incremental/QF_UFNIA/20230314-Jaroslav-Bendik-Certora/44289_e5a2e5c780236919ee6a_17_QF_UFNIA.smt2",0,43.6476155358899,42.438,44.117,1,0,0,
"benchmark-submission/non-incremental/QF_UFNIA/20230314-Jaroslav-Bendik-Certora/44289_e5a2e5c780236919ee6a_18_QF_UFNIA.smt2",0,7.8608347750865,8.688,9.084,1,0,0,
"benchmark-submission/non-incremental/QF_UFNIA/20230314-Jaroslav-Bendik-Certora/44788_1965f0d6d94d5d8054ba_34_QF_UFNIA.smt2",-1073741819,10000,0.516,2.983,0,0,0,
"benchmark-submission/non-incremental/QF_UFNIA/20230314-Jaroslav-Bendik-Certora/44788_1965f0d6d94d5d8054ba_35_QF_UFNIA.smt2",-1073741819,10000,1.141,3.56,0,0,0,
"benchmark-submission/non-incremental/QF_UFNIA/20230314-Jaroslav-Bendik-Certora/44788_1965f0d6d94d5d8054ba_36_QF_UFNIA.smt2",-1073741819,10000,0.891,3.43,0,0,0,
"benchmark-submission/non-incremental/QF_UFNIA/20230314-Jaroslav-Bendik-Certora/52759_af0c476fe3b544b9a8507f3e42472c43_12_QF_UFNIA.smt2",0,17.9644391802556,19.484,20.296,1,0,0,
"benchmark-submission/non-incremental/QF_UFNIA/20230314-Jaroslav-Bendik-Certora/52759_af0c476fe3b544b9a8507f3e42472c43_13_QF_UFNIA.smt2",-1073741819,10000,16.25,18.159,0,0,0,
"benchmark-submission/non-incremental/QF_UFNIA/20230314-Jaroslav-Bendik-Certora/52759_bec3a2272267494faeecb6bfaf253e3b_10_QF_UFNIA.smt2",-1073741819,10000,16.25,18.119,0,0,0,
"benchmark-submission/non-incremental/QF_UFNIA/20230314-Jaroslav-Bendik-Certora/52759_bec3a2272267494faeecb6bfaf253e3b_11_QF_UFNIA.smt2",-1073741819,10000,12.344,14.675,0,0,0,
"benchmark-submission/non-incremental/QF_UFNIA/20230314-Jaroslav-Bendik-Certora/63058_55d6bef5390186355f11_26_QF_UFNIA.smt2",0,29.3141059393429,33.266,34.67,1,0,0,
"benchmark-submission/non-incremental/QF_UFNIA/20230314-Jaroslav-Bendik-Certora/63058_64ab9a7ef7b6c3492507_22_QF_UFNIA.smt2",0,29.3372576177285,35.438,36.903,1,0,0,
"benchmark-submission/non-incremental/QF_UFNIA/20230314-Jaroslav-Bendik-Certora/63058_64ab9a7ef7b6c3492507_23_QF_UFNIA.smt2",0,34.1456258120398,37.688,39.208,1,0,0,
"benchmark-submission/non-incremental/QF_UFNIA/20230314-Jaroslav-Bendik-Certora/63058_64ab9a7ef7b6c3492507_24_QF_UFNIA.smt2",0,60.7951196070056,68.031,70.766,1,0,0,
"benchmark-submission/non-incremental/QF_UFNIA/20230314-Jaroslav-Bendik-Certora/63058_aa742630eef64f949de269382c1f9035_25_UFNIA.smt2",0,0.25738188976378,0.281,0.411,0,1,0,
"benchmark-submission/non-incremental/QF_UFNIA/20230314-Jaroslav-Bendik-Certora/65782_cd31513fdcd15701933b_5_QF_UFNIA.smt2",-1073741819,10000,0.625,2.912,0,0,0,
"benchmark-submission/non-incremental/QF_UFNIA/20230314-Jaroslav-Bendik-Certora/65782_cd31513fdcd15701933b_6_QF_UFNIA.smt2",0,0.201330840299164,0.219,0.349,1,0,0,
"benchmark-submission/non-incremental/QF_UFNIA/20230314-Jaroslav-Bendik-Certora/65782_cd31513fdcd15701933b_7_QF_UFNIA.smt2",-1073741819,10000,1.719,4.182,0,0,0,
"benchmark-submission/non-incremental/QF_UFNIA/20230314-Jaroslav-Bendik-Certora/65782_cd31513fdcd15701933b_8_QF_UFNIA.smt2",-1073741819,10000,0.797,3.485,0,0,0,
"benchmark-submission/non-incremental/QF_UFNIA/20230314-Jaroslav-Bendik-Certora/66603_accdadf23a1cf70ae043_72_QF_UFNIA.smt2",0,32.712917962675,40.219,41.815,0,1,0,
"benchmark-submission/non-incremental/QF_UFNIA/20230314-Jaroslav-Bendik-Certora/66603_accdadf23a1cf70ae043_73_QF_UFNIA.smt2",-1073741819,10000,101.766,107.551,0,0,0,
"benchmark-submission/non-incremental/QF_UFNIA/20230314-Jaroslav-Bendik-Certora/66603_accdadf23a1cf70ae043_74_QF_UFNIA.smt2",,891.350660417554,1000,1000,0,0,0,
"benchmark-submission/non-incremental/QF_UFNIA/20230314-Jaroslav-Bendik-Certora/66603_accdadf23a1cf70ae043_75_QF_UFNIA.smt2",,866.970576046415,1000,1000,0,0,0,
"benchmark-submission/non-incremental/QF_UFNIA/20230314-Jaroslav-Bendik-Certora/66603_accdadf23a1cf70ae043_76_QF_UFNIA.smt2",0,365.665914661319,392.234,407.723,0,1,0,
"benchmark-submission/non-incremental/QF_UFNIA/20230314-Jaroslav-Bendik-Certora/72658_63104dadde9c6026353f_70_QF_UFNIA.smt2",-1073741819,10000,0.203,2.153,0,0,0,
"benchmark-submission/non-incremental/QF_UFNIA/20230314-Jaroslav-Bendik-Certora/72658_63104dadde9c6026353f_71_QF_UFNIA.smt2",-1073741819,10000,0.078,1.696,0,0,0,
"benchmark-submission/non-incremental/QF_UFNIA/20230314-Jaroslav-Bendik-Certora/72771_f9d228efc97cf1458e38_64_QF_UFNIA.smt2",0,7.90321993341656,9.078,9.436,1,0,0,
"benchmark-submission/non-incremental/QF_UFNIA/20230314-Jaroslav-Bendik-Certora/83314_a702bf8b823398c9e37a_0_UFNIA.smt2",-1073741819,10000,0.766,2.832,0,0,0,
"benchmark-submission/non-incremental/QF_UFNIA/20230314-Jaroslav-Bendik-Certora/83314_a702bf8b823398c9e37a_1_UFNIA.smt2",-1073741819,10000,2.703,5.237,0,0,0,
"benchmark-submission/non-incremental/QF_UFNIA/20230314-Jaroslav-Bendik-Certora/83314_a702bf8b823398c9e37a_2_UFNIA.smt2",-1073741819,10000,27.781,30.18,0,0,0,
"benchmark-submission/non-incremental/QF_UFNIA/20230314-Jaroslav-Bendik-Certora/83314_a702bf8b823398c9e37a_3_UFNIA.smt2",-1073741819,10000,0.547,2.327,0,0,0,
"benchmark-submission/non-incremental/QF_UFNIA/20230314-Jaroslav-Bendik-Certora/83314_a702bf8b823398c9e37a_4_UFNIA.smt2",-1073741819,10000,31.063,34.181,0,0,0,
"benchmark-submission/non-incremental/QF_UFNIA/20230314-Jaroslav-Bendik-Certora/93493_1fdb6cc8eb9c4363b5838af9eb8c7f1f_53_QF_UFNIA.smt2",0,19.9244848156182,21.953,22.844,1,0,0,
"benchmark-submission/non-incremental/QF_UFNIA/20230314-Jaroslav-Bendik-Certora/93493_27ab26d56d60426da02e50231269b6ff_51_QF_UFNIA.smt2",0,38.5093397046047,42.375,44.082,1,0,0,
"benchmark-submission/non-incremental/QF_UFNIA/20230314-Jaroslav-Bendik-Certora/93493_4ea6163ed03941199c785278ccc42812_49_QF_UFNIA.smt2",-1073741819,10000,78.391,83.611,0,0,0,
"benchmark-submission/non-incremental/QF_UFNIA/20230314-Jaroslav-Bendik-Certora/93493_5990a6bf5f2740164f77_50_QF_UFNIA.smt2",0,396.980903512484,448.406,466.631,1,0,0,
"benchmark-submission/non-incremental/QF_UFNIA/20230314-Jaroslav-Bendik-Certora/93493_798593962ee29ad45ac8_52_QF_UFNIA.smt2",-1073741819,10000,14.313,16.817,0,0,0,
"benchmark-submission/non-incremental/QF_UFNIA/20230314-Jaroslav-Bendik-Certora/940_590f27b1c3c800d3243e_29_QF_UFNIA.smt2",-1073741819,10000,18.359,21.662,0,0,0,
"benchmark-submission/non-incremental/QF_UFNIA/20230314-Jaroslav-Bendik-Certora/940_590f27b1c3c800d3243e_30_QF_UFNIA.smt2",-1073741819,10000,21.281,24.524,0,0,0,
"benchmark-submission/non-incremental/QF_UFNIA/20230314-Jaroslav-Bendik-Certora/940_590f27b1c3c800d3243e_31_QF_UFNIA.smt2",-1073741819,10000,3.422,5.843,0,0,0,
"benchmark-submission/non-incremental/QF_UFNIA/20230314-Jaroslav-Bendik-Certora/940_590f27b1c3c800d3243e_32_QF_UFNIA.smt2",-1073741819,10000,24.297,26.875,0,0,0,
"benchmark-submission/non-incremental/QF_UFNIA/20230314-Jaroslav-Bendik-Certora/940_590f27b1c3c800d3243e_33_QF_UFNIA.smt2",-1073741819,10000,75.797,80.583,0,0,0,
"benchmark-submission/non-incremental/UFDTLIA/20230314-Jaroslav-Bendik-Certora/52759_b3ecd2335fd16ec2eee2_9_UFDTLIA.smt2",0,27.6160012412081,31.906,33.266,1,0,0,
"benchmark-submission/non-incremental/UFDTNIA/20230314-Jaroslav-Bendik-Certora/52759_b3ecd2335fd16ec2eee2_9_UFDTNIA.smt2",0,571.578570690368,660.922,687.337,1,0,0,
"benchmark-submission/non-incremental/UFLIA/20230314-Jaroslav-Bendik-Certora/52759_b3ecd2335fd16ec2eee2_9_UFLIA.smt2",0,16.185072815534,19.125,20.004,1,0,0,
"benchmark-submission/non-incremental/UFNIA/20230314-Jaroslav-Bendik-Certora/52759_b3ecd2335fd16ec2eee2_9_UFNIA.smt2",,883.819180397127,1000,1000,0,0,0,
